timestamp,operating_mode,event_ground_truth,flow_in,flow_out,P_st1,P_st2,P_st3,P_st4,P_st5,P_st6
0.0,Flowing,NORMAL,500.68,499.45,50.04,41.989,34.052,26.122,17.981,9.981
0.1,Flowing,NORMAL,499.81,501.04,50.126,42.061,33.962,26.043,17.963,9.963
0.2,Flowing,NORMAL,500.49,499.7,50.019,41.847,33.862,25.955,17.919,10.025
0.3,Flowing,NORMAL,500.42,500.03,49.927,41.887,34.117,25.982,18.005,9.886
0.4,Flowing,NORMAL,499.39,499.91,49.956,42.009,33.908,26.03,17.952,9.977
0.5,Flowing,NORMAL,499.57,498.93,49.952,42.148,33.999,25.915,18.066,9.902
0.6,Flowing,NORMAL,500.72,499.79,50.017,41.843,33.894,26.016,18.059,10.014
0.7,Flowing,NORMAL,502.17,499.45,49.991,41.976,33.882,25.942,17.963,10.085
0.8,Flowing,NORMAL,501.45,499.17,50.027,41.859,34.026,25.969,17.946,10.049
0.9,Flowing,NORMAL,498.65,498.73,50.082,42.075,33.933,25.975,18.027,10.078
1.0,Flowing,NORMAL,498.65,499.88,49.962,41.985,33.911,25.904,18.065,10.108
1.1,Flowing,NORMAL,499.36,500.74,49.994,42.08,34.029,25.948,18.029,10.123
1.2,Flowing,NORMAL,500.12,501.34,49.997,42.125,33.79,26.066,18.007,9.976
1.3,Flowing,NORMAL,500.06,498.33,50.007,41.841,33.982,26.029,18.118,9.959
1.4,Flowing,NORMAL,501.49,501.93,49.935,41.96,34.073,26.026,17.958,10.041
1.5,Flowing,NORMAL,501.55,500.35,50.008,42.077,33.944,25.974,17.969,9.883
1.6,Flowing,NORMAL,500.01,498.65,50.024,42.021,34.0,25.981,17.887,9.966
1.7,Flowing,NORMAL,499.73,499.52,49.973,41.936,33.987,26.032,18.151,10.014
1.8,Flowing,NORMAL,500.62,497.75,50.021,41.994,33.846,25.998,18.005,10.197
1.9,Flowing,NORMAL,501.28,498.05,49.985,42.024,33.997,25.907,18.091,10.06
2.0,Flowing,NORMAL,500.66,502.07,50.063,41.927,34.112,25.888,18.047,10.175
2.1,Flowing,NORMAL,499.48,499.16,49.921,41.955,34.008,25.96,17.876,10.005
2.2,Flowing,NORMAL,499.27,500.64,49.915,42.038,33.926,26.124,17.937,9.974
2.3,Flowing,NORMAL,498.67,499.87,50.065,41.902,34.018,26.105,17.871,10.015
2.4,Flowing,NORMAL,500.23,500.02,50.021,42.063,33.901,25.894,18.042,10.024
2.5,Flowing,NORMAL,500.75,500.44,50.02,42.028,33.946,26.019,18.023,9.943
2.6,Flowing,NORMAL,500.88,497.5,50.149,42.038,33.905,26.053,17.922,10.063
2.7,Flowing,NORMAL,501.38,501.58,50.093,41.934,34.077,26.033,18.066,10.152
2.8,Flowing,NORMAL,501.78,499.88,49.98,41.94,33.929,25.935,17.994,10.027
2.9,Flowing,NORMAL,498.35,499.39,50.022,42.066,34.001,26.116,17.979,10.218
3.0,Flowing,NORMAL,500.49,500.56,50.05,41.931,33.914,26.039,17.982,10.057
3.1,Flowing,NORMAL,500.53,499.13,50.038,41.994,33.932,25.879,17.964,10.069
3.2,Flowing,NORMAL,499.91,500.25,50.017,41.9,34.014,26.031,17.929,10.012
3.3,Flowing,NORMAL,499.01,499.8,50.005,41.909,34.029,26.045,18.087,10.084
3.4,Flowing,NORMAL,501.73,500.85,49.89,41.925,34.041,26.041,18.041,10.308
3.5,Flowing,NORMAL,499.29,499.74,50.046,42.091,34.076,26.052,17.975,10.061
3.6,Flowing,NORMAL,497.37,498.76,49.938,41.981,33.961,26.007,18.185,9.851
3.7,Flowing,NORMAL,500.02,500.43,50.055,41.871,33.962,26.087,18.005,9.914
3.8,Flowing,NORMAL,499.71,499.68,49.943,42.054,33.942,26.017,18.004,9.948
3.9,Flowing,NORMAL,502.23,497.81,50.172,42.051,33.838,26.015,17.947,10.068
4.0,Flowing,NORMAL,500.59,500.24,49.937,41.991,34.04,26.069,17.904,9.973
4.1,Flowing,NORMAL,499.63,499.36,49.962,41.948,34.141,26.032,17.899,10.073
4.2,Flowing,NORMAL,499.76,500.41,50.17,42.083,33.878,25.961,18.101,9.943
4.3,Flowing,NORMAL,499.75,498.97,50.036,42.062,33.926,25.995,17.741,9.918
4.4,Flowing,NORMAL,502.66,498.55,49.98,41.9,34.131,25.886,17.965,10.01
4.5,Flowing,NORMAL,500.81,501.42,50.115,41.885,34.093,26.001,17.921,10.037
4.6,Flowing,NORMAL,498.31,501.01,50.016,41.952,34.006,25.969,18.009,10.053
4.7,Flowing,NORMAL,499.71,499.99,50.127,41.901,34.171,25.844,17.988,10.047
4.8,Flowing,NORMAL,499.97,500.53,50.022,41.95,33.983,25.961,17.953,10.068
4.9,Flowing,NORMAL,498.67,500.97,50.029,41.945,34.072,26.025,18.065,10.05
5.0,Flowing,NORMAL,497.86,499.99,49.934,41.955,34.06,26.049,17.998,10.009
5.1,Flowing,NORMAL,500.71,498.55,50.102,41.953,34.044,25.984,17.983,10.088
5.2,Flowing,NORMAL,499.03,500.36,50.066,42.065,34.104,26.002,18.055,9.975
5.3,Flowing,NORMAL,501.5,501.2,50.026,41.99,34.008,26.048,17.935,10.167
5.4,Flowing,NORMAL,500.01,500.71,49.92,41.903,34.093,26.063,18.05,10.05
5.5,Flowing,NORMAL,499.43,500.07,49.999,41.928,34.006,25.946,18.078,9.988
5.6,Flowing,NORMAL,497.1,500.68,49.934,41.974,34.033,25.955,17.934,10.019
5.7,Flowing,NORMAL,501.47,499.73,50.02,41.959,33.962,26.019,17.884,9.887
5.8,Flowing,NORMAL,500.35,501.25,49.943,41.983,34.025,26.118,18.069,9.987
5.9,Flowing,NORMAL,499.46,501.62,49.998,41.92,33.999,25.977,18.026,9.934
6.0,Flowing,NORMAL,498.93,498.44,50.042,42.123,33.991,26.032,18.055,9.968
6.1,Flowing,NORMAL,501.92,501.34,50.018,42.001,34.008,25.938,18.002,10.04
6.2,Flowing,NORMAL,498.72,502.68,50.116,42.077,34.172,25.939,18.07,10.015
6.3,Flowing,NORMAL,499.56,500.63,50.175,41.935,33.933,25.952,17.83,9.958
6.4,Flowing,NORMAL,500.68,501.18,49.939,42.012,34.027,26.15,18.076,9.954
6.5,Flowing,NORMAL,501.74,499.22,49.928,42.039,33.894,26.147,18.094,9.962
6.6,Flowing,NORMAL,499.74,499.4,49.863,42.108,33.991,26.099,17.872,9.952
6.7,Flowing,NORMAL,499.12,499.75,50.0,42.004,33.964,26.05,17.915,9.989
6.8,Flowing,NORMAL,499.87,499.52,50.01,42.041,34.057,25.91,17.877,10.102
6.9,Flowing,NORMAL,501.09,498.43,50.027,41.94,34.124,26.009,18.094,10.005
7.0,Flowing,NORMAL,501.36,499.79,50.165,42.14,33.98,26.078,18.052,10.109
7.1,Flowing,NORMAL,498.35,501.0,49.923,42.055,34.085,25.859,17.905,9.837
7.2,Flowing,NORMAL,500.14,498.44,49.978,42.057,34.12,26.006,18.13,9.89
7.3,Flowing,NORMAL,498.28,500.21,49.864,41.996,34.031,25.997,17.835,9.993
7.4,Flowing,NORMAL,501.06,500.18,49.896,42.054,34.029,25.925,17.959,9.915
7.5,Flowing,NORMAL,500.51,499.64,49.995,42.076,33.921,26.04,17.958,9.937
7.6,Flowing,NORMAL,498.89,500.6,49.991,41.917,33.956,25.904,18.157,10.003
7.7,Flowing,NORMAL,501.84,500.48,49.944,42.017,33.991,25.982,18.049,10.061
7.8,Flowing,NORMAL,500.4,499.55,49.958,41.954,33.978,25.816,17.879,10.109
7.9,Flowing,NORMAL,500.27,501.27,50.132,41.98,34.046,26.025,18.246,10.09
8.0,Flowing,NORMAL,499.79,500.67,49.99,41.924,33.871,26.016,17.939,9.886
8.1,Flowing,NORMAL,499.99,501.89,49.948,41.913,34.135,26.071,17.999,10.118
8.2,Flowing,NORMAL,499.54,499.92,50.006,41.931,34.122,26.043,17.917,9.985
8.3,Flowing,NORMAL,499.11,499.61,49.93,41.889,34.074,26.153,17.888,10.045
8.4,Flowing,NORMAL,501.47,499.75,49.948,41.961,33.953,25.931,18.004,9.934
8.5,Flowing,NORMAL,499.41,501.41,50.022,41.996,33.981,25.927,17.954,10.06
8.6,Flowing,NORMAL,499.37,499.82,50.04,41.922,34.008,26.06,17.866,10.043
8.7,Flowing,NORMAL,499.84,499.89,49.947,42.046,33.939,25.856,17.87,10.004
8.8,Flowing,NORMAL,501.71,502.35,50.021,41.928,34.051,25.867,17.995,9.903
8.9,Flowing,NORMAL,501.36,498.39,49.948,42.004,33.931,25.969,18.081,9.954
9.0,Flowing,NORMAL,499.53,500.43,50.067,41.91,34.042,26.115,17.802,9.936
9.1,Flowing,NORMAL,501.47,499.93,50.046,41.984,34.03,25.952,18.007,9.988
9.2,Flowing,NORMAL,500.13,499.7,50.093,42.02,34.027,25.967,17.961,9.965
9.3,Flowing,NORMAL,498.99,498.86,50.032,41.966,34.023,26.166,18.07,9.974
9.4,Flowing,NORMAL,499.43,499.2,50.096,41.967,33.837,25.919,17.85,9.972
9.5,Flowing,NORMAL,501.65,499.51,50.001,42.134,34.026,25.982,18.066,9.823
9.6,Flowing,NORMAL,502.5,500.59,50.019,42.062,33.882,26.092,18.027,9.967
9.7,Flowing,NORMAL,500.38,501.02,50.051,42.182,34.015,26.02,17.963,9.932
9.8,Flowing,NORMAL,499.32,497.87,50.066,41.932,34.006,25.962,18.038,10.027
9.9,Flowing,NORMAL,499.85,498.56,50.083,41.959,33.978,25.922,17.964,10.03
10.0,Flowing,NORMAL,499.09,500.66,50.061,41.926,34.07,26.108,18.033,10.15
10.1,Flowing,NORMAL,499.26,500.76,49.938,41.9,33.858,26.12,18.052,9.996
10.2,Flowing,NORMAL,499.14,498.24,50.022,41.91,34.196,26.01,18.009,10.058
10.3,Flowing,NORMAL,499.9,501.05,50.038,42.018,33.937,26.038,18.151,10.108
10.4,Flowing,NORMAL,500.14,499.98,50.127,41.959,33.921,25.99,18.004,10.088
10.5,Flowing,NORMAL,499.82,500.9,49.865,42.122,33.987,25.966,17.919,9.868
10.6,Flowing,NORMAL,499.73,498.98,50.066,42.006,33.897,25.896,17.973,10.134
10.7,Flowing,NORMAL,500.91,498.33,49.979,41.88,33.98,25.978,17.784,9.996
10.8,Flowing,NORMAL,499.72,499.63,49.982,42.056,34.148,26.09,17.978,9.911
10.9,Flowing,NORMAL,499.8,499.68,50.206,42.005,34.001,25.998,18.016,9.988
11.0,Flowing,NORMAL,499.79,499.62,49.954,41.956,33.997,25.957,17.943,10.009
11.1,Flowing,NORMAL,501.85,499.53,49.98,42.12,33.788,26.087,18.1,9.834
11.2,Flowing,NORMAL,499.41,502.03,49.973,41.97,33.887,25.938,17.911,10.14
11.3,Flowing,NORMAL,500.72,497.96,50.075,42.102,34.058,25.91,17.958,10.039
11.4,Flowing,NORMAL,499.1,498.99,49.902,42.057,33.981,25.97,18.057,10.036
11.5,Flowing,NORMAL,500.42,499.5,49.971,42.093,33.914,26.049,18.047,9.975
11.6,Flowing,NORMAL,500.66,500.03,50.026,41.9,34.074,25.985,17.958,10.084
11.7,Flowing,NORMAL,501.3,500.85,49.944,41.887,33.875,26.048,17.898,10.14
11.8,Flowing,NORMAL,499.54,501.04,49.833,42.136,34.017,25.992,17.956,10.032
11.9,Flowing,NORMAL,498.66,501.29,49.997,42.088,34.009,26.012,17.971,9.995
12.0,Flowing,NORMAL,499.06,500.58,50.025,41.863,33.892,26.059,18.014,9.985
12.1,Flowing,NORMAL,501.16,497.92,50.001,42.028,33.957,25.938,18.016,9.922
12.2,Flowing,NORMAL,502.5,498.0,50.033,41.864,34.082,26.038,18.02,10.079
12.3,Flowing,NORMAL,501.0,501.38,50.133,42.081,33.853,25.898,17.95,10.002
12.4,Flowing,NORMAL,498.49,501.3,50.041,41.942,34.015,25.94,17.951,9.887
12.5,Flowing,NORMAL,500.96,500.76,49.926,41.892,33.922,26.084,17.924,10.211
12.6,Flowing,NORMAL,498.87,499.02,50.039,42.015,33.931,26.056,17.954,10.01
12.7,Flowing,NORMAL,499.58,499.61,50.205,41.992,34.092,25.944,17.997,10.142
12.8,Flowing,NORMAL,500.22,499.52,49.95,42.145,34.057,25.955,18.051,10.078
12.9,Flowing,NORMAL,500.43,498.77,50.05,41.874,33.942,25.98,17.994,10.05
13.0,Flowing,NORMAL,500.08,500.31,50.014,41.893,34.03,26.049,18.045,10.086
13.1,Flowing,NORMAL,499.28,502.59,50.067,42.037,33.994,25.867,18.034,10.017
13.2,Flowing,NORMAL,501.27,499.41,50.022,41.898,33.914,26.084,17.997,10.055
13.3,Flowing,NORMAL,499.37,501.56,50.002,42.002,34.075,25.959,18.008,9.963
13.4,Flowing,NORMAL,501.51,498.94,49.965,41.975,34.018,25.962,18.1,9.928
13.5,Flowing,NORMAL,498.37,498.16,49.985,41.965,34.116,26.016,18.083,9.881
13.6,Flowing,NORMAL,500.26,501.18,50.021,42.071,34.007,26.085,17.959,10.113
13.7,Flowing,NORMAL,498.53,499.74,50.184,41.971,33.964,26.116,18.126,9.958
13.8,Flowing,NORMAL,499.0,501.53,49.966,41.977,33.892,25.927,17.92,9.939
13.9,Flowing,NORMAL,499.38,501.77,49.997,42.019,34.124,25.92,18.079,9.983
14.0,Flowing,NORMAL,501.82,499.67,49.996,42.054,33.91,26.031,18.013,10.039
14.1,Flowing,NORMAL,501.57,501.61,50.023,42.196,33.949,25.958,17.95,9.956
14.2,Flowing,NORMAL,501.05,498.95,49.949,42.095,34.114,25.954,17.933,10.038
14.3,Flowing,NORMAL,500.04,498.93,49.956,42.051,34.016,25.879,18.124,10.144
14.4,Flowing,NORMAL,500.23,501.29,49.951,41.969,34.023,26.027,18.053,10.161
14.5,Flowing,NORMAL,501.52,498.14,49.986,41.936,33.89,25.942,17.997,10.144
14.6,Flowing,NORMAL,500.84,500.0,49.959,42.018,33.999,26.095,18.202,9.958
14.7,Flowing,NORMAL,500.02,501.5,49.961,42.084,34.055,26.148,18.047,9.971
14.8,Flowing,NORMAL,501.78,501.58,50.047,42.089,34.066,26.041,18.085,10.094
14.9,Flowing,NORMAL,500.98,499.48,50.111,42.052,33.987,26.012,18.097,9.935
15.0,Flowing,NORMAL,500.29,501.21,50.029,41.969,34.002,26.102,18.015,10.004
15.1,Flowing,NORMAL,499.45,498.65,49.891,42.06,34.052,26.173,17.975,10.018
15.2,Flowing,NORMAL,499.34,499.2,50.02,42.126,33.992,26.022,18.049,10.015
15.3,Flowing,NORMAL,499.6,500.28,49.964,42.016,34.086,25.918,18.011,9.944
15.4,Flowing,NORMAL,500.55,500.45,50.096,41.878,33.955,26.03,18.125,9.995
15.5,Flowing,NORMAL,501.0,498.74,49.956,42.15,33.884,25.824,18.035,9.96
15.6,Flowing,NORMAL,498.27,502.23,49.918,42.057,34.02,25.955,17.898,10.07
15.7,Flowing,NORMAL,497.66,497.75,50.052,41.992,34.148,25.914,17.878,9.945
15.8,Flowing,NORMAL,498.86,500.07,49.996,42.019,33.981,26.028,17.9,10.116
15.9,Flowing,NORMAL,499.51,500.24,49.993,42.089,34.027,26.037,18.046,10.036
16.0,Flowing,NORMAL,501.44,497.9,50.051,42.106,34.016,26.057,17.993,10.115
16.1,Flowing,NORMAL,499.66,501.59,49.946,42.144,33.997,25.886,18.01,9.946
16.2,Flowing,NORMAL,500.31,499.11,50.067,41.948,33.964,25.849,17.964,9.806
16.3,Flowing,NORMAL,500.5,500.12,49.873,42.061,34.063,26.034,17.923,9.996
16.4,Flowing,NORMAL,498.77,500.39,50.0,41.907,34.12,26.07,17.982,10.002
16.5,Flowing,NORMAL,501.75,498.25,50.017,41.837,33.98,25.945,17.92,9.978
16.6,Flowing,NORMAL,499.2,498.71,50.144,42.051,33.954,26.046,18.112,10.074
16.7,Flowing,NORMAL,501.87,501.88,50.005,41.948,34.056,26.031,18.072,10.051
16.8,Flowing,NORMAL,499.85,499.92,50.084,41.957,34.105,26.016,18.166,9.945
16.9,Flowing,NORMAL,499.59,496.76,50.139,42.016,33.948,25.961,17.974,10.034
17.0,Flowing,NORMAL,498.67,499.64,50.042,41.954,33.998,26.171,18.138,10.035
17.1,Flowing,NORMAL,500.24,499.96,50.003,42.01,34.049,25.918,17.979,9.867
17.2,Flowing,NORMAL,502.71,500.26,50.032,42.052,33.961,26.126,17.902,9.883
17.3,Flowing,NORMAL,500.5,497.6,50.018,42.084,34.135,25.963,18.086,9.997
17.4,Flowing,NORMAL,500.32,499.96,49.986,42.071,34.052,25.874,18.118,10.11
17.5,Flowing,NORMAL,499.2,499.0,49.95,42.032,34.04,26.021,17.956,9.946
17.6,Flowing,NORMAL,500.71,500.27,49.998,42.094,34.043,25.97,18.062,9.772
17.7,Flowing,NORMAL,500.19,500.61,50.092,41.861,33.971,25.91,17.896,10.093
17.8,Flowing,NORMAL,499.92,500.48,49.963,42.028,33.996,26.038,18.006,9.897
17.9,Flowing,NORMAL,500.59,501.68,50.08,41.96,33.875,25.966,18.12,10.068
18.0,Flowing,NORMAL,497.82,502.63,49.972,41.972,33.974,26.166,18.031,10.034
18.1,Flowing,NORMAL,499.88,498.64,50.082,42.019,33.979,25.984,17.994,9.997
18.2,Flowing,NORMAL,498.56,499.54,50.058,42.004,34.059,25.994,18.006,9.84
18.3,Flowing,NORMAL,500.03,500.89,50.073,42.028,34.08,25.768,18.167,9.989
18.4,Flowing,NORMAL,499.13,499.85,50.089,41.917,34.049,25.916,17.95,10.153
18.5,Flowing,NORMAL,499.21,496.73,49.985,42.017,34.07,26.04,18.012,10.029
18.6,Flowing,NORMAL,498.4,499.77,50.192,41.995,34.016,26.084,18.088,10.095
18.7,Flowing,NORMAL,501.34,501.48,50.051,41.909,34.131,25.908,18.024,9.94
18.8,Flowing,NORMAL,499.19,498.33,49.995,42.026,34.026,26.034,18.129,10.036
18.9,Flowing,NORMAL,499.25,500.26,49.98,42.077,34.095,25.902,18.048,10.056
19.0,Flowing,NORMAL,501.84,497.71,49.976,42.11,33.988,26.01,17.986,10.001
19.1,Flowing,NORMAL,500.68,501.04,49.912,41.885,34.128,25.932,17.921,9.828
19.2,Flowing,NORMAL,497.56,500.29,49.949,41.894,34.131,26.081,17.945,10.18
19.3,Flowing,NORMAL,501.66,499.32,50.079,41.974,33.8,26.183,17.889,9.868
19.4,Flowing,NORMAL,501.98,499.5,50.082,42.195,34.111,26.045,18.048,10.068
19.5,Flowing,NORMAL,501.87,498.2,50.061,42.022,34.008,25.995,17.94,9.978
19.6,Flowing,NORMAL,500.8,501.21,49.865,41.992,33.921,25.912,18.014,10.111
19.7,Flowing,NORMAL,498.68,499.04,50.073,41.874,33.921,26.075,17.921,9.982
19.8,Flowing,NORMAL,499.94,500.6,50.044,41.923,34.008,25.893,17.952,10.026
19.9,Flowing,NORMAL,498.26,498.85,49.873,42.035,33.998,26.044,18.018,10.109
20.0,Flowing,NORMAL,498.96,502.64,50.01,41.966,34.01,26.043,18.004,10.003
20.1,Flowing,NORMAL,498.67,501.87,49.944,41.947,33.888,26.14,17.9,9.945
20.2,Flowing,NORMAL,499.25,502.49,49.943,42.072,33.976,26.1,17.946,10.022
20.3,Flowing,NORMAL,500.2,502.63,49.933,42.172,33.905,26.025,18.051,10.033
20.4,Flowing,NORMAL,499.47,499.24,49.985,41.99,34.004,25.988,18.077,10.177
20.5,Flowing,NORMAL,499.41,498.94,49.955,41.89,33.993,26.206,17.936,10.131
20.6,Flowing,NORMAL,499.65,502.43,50.134,41.956,34.046,26.13,17.97,9.984
20.7,Flowing,NORMAL,501.8,499.83,49.953,41.919,33.948,25.902,18.003,9.938
20.8,Flowing,NORMAL,502.6,501.0,50.019,41.876,34.026,26.067,17.841,10.03
20.9,Flowing,NORMAL,499.46,499.26,50.098,41.903,34.134,26.034,17.944,9.996
21.0,Flowing,NORMAL,500.4,499.27,50.045,42.006,34.043,25.926,18.014,9.887
21.1,Flowing,NORMAL,498.99,501.0,49.991,41.928,33.941,26.099,18.087,10.049
21.2,Flowing,NORMAL,500.92,497.64,49.913,41.975,34.097,26.011,18.186,10.031
21.3,Flowing,NORMAL,499.43,500.94,50.015,41.975,34.011,25.988,18.057,10.077
21.4,Flowing,NORMAL,499.15,500.63,49.937,41.894,33.853,26.041,17.912,9.828
21.5,Flowing,NORMAL,502.4,499.36,50.031,42.199,34.0,26.067,18.007,9.992
21.6,Flowing,NORMAL,498.37,500.03,50.074,41.977,34.021,26.026,17.947,10.079
21.7,Flowing,NORMAL,497.06,500.22,49.986,41.94,34.043,25.928,18.002,9.999
21.8,Flowing,NORMAL,500.88,500.28,50.087,42.038,33.998,26.065,18.111,10.045
21.9,Flowing,NORMAL,499.56,500.83,50.001,41.895,33.915,25.976,17.951,9.985
22.0,Flowing,NORMAL,499.22,499.02,50.005,42.042,33.994,26.039,18.005,9.842
22.1,Flowing,NORMAL,503.28,503.24,49.925,41.988,33.903,26.048,18.122,10.098
22.2,Flowing,NORMAL,500.88,499.75,49.983,42.119,34.012,25.973,17.951,9.976
22.3,Flowing,NORMAL,499.93,499.84,49.969,42.014,34.013,26.0,18.035,10.095
22.4,Flowing,NORMAL,499.15,502.33,50.076,41.881,33.796,26.075,17.891,9.982
22.5,Flowing,NORMAL,500.53,497.81,49.906,41.856,34.043,26.061,17.954,9.793
22.6,Flowing,NORMAL,497.92,502.32,49.956,42.031,33.882,26.015,17.999,10.046
22.7,Flowing,NORMAL,499.38,500.11,50.01,41.922,34.096,25.987,17.998,9.925
22.8,Flowing,NORMAL,499.96,499.36,49.965,41.929,33.986,26.137,17.89,9.871
22.9,Flowing,NORMAL,500.26,498.66,50.118,41.983,33.946,26.083,17.952,10.146
23.0,Flowing,NORMAL,499.83,498.48,50.054,41.961,34.173,25.952,18.059,10.024
23.1,Flowing,NORMAL,499.17,499.59,50.104,42.125,34.003,25.94,18.037,9.946
23.2,Flowing,NORMAL,501.1,500.33,50.161,42.011,33.971,26.015,17.892,9.922
23.3,Flowing,NORMAL,498.02,500.75,50.096,41.947,33.916,26.043,18.095,10.058
23.4,Flowing,NORMAL,499.67,500.32,50.08,41.939,33.886,26.12,17.974,9.98
23.5,Flowing,NORMAL,499.38,499.39,50.106,42.044,34.036,26.173,17.949,10.074
23.6,Flowing,NORMAL,501.21,501.61,50.005,42.021,34.122,26.041,18.043,10.086
23.7,Flowing,NORMAL,499.45,503.21,49.971,41.933,33.916,25.843,18.164,9.912
23.8,Flowing,NORMAL,500.53,501.79,49.982,41.978,34.025,26.065,18.069,9.953
23.9,Flowing,NORMAL,500.4,499.57,49.987,42.023,33.98,26.129,18.039,10.059
24.0,Flowing,NORMAL,497.8,500.6,50.053,42.094,34.014,25.896,18.032,9.948
24.1,Flowing,NORMAL,499.92,500.68,49.958,42.047,34.099,26.002,18.025,10.136
24.2,Flowing,NORMAL,497.91,501.92,50.019,42.208,34.045,25.859,18.06,10.03
24.3,Flowing,NORMAL,500.42,499.59,50.103,42.054,33.989,25.902,17.983,9.932
24.4,Flowing,NORMAL,499.12,498.84,49.954,42.047,34.134,26.032,17.904,10.036
24.5,Flowing,NORMAL,501.42,501.36,50.096,41.951,33.989,26.001,17.937,10.052
24.6,Flowing,NORMAL,499.78,500.49,49.99,42.034,33.929,25.965,18.058,9.97
24.7,Flowing,NORMAL,499.08,498.67,50.138,41.968,34.018,26.075,17.887,9.859
24.8,Flowing,NORMAL,501.44,500.85,49.878,42.101,33.956,26.205,17.955,10.015
24.9,Flowing,NORMAL,498.95,502.21,50.123,42.16,34.165,26.097,18.082,10.047
25.0,Flowing,NORMAL,501.07,499.17,50.062,41.956,33.935,26.0,17.986,9.964
25.1,Flowing,NORMAL,500.56,498.93,50.056,42.076,34.007,26.118,17.909,9.985
25.2,Flowing,NORMAL,499.56,500.04,49.943,41.851,33.993,25.99,18.121,10.05
25.3,Flowing,NORMAL,498.4,500.82,49.918,42.148,34.098,26.047,17.982,9.923
25.4,Flowing,NORMAL,501.49,499.91,49.97,42.087,34.151,26.123,17.961,9.91
25.5,Flowing,NORMAL,500.6,501.36,50.011,41.859,34.026,25.988,17.963,9.872
25.6,Flowing,NORMAL,499.07,500.31,50.041,41.957,33.906,25.77,17.998,10.142
25.7,Flowing,NORMAL,500.29,501.21,50.133,41.963,33.952,26.038,17.92,10.024
25.8,Flowing,NORMAL,501.21,499.14,50.061,42.098,33.992,25.984,17.93,9.934
25.9,Flowing,NORMAL,500.13,498.53,49.982,42.029,34.073,25.936,18.119,9.978
26.0,Flowing,NORMAL,500.29,499.59,49.998,41.94,33.806,26.071,18.059,9.977
26.1,Flowing,NORMAL,501.24,498.38,50.005,42.041,33.875,25.958,18.064,9.9
26.2,Flowing,NORMAL,501.84,500.49,50.023,41.891,34.037,25.997,17.871,10.093
26.3,Flowing,NORMAL,499.86,497.58,49.941,41.935,34.016,26.092,17.919,10.005
26.4,Flowing,NORMAL,498.4,499.46,50.034,42.055,34.014,25.971,17.934,10.007
26.5,Flowing,NORMAL,498.44,499.66,49.914,41.766,34.035,26.072,17.811,9.919
26.6,Flowing,NORMAL,499.17,498.74,50.05,42.165,34.002,25.942,17.985,10.11
26.7,Flowing,NORMAL,498.88,499.63,49.948,41.936,33.961,25.924,18.01,10.13
26.8,Flowing,NORMAL,497.98,500.01,50.026,41.98,33.977,25.875,18.071,9.994
26.9,Flowing,NORMAL,502.22,501.52,49.986,42.255,34.024,25.94,17.966,10.092
27.0,Flowing,NORMAL,500.63,498.75,50.009,41.885,34.074,25.947,18.15,10.086
27.1,Flowing,NORMAL,499.37,500.43,49.964,42.102,34.005,26.068,18.039,9.932
27.2,Flowing,NORMAL,499.96,500.67,49.949,42.082,33.973,25.968,17.924,10.034
27.3,Flowing,NORMAL,497.86,499.97,50.165,41.915,34.002,26.113,17.994,10.036
27.4,Flowing,NORMAL,501.39,499.4,49.915,42.034,33.985,26.079,18.095,10.207
27.5,Flowing,NORMAL,497.66,498.63,50.046,42.026,34.016,25.972,18.027,9.976
27.6,Flowing,NORMAL,500.61,502.28,50.013,42.105,33.919,26.091,18.105,9.991
27.7,Flowing,NORMAL,497.79,500.09,49.83,41.951,34.104,25.998,17.92,9.96
27.8,Flowing,NORMAL,499.5,499.62,50.067,42.044,33.981,25.971,17.969,9.926
27.9,Flowing,NORMAL,501.49,502.55,50.129,41.974,34.097,26.122,18.08,9.965
28.0,Flowing,NORMAL,498.04,500.27,50.032,41.998,33.928,26.026,17.906,10.095
28.1,Flowing,NORMAL,499.82,503.05,49.963,42.016,34.023,25.979,18.047,9.962
28.2,Flowing,NORMAL,500.75,498.3,50.07,41.892,34.01,26.155,17.92,9.946
28.3,Flowing,NORMAL,500.56,499.72,50.041,42.014,34.028,26.039,18.051,10.089
28.4,Flowing,NORMAL,500.08,498.36,50.033,41.981,34.054,26.152,17.989,9.922
28.5,Flowing,NORMAL,500.59,499.85,50.089,41.99,33.826,26.068,17.957,9.993
28.6,Flowing,NORMAL,499.27,499.85,50.027,42.015,34.057,25.965,18.041,9.979
28.7,Flowing,NORMAL,502.32,499.45,50.059,42.049,33.925,26.087,17.957,10.065
28.8,Flowing,NORMAL,498.07,500.06,50.029,42.147,33.982,25.972,17.998,9.976
28.9,Flowing,NORMAL,501.39,499.51,50.064,41.871,33.916,25.915,18.076,10.137
29.0,Flowing,NORMAL,500.23,499.87,49.992,41.986,34.006,26.093,17.926,10.019
29.1,Flowing,NORMAL,500.74,499.09,50.078,42.04,34.015,26.08,17.784,10.054
29.2,Flowing,NORMAL,500.95,501.73,49.948,41.854,34.041,26.11,17.989,10.076
29.3,Flowing,NORMAL,500.67,498.67,50.129,42.105,34.131,26.059,18.006,9.872
29.4,Flowing,NORMAL,499.03,500.25,49.98,41.933,34.174,25.986,18.01,10.044
29.5,Flowing,NORMAL,499.66,498.57,50.003,42.136,33.95,26.016,17.941,9.894
29.6,Flowing,NORMAL,498.26,499.0,49.951,41.997,33.966,25.945,17.887,9.993
29.7,Flowing,NORMAL,499.64,499.13,49.88,42.061,34.007,25.883,17.975,9.94
29.8,Flowing,NORMAL,500.39,499.84,50.026,42.107,33.85,26.009,17.987,10.054
29.9,Flowing,NORMAL,500.73,500.21,50.017,41.94,33.974,25.936,18.086,10.002
30.0,Flowing,NORMAL,500.47,498.67,50.152,41.995,33.943,25.879,17.856,9.873
30.1,Flowing,NORMAL,497.89,499.5,50.021,42.041,33.874,26.072,17.961,10.012
30.2,Flowing,NORMAL,499.33,498.81,50.129,42.072,33.979,25.929,17.828,9.942
30.3,Flowing,NORMAL,499.21,498.76,49.983,41.921,33.989,26.006,17.982,9.948
30.4,Flowing,NORMAL,498.43,501.36,50.013,42.035,33.913,26.113,17.992,10.002
30.5,Flowing,NORMAL,499.0,498.33,50.057,42.019,34.076,26.023,17.951,10.029
30.6,Flowing,NORMAL,500.0,500.09,49.909,42.009,33.997,25.983,17.99,9.849
30.7,Flowing,NORMAL,501.7,502.04,49.956,42.007,34.013,25.918,18.101,9.931
30.8,Flowing,NORMAL,498.86,501.45,50.078,42.034,33.948,26.142,17.905,10.074
30.9,Flowing,NORMAL,498.65,500.51,50.08,41.946,34.111,25.98,18.023,10.021
31.0,Flowing,NORMAL,499.28,499.98,49.989,42.065,34.063,25.86,18.104,9.867
31.1,Flowing,NORMAL,500.4,500.88,50.083,42.09,33.913,25.967,17.912,9.983
31.2,Flowing,NORMAL,501.47,500.44,49.975,42.062,34.105,26.112,17.955,9.983
31.3,Flowing,NORMAL,499.9,501.71,49.865,41.936,34.077,26.129,17.901,9.953
31.4,Flowing,NORMAL,498.26,499.84,49.998,42.022,33.935,26.034,17.962,9.999
31.5,Flowing,NORMAL,498.52,501.2,50.044,42.001,33.965,25.991,17.993,9.97
31.6,Flowing,NORMAL,500.23,499.61,49.979,42.128,34.045,25.976,18.056,9.973
31.7,Flowing,NORMAL,501.19,502.27,50.094,42.03,33.991,26.036,17.874,9.91
31.8,Flowing,NORMAL,502.18,499.81,49.904,42.011,34.139,26.179,18.051,10.04
31.9,Flowing,NORMAL,498.58,498.06,49.856,41.957,33.937,25.95,17.987,9.962
32.0,Flowing,NORMAL,500.17,500.09,49.842,42.06,33.914,26.019,18.166,9.926
32.1,Flowing,NORMAL,498.76,500.92,49.798,41.977,34.088,26.157,17.902,10.04
32.2,Flowing,NORMAL,498.92,501.95,49.963,41.992,34.212,25.88,18.02,10.037
32.3,Flowing,NORMAL,498.82,498.8,50.087,42.008,34.025,25.969,18.022,9.973
32.4,Flowing,NORMAL,499.6,497.91,50.05,41.97,34.03,25.998,18.09,9.996
32.5,Flowing,NORMAL,498.94,500.6,49.858,42.101,33.928,25.948,17.952,10.11
32.6,Flowing,NORMAL,502.97,500.56,49.829,42.251,34.084,26.018,17.996,10.023
32.7,Flowing,NORMAL,499.45,498.31,50.042,42.052,34.044,26.007,17.984,9.988
32.8,Flowing,NORMAL,501.19,499.6,49.984,42.091,34.047,25.765,18.052,10.016
32.9,Flowing,NORMAL,499.21,499.66,49.999,41.969,34.09,26.076,17.938,10.033
33.0,Flowing,NORMAL,502.68,500.99,49.922,41.89,33.95,26.069,18.076,10.041
33.1,Flowing,NORMAL,500.41,499.5,50.058,42.041,33.949,26.035,18.064,10.06
33.2,Flowing,NORMAL,501.0,499.48,50.095,42.057,34.028,26.086,17.998,9.929
33.3,Flowing,NORMAL,499.29,500.14,49.987,41.94,33.946,25.988,17.937,9.975
33.4,Flowing,NORMAL,501.17,498.35,49.849,42.017,34.0,25.935,18.053,10.075
33.5,Flowing,NORMAL,500.4,502.28,49.871,41.939,33.938,25.925,18.066,9.984
33.6,Flowing,NORMAL,499.55,501.12,49.979,41.84,34.051,25.901,18.005,10.022
33.7,Flowing,NORMAL,498.7,499.16,50.109,41.895,33.758,26.015,18.144,10.099
33.8,Flowing,NORMAL,499.71,498.66,50.017,41.961,34.065,25.922,18.038,10.04
33.9,Flowing,NORMAL,499.61,498.75,50.085,42.221,34.031,25.959,17.998,9.858
34.0,Flowing,NORMAL,501.04,500.7,49.944,41.967,33.958,26.012,17.934,10.09
34.1,Flowing,NORMAL,499.72,498.79,50.0,41.999,33.974,26.012,18.066,9.931
34.2,Flowing,NORMAL,497.69,499.7,49.947,41.976,33.892,25.934,17.962,10.07
34.3,Flowing,NORMAL,500.78,497.97,50.021,42.015,34.068,25.989,18.031,9.992
34.4,Flowing,NORMAL,501.55,500.65,50.021,41.953,33.805,25.989,18.114,10.074
34.5,Flowing,NORMAL,498.0,500.69,50.077,42.099,34.007,26.016,17.951,9.975
34.6,Flowing,NORMAL,502.17,499.78,50.049,42.096,33.989,25.964,18.0,10.048
34.7,Flowing,NORMAL,501.68,500.23,49.884,41.816,33.956,25.902,17.959,9.988
34.8,Flowing,NORMAL,499.24,500.95,49.964,42.116,34.026,26.024,18.05,9.909
34.9,Flowing,NORMAL,498.66,500.2,50.083,41.994,34.054,25.914,17.876,10.065
35.0,Flowing,NORMAL,501.26,500.94,50.03,41.928,33.93,26.09,17.905,10.131
35.1,Flowing,NORMAL,498.36,498.6,49.928,42.051,33.974,26.048,17.956,9.987
35.2,Flowing,NORMAL,499.2,500.45,50.003,41.92,34.059,25.959,17.982,9.92
35.3,Flowing,NORMAL,498.42,500.23,49.795,41.985,34.193,26.063,17.998,9.979
35.4,Flowing,NORMAL,500.01,501.44,50.002,42.044,33.906,26.089,18.057,10.057
35.5,Flowing,NORMAL,501.76,500.04,50.035,42.002,34.054,26.047,17.972,9.954
35.6,Flowing,NORMAL,500.45,499.88,50.008,42.124,33.901,25.883,18.013,10.004
35.7,Flowing,NORMAL,501.22,499.33,50.014,42.02,33.982,26.119,17.872,9.934
35.8,Flowing,NORMAL,499.58,501.79,49.992,41.869,33.986,26.133,18.002,10.018
35.9,Flowing,NORMAL,500.12,497.17,49.899,41.951,33.97,25.975,18.103,10.045
36.0,Flowing,NORMAL,498.53,500.61,49.911,42.02,34.04,26.091,18.126,9.919
36.1,Flowing,NORMAL,499.88,499.98,49.935,41.899,33.981,26.037,18.079,9.994
36.2,Flowing,NORMAL,499.1,499.78,49.974,42.012,33.933,26.167,17.871,10.015
36.3,Flowing,NORMAL,499.81,499.6,50.162,42.001,33.985,25.971,17.986,10.11
36.4,Flowing,NORMAL,499.73,499.93,49.823,42.123,33.886,25.979,17.966,10.047
36.5,Flowing,NORMAL,499.62,500.57,49.872,42.037,34.162,25.891,18.015,9.947
36.6,Flowing,NORMAL,502.53,499.05,50.034,42.002,33.949,26.039,18.144,9.985
36.7,Flowing,NORMAL,502.12,500.16,50.058,41.897,33.923,26.038,18.119,10.028
36.8,Flowing,NORMAL,501.7,500.42,49.975,42.0,33.9,26.048,18.071,9.964
36.9,Flowing,NORMAL,502.15,498.86,49.962,42.021,33.965,25.995,18.168,9.98
37.0,Flowing,NORMAL,501.7,500.6,49.971,41.948,34.06,25.986,17.948,10.106
37.1,Flowing,NORMAL,499.97,500.43,50.114,41.952,33.851,26.081,17.945,10.063
37.2,Flowing,NORMAL,499.85,499.04,49.842,42.071,33.903,26.058,18.001,9.924
37.3,Flowing,NORMAL,500.28,498.57,49.967,42.055,34.008,26.047,18.158,9.875
37.4,Flowing,NORMAL,499.75,499.03,50.129,42.008,33.928,25.894,17.985,10.074
37.5,Flowing,NORMAL,498.75,500.16,49.99,42.121,33.884,25.999,17.9,10.029
37.6,Flowing,NORMAL,500.36,499.91,50.071,41.966,33.792,26.016,18.035,10.032
37.7,Flowing,NORMAL,498.12,501.67,50.099,41.914,34.054,26.095,17.858,10.026
37.8,Flowing,NORMAL,500.17,499.56,49.96,41.993,34.028,25.961,17.946,10.003
37.9,Flowing,NORMAL,498.81,498.93,49.913,41.913,34.054,25.908,18.053,10.037
38.0,Flowing,NORMAL,499.9,500.79,49.862,41.946,34.096,25.922,17.963,10.037
38.1,Flowing,NORMAL,500.23,498.82,50.063,41.98,33.952,26.114,18.139,10.078
38.2,Flowing,NORMAL,499.58,499.05,50.007,41.935,33.934,26.042,18.033,10.112
38.3,Flowing,NORMAL,498.03,499.07,50.052,41.88,34.084,25.92,17.969,10.02
38.4,Flowing,NORMAL,498.57,496.4,50.16,42.249,34.049,25.985,18.043,10.071
38.5,Flowing,NORMAL,500.55,500.68,49.974,42.144,34.018,26.04,18.053,10.034
38.6,Flowing,NORMAL,499.33,501.13,50.067,41.951,33.955,25.912,18.035,10.062
38.7,Flowing,NORMAL,500.67,501.1,50.037,42.134,34.0,26.053,17.913,9.969
38.8,Flowing,NORMAL,500.01,502.26,50.056,42.068,33.976,25.994,17.879,9.971
38.9,Flowing,NORMAL,499.76,501.81,50.071,42.046,34.04,26.004,18.001,9.947
39.0,Flowing,NORMAL,500.42,499.6,50.056,42.034,34.039,25.958,17.828,10.088
39.1,Flowing,NORMAL,499.19,501.33,49.962,41.931,34.055,25.969,18.085,10.049
39.2,Flowing,NORMAL,500.48,499.88,50.055,41.891,34.097,26.021,17.97,10.011
39.3,Flowing,NORMAL,499.5,499.49,49.858,42.033,33.918,25.892,17.878,10.089
39.4,Flowing,NORMAL,503.04,499.09,49.95,42.123,33.957,25.863,17.911,10.099
39.5,Flowing,NORMAL,498.64,499.68,49.988,41.956,34.013,26.04,18.089,10.116
39.6,Flowing,NORMAL,499.57,500.39,49.971,41.894,33.967,26.021,17.923,9.923
39.7,Flowing,NORMAL,499.62,501.9,50.028,41.996,34.003,25.939,17.982,9.926
39.8,Flowing,NORMAL,498.38,500.87,50.071,42.083,33.852,25.926,17.88,9.948
39.9,Flowing,NORMAL,500.87,499.07,49.993,41.884,33.926,25.92,18.017,10.006
40.0,Flowing,NORMAL,499.49,498.75,49.942,42.014,33.956,25.978,18.134,10.107
40.1,Flowing,NORMAL,497.14,500.68,49.896,42.066,34.065,25.908,18.066,10.123
40.2,Flowing,NORMAL,500.83,501.08,49.91,41.927,34.081,26.022,18.044,10.027
40.3,Flowing,NORMAL,499.24,501.47,50.031,41.894,34.084,26.094,17.982,9.997
40.4,Flowing,NORMAL,499.87,499.68,49.878,42.041,34.046,25.995,18.09,9.973
40.5,Flowing,NORMAL,500.81,500.56,50.045,41.918,33.998,25.986,18.018,9.97
40.6,Flowing,NORMAL,499.56,501.03,49.989,42.066,33.965,25.871,18.14,10.111
40.7,Flowing,NORMAL,499.55,498.38,49.897,42.055,33.96,26.021,18.024,9.981
40.8,Flowing,NORMAL,502.96,500.33,49.937,41.945,33.927,25.933,17.995,9.943
40.9,Flowing,NORMAL,497.42,501.09,50.055,42.119,33.954,26.019,18.04,10.038
41.0,Flowing,NORMAL,498.46,500.61,50.006,42.059,34.039,25.901,18.07,10.071
41.1,Flowing,NORMAL,498.69,499.9,49.939,42.003,34.055,25.983,18.086,10.189
41.2,Flowing,NORMAL,502.15,503.13,49.937,41.89,34.024,26.058,17.982,10.116
41.3,Flowing,NORMAL,499.23,502.32,49.893,42.055,33.952,26.138,18.159,9.939
41.4,Flowing,NORMAL,500.29,500.01,49.956,42.069,33.969,25.996,18.002,9.846
41.5,Flowing,NORMAL,499.43,499.77,49.999,41.945,33.961,26.115,17.899,10.065
41.6,Flowing,NORMAL,500.72,500.84,49.978,41.978,34.063,26.027,18.046,10.077
41.7,Flowing,NORMAL,499.98,499.93,49.973,41.951,33.913,25.934,18.236,10.1
41.8,Flowing,NORMAL,500.3,501.53,49.892,41.894,34.039,26.044,18.044,9.98
41.9,Flowing,NORMAL,501.54,498.48,49.99,42.026,34.007,25.822,17.982,9.932
42.0,Flowing,NORMAL,500.53,499.71,50.014,42.239,34.029,25.975,18.074,10.039
42.1,Flowing,NORMAL,499.12,500.82,50.034,42.049,34.165,25.91,18.038,9.926
42.2,Flowing,NORMAL,500.37,501.2,50.044,41.927,33.967,25.976,18.078,10.073
42.3,Flowing,NORMAL,502.9,498.22,49.9,42.004,33.943,25.899,17.983,9.975
42.4,Flowing,NORMAL,500.68,498.86,50.194,42.035,33.89,25.955,18.082,10.167
42.5,Flowing,NORMAL,500.18,497.99,49.873,41.85,34.15,26.031,17.931,10.043
42.6,Flowing,NORMAL,498.36,498.95,49.789,42.0,34.026,26.074,17.919,10.007
42.7,Flowing,NORMAL,500.87,498.47,49.926,42.02,33.928,25.967,17.92,10.052
42.8,Flowing,NORMAL,501.05,500.65,50.069,41.981,34.003,25.884,17.976,9.996
42.9,Flowing,NORMAL,500.38,500.27,50.21,41.911,34.117,26.08,18.022,10.141
43.0,Flowing,NORMAL,500.14,499.82,50.03,42.031,33.996,26.098,18.088,9.95
43.1,Flowing,NORMAL,503.4,500.03,49.894,41.984,33.936,25.995,18.099,9.963
43.2,Flowing,NORMAL,501.03,501.43,49.997,42.005,34.068,25.82,17.951,10.017
43.3,Flowing,NORMAL,501.49,498.75,50.096,41.961,33.85,26.05,17.949,9.905
43.4,Flowing,NORMAL,500.08,497.68,49.95,41.985,33.952,25.824,18.072,10.102
43.5,Flowing,NORMAL,499.84,500.85,50.052,41.909,33.984,25.999,18.048,10.053
43.6,Flowing,NORMAL,500.76,499.53,49.941,42.007,34.037,26.116,18.056,10.063
43.7,Flowing,NORMAL,499.84,498.78,50.007,42.113,34.033,25.931,18.112,10.056
43.8,Flowing,NORMAL,499.94,500.66,49.965,41.962,34.024,26.037,18.016,10.025
43.9,Flowing,NORMAL,500.56,497.64,50.136,42.086,34.015,26.075,17.917,10.032
44.0,Flowing,NORMAL,499.38,498.97,50.145,41.983,33.932,25.948,17.913,9.937
44.1,Flowing,NORMAL,500.26,497.13,49.97,41.888,34.001,26.072,17.927,10.122
44.2,Flowing,NORMAL,500.1,500.31,50.041,42.082,33.947,26.068,17.913,10.071
44.3,Flowing,NORMAL,501.16,501.89,50.014,42.044,33.906,25.928,18.048,9.924
44.4,Flowing,NORMAL,499.27,499.31,50.037,41.891,34.068,25.901,18.044,10.05
44.5,Flowing,NORMAL,497.6,499.05,49.944,42.047,34.021,25.957,17.919,9.843
44.6,Flowing,NORMAL,499.63,502.14,50.028,41.875,34.008,25.979,18.054,9.976
44.7,Flowing,NORMAL,500.48,500.75,49.974,42.059,34.027,26.025,18.038,9.877
44.8,Flowing,NORMAL,501.16,502.86,50.061,42.049,33.919,25.98,17.997,9.989
44.9,Flowing,NORMAL,499.17,500.19,50.027,42.115,34.087,25.895,18.05,10.106
45.0,Flowing,NORMAL,500.65,500.27,50.031,42.087,34.161,26.082,18.02,10.084
45.1,Flowing,NORMAL,501.36,501.73,50.012,42.002,33.972,26.125,17.935,10.123
45.2,Flowing,NORMAL,500.9,499.82,50.04,41.888,34.029,25.832,18.05,10.071
45.3,Flowing,NORMAL,499.05,500.3,49.953,42.01,34.156,25.96,17.915,10.119
45.4,Flowing,NORMAL,499.18,497.09,50.157,42.0,34.081,26.107,17.941,9.961
45.5,Flowing,NORMAL,500.52,502.09,50.098,42.135,34.045,25.93,18.159,9.958
45.6,Flowing,NORMAL,501.95,500.47,49.973,42.027,34.124,26.068,18.033,10.037
45.7,Flowing,NORMAL,500.02,499.87,50.003,42.045,33.798,25.976,18.019,9.908
45.8,Flowing,NORMAL,499.8,501.09,50.031,41.984,34.14,26.126,17.963,9.988
45.9,Flowing,NORMAL,498.36,498.58,49.994,41.964,34.016,25.939,17.91,10.05
46.0,Flowing,NORMAL,499.56,499.34,50.05,41.936,34.072,25.949,18.02,10.066
46.1,Flowing,NORMAL,499.14,500.66,49.997,42.036,33.959,25.984,17.984,9.94
46.2,Flowing,NORMAL,500.03,500.05,49.986,41.876,33.961,25.977,17.98,9.981
46.3,Flowing,NORMAL,498.18,500.54,49.995,42.038,34.07,25.948,17.904,9.917
46.4,Flowing,NORMAL,499.61,500.3,49.961,41.972,33.938,25.896,17.964,10.015
46.5,Flowing,NORMAL,498.79,500.76,50.048,41.955,33.967,25.926,17.997,9.932
46.6,Flowing,NORMAL,501.13,498.42,50.046,41.857,33.971,26.024,18.015,10.215
46.7,Flowing,NORMAL,498.97,501.53,50.028,41.92,33.992,25.858,17.994,9.933
46.8,Flowing,NORMAL,499.31,499.42,50.073,41.956,33.991,25.949,18.139,9.974
46.9,Flowing,NORMAL,500.34,500.07,50.147,42.065,34.039,26.029,18.032,9.846
47.0,Flowing,NORMAL,499.46,499.28,49.978,42.068,33.996,25.888,17.996,10.136
47.1,Flowing,NORMAL,502.83,499.66,50.1,41.995,34.076,25.971,17.864,9.926
47.2,Flowing,NORMAL,501.12,500.27,50.125,41.978,33.981,25.976,18.152,10.13
47.3,Flowing,NORMAL,500.02,500.88,50.178,41.987,34.024,25.879,18.118,9.907
47.4,Flowing,NORMAL,500.44,501.08,50.017,41.912,33.953,25.933,17.951,9.957
47.5,Flowing,NORMAL,497.17,500.52,49.956,42.067,33.912,26.018,18.097,9.959
47.6,Flowing,NORMAL,501.48,499.29,49.943,41.982,34.094,26.016,17.958,10.039
47.7,Flowing,NORMAL,500.61,500.44,49.912,42.055,34.033,25.975,17.933,9.929
47.8,Flowing,NORMAL,499.91,500.29,50.043,42.098,33.949,26.037,17.833,9.953
47.9,Flowing,NORMAL,500.68,500.07,49.998,41.927,33.925,25.947,18.023,9.985
48.0,Flowing,NORMAL,500.83,500.64,49.821,41.83,33.951,26.037,17.78,9.96
48.1,Flowing,NORMAL,499.5,498.47,49.958,42.111,33.969,26.031,18.011,9.83
48.2,Flowing,NORMAL,500.46,497.57,50.061,42.017,34.041,26.314,17.833,10.138
48.3,Flowing,NORMAL,501.26,501.43,49.977,42.023,33.996,25.966,17.954,10.026
48.4,Flowing,NORMAL,500.55,499.84,49.879,42.06,33.967,25.91,17.964,10.101
48.5,Flowing,NORMAL,499.7,500.5,49.957,42.029,33.942,26.061,18.055,10.148
48.6,Flowing,NORMAL,500.36,498.96,49.986,42.053,34.008,26.104,17.942,10.06
48.7,Flowing,NORMAL,501.66,501.51,49.984,41.995,34.007,26.02,17.991,10.017
48.8,Flowing,NORMAL,500.94,500.42,50.126,42.079,34.07,25.964,17.929,10.076
48.9,Flowing,NORMAL,498.6,499.78,50.07,42.118,33.952,25.982,17.869,9.969
49.0,Flowing,NORMAL,500.7,500.34,50.08,41.963,34.051,25.985,18.026,9.908
49.1,Flowing,NORMAL,500.54,497.91,50.007,41.761,33.985,25.87,18.096,10.062
49.2,Flowing,NORMAL,501.4,500.45,50.037,42.122,33.924,26.14,18.075,9.981
49.3,Flowing,NORMAL,500.04,501.78,50.091,41.911,33.934,25.951,17.958,9.915
49.4,Flowing,NORMAL,499.56,500.38,50.098,41.979,34.028,25.954,17.854,10.022
49.5,Flowing,NORMAL,498.36,500.22,49.847,41.995,33.891,26.159,18.073,10.008
49.6,Flowing,NORMAL,499.17,499.62,50.101,41.932,34.043,26.016,18.021,10.102
49.7,Flowing,NORMAL,501.45,501.3,50.059,42.023,33.868,25.923,17.99,10.007
49.8,Flowing,NORMAL,500.24,501.48,49.91,42.193,34.121,26.048,18.006,9.983
49.9,Flowing,NORMAL,499.88,499.48,49.924,42.006,34.021,25.901,18.027,9.988
50.0,Flowing,NORMAL,501.55,500.43,49.847,41.931,33.967,26.151,18.045,9.893
50.1,Flowing,NORMAL,501.31,500.28,50.039,41.876,34.087,25.962,17.993,10.106
50.2,Flowing,NORMAL,499.12,500.48,49.897,41.888,33.953,26.083,17.878,9.773
50.3,Flowing,NORMAL,501.44,499.07,49.964,42.044,34.096,25.963,17.967,10.092
50.4,Flowing,NORMAL,498.01,501.37,49.85,41.969,34.015,26.036,17.959,10.003
50.5,Flowing,NORMAL,500.55,500.68,49.801,41.947,34.036,25.921,18.005,10.036
50.6,Flowing,NORMAL,500.41,501.44,49.973,42.014,33.923,25.983,18.049,10.013
50.7,Flowing,NORMAL,501.38,498.66,49.953,42.018,34.057,25.836,18.093,9.973
50.8,Flowing,NORMAL,500.46,498.73,50.034,42.096,33.89,25.943,17.977,9.937
50.9,Flowing,NORMAL,499.71,502.47,50.139,41.931,33.956,26.016,17.904,9.968
51.0,Flowing,NORMAL,499.8,501.38,50.025,41.973,33.993,25.958,17.879,10.026
51.1,Flowing,NORMAL,503.23,499.02,50.14,42.001,34.018,26.055,17.898,10.136
51.2,Flowing,NORMAL,500.1,501.04,50.016,42.131,33.941,26.145,18.062,10.044
51.3,Flowing,NORMAL,500.72,499.44,50.019,41.98,34.096,26.011,17.843,9.911
51.4,Flowing,NORMAL,497.57,497.96,49.985,42.025,33.995,26.098,17.844,10.011
51.5,Flowing,NORMAL,499.01,497.48,49.855,42.061,33.992,26.034,17.931,10.102
51.6,Flowing,NORMAL,500.62,499.97,50.083,42.047,33.99,26.046,17.943,10.068
51.7,Flowing,NORMAL,498.06,501.87,50.132,42.086,33.942,26.029,17.897,10.046
51.8,Flowing,NORMAL,500.66,501.83,50.036,41.85,33.907,25.977,17.976,9.903
51.9,Flowing,NORMAL,499.13,501.51,50.031,42.02,33.984,25.94,18.084,10.132
52.0,Flowing,NORMAL,498.76,501.0,49.961,41.951,34.039,25.971,17.989,10.059
52.1,Flowing,NORMAL,499.13,500.38,49.847,42.105,34.006,25.967,17.993,9.997
52.2,Flowing,NORMAL,501.83,501.38,49.862,42.12,34.003,26.035,18.076,9.918
52.3,Flowing,NORMAL,500.4,497.59,50.038,41.979,34.068,25.83,17.992,9.952
52.4,Flowing,NORMAL,498.91,501.19,50.035,42.038,33.943,25.943,17.991,9.928
52.5,Flowing,NORMAL,500.93,498.65,50.067,41.97,33.767,25.97,17.917,9.869
52.6,Flowing,NORMAL,501.0,498.9,49.901,42.009,34.106,26.025,17.951,10.036
52.7,Flowing,NORMAL,499.54,500.84,49.963,41.944,33.908,25.86,17.969,10.013
52.8,Flowing,NORMAL,501.15,501.11,49.992,41.967,33.924,26.049,17.895,10.062
52.9,Flowing,NORMAL,501.21,499.27,49.92,41.94,33.883,25.96,18.078,10.041
53.0,Flowing,NORMAL,501.02,500.78,50.078,42.042,33.912,25.974,17.938,10.106
53.1,Flowing,NORMAL,499.19,500.68,49.904,42.071,34.071,26.146,17.967,10.057
53.2,Flowing,NORMAL,498.59,499.63,50.183,41.951,33.877,25.85,18.057,9.849
53.3,Flowing,NORMAL,497.97,500.18,49.97,42.035,34.015,26.034,18.018,10.102
53.4,Flowing,NORMAL,499.21,502.5,49.924,41.946,33.938,26.066,18.072,10.036
53.5,Flowing,NORMAL,499.56,499.66,50.095,41.906,34.133,26.122,18.059,10.143
53.6,Flowing,NORMAL,499.66,499.7,49.867,41.958,33.941,26.058,17.916,10.061
53.7,Flowing,NORMAL,499.94,500.18,50.11,42.056,34.023,25.921,17.932,10.1
53.8,Flowing,NORMAL,502.08,499.78,50.062,41.997,33.967,25.838,17.914,10.153
53.9,Flowing,NORMAL,499.59,500.95,49.898,42.015,34.081,25.9,18.015,10.075
54.0,Flowing,NORMAL,499.94,501.76,50.001,42.229,33.867,26.085,17.986,10.062
54.1,Flowing,NORMAL,497.82,499.7,50.035,41.941,34.018,25.851,18.048,10.024
54.2,Flowing,NORMAL,502.67,498.97,50.051,42.085,34.029,26.012,17.93,9.943
54.3,Flowing,NORMAL,498.42,502.37,50.095,42.115,33.981,26.004,17.928,10.094
54.4,Flowing,NORMAL,499.15,500.14,50.053,42.155,33.93,25.97,18.019,10.052
54.5,Flowing,NORMAL,500.83,497.95,49.983,41.93,34.071,26.058,17.927,10.108
54.6,Flowing,NORMAL,500.3,502.23,50.094,42.011,34.006,26.044,17.931,10.002
54.7,Flowing,NORMAL,501.97,501.35,49.828,42.07,33.875,26.12,17.974,9.983
54.8,Flowing,NORMAL,500.86,501.92,49.95,41.977,34.113,25.801,18.102,10.027
54.9,Flowing,NORMAL,499.9,501.72,49.903,41.914,34.134,25.924,17.908,10.091
55.0,Flowing,NORMAL,501.25,503.17,50.027,41.925,34.017,25.918,18.088,10.085
55.1,Flowing,NORMAL,501.39,498.76,50.043,42.029,34.141,26.0,17.905,10.036
55.2,Flowing,NORMAL,499.21,499.05,50.167,41.919,33.971,26.033,17.996,9.921
55.3,Flowing,NORMAL,501.16,499.41,50.09,42.186,34.016,25.928,17.876,10.021
55.4,Flowing,NORMAL,499.73,499.37,50.088,42.038,34.0,25.953,17.913,10.067
55.5,Flowing,NORMAL,499.88,500.15,50.073,41.876,34.127,26.046,18.112,9.893
55.6,Flowing,NORMAL,500.17,499.41,49.891,41.988,34.04,26.144,18.056,9.981
55.7,Flowing,NORMAL,499.54,498.57,49.918,42.098,33.923,26.13,17.977,10.127
55.8,Flowing,NORMAL,499.48,498.95,50.054,41.989,33.958,25.973,18.034,10.006
55.9,Flowing,NORMAL,501.18,499.65,49.952,41.987,34.006,25.83,18.037,9.922
56.0,Flowing,NORMAL,498.17,501.37,49.908,41.865,33.856,25.892,17.943,10.156
56.1,Flowing,NORMAL,498.73,499.31,49.958,42.014,34.032,26.01,17.994,9.904
56.2,Flowing,NORMAL,500.81,500.97,50.116,42.145,33.865,25.918,17.978,9.923
56.3,Flowing,NORMAL,499.91,498.41,50.04,41.942,34.173,26.095,18.017,10.082
56.4,Flowing,NORMAL,501.19,496.16,50.088,41.955,33.935,26.006,18.069,10.011
56.5,Flowing,NORMAL,500.43,499.84,49.874,41.936,33.994,25.994,18.158,9.889
56.6,Flowing,NORMAL,498.4,499.27,50.04,42.119,34.182,25.968,18.039,10.046
56.7,Flowing,NORMAL,500.08,498.94,50.016,41.992,34.035,25.797,18.055,10.01
56.8,Flowing,NORMAL,500.64,498.8,49.982,42.164,33.946,25.968,18.159,9.933
56.9,Flowing,NORMAL,500.28,499.15,49.956,41.988,34.067,26.017,17.897,9.957
57.0,Flowing,NORMAL,499.44,498.82,49.951,41.994,34.034,26.033,17.858,10.085
57.1,Flowing,NORMAL,499.67,498.92,50.02,42.111,34.036,26.088,18.037,10.108
57.2,Flowing,NORMAL,499.33,498.37,50.042,41.992,34.182,26.071,18.046,9.898
57.3,Flowing,NORMAL,498.41,497.44,49.897,42.023,34.012,25.951,18.011,10.127
57.4,Flowing,NORMAL,498.24,497.35,50.056,41.909,33.991,25.936,17.969,9.967
57.5,Flowing,NORMAL,500.47,502.95,49.962,41.9,33.99,25.955,17.766,10.164
57.6,Flowing,NORMAL,498.95,499.92,50.087,41.97,34.002,25.906,18.136,10.152
57.7,Flowing,NORMAL,500.69,501.83,50.013,42.082,34.014,25.893,17.967,10.011
57.8,Flowing,NORMAL,499.29,499.79,49.964,41.983,33.993,25.994,18.004,9.915
57.9,Flowing,NORMAL,498.42,499.83,49.943,41.897,34.078,25.832,18.092,10.111
58.0,Flowing,NORMAL,499.51,500.37,49.976,41.792,33.971,25.995,17.919,9.959
58.1,Flowing,NORMAL,502.51,500.77,50.122,42.053,33.926,25.872,17.974,9.983
58.2,Flowing,NORMAL,499.89,498.5,50.04,41.957,34.041,26.155,18.065,9.996
58.3,Flowing,NORMAL,500.78,499.54,49.985,41.971,34.094,25.95,18.004,10.004
58.4,Flowing,NORMAL,500.2,500.37,49.96,41.89,34.026,25.995,18.04,9.957
58.5,Flowing,NORMAL,498.31,497.68,50.098,41.93,34.137,25.86,18.035,10.038
58.6,Flowing,NORMAL,501.74,501.56,49.936,42.034,34.102,25.823,18.04,9.801
58.7,Flowing,NORMAL,499.7,501.28,49.923,42.13,33.953,25.906,17.984,10.165
58.8,Flowing,NORMAL,498.43,497.48,49.853,41.916,34.12,26.149,17.992,9.901
58.9,Flowing,NORMAL,499.39,498.95,50.168,42.128,34.054,25.935,17.996,9.987
59.0,Flowing,NORMAL,499.75,500.13,50.026,42.116,34.07,25.914,18.11,10.025
59.1,Flowing,NORMAL,500.9,501.01,50.055,42.117,33.911,25.997,17.957,9.875
59.2,Flowing,NORMAL,499.18,501.83,50.028,42.201,33.853,25.997,18.051,10.01
59.3,Flowing,NORMAL,503.14,499.24,49.991,41.896,34.019,25.939,17.825,10.096
59.4,Flowing,NORMAL,498.88,502.81,50.077,42.004,34.018,26.086,18.018,10.072
59.5,Flowing,NORMAL,500.73,499.94,49.976,42.105,34.026,26.016,17.898,10.023
59.6,Flowing,NORMAL,497.63,499.73,49.933,41.949,33.935,25.915,18.17,10.107
59.7,Flowing,NORMAL,499.85,500.67,50.154,41.902,34.006,25.897,17.944,9.927
59.8,Flowing,NORMAL,500.44,500.37,50.099,41.968,34.085,26.048,18.184,9.882
59.9,Flowing,NORMAL,498.66,500.31,50.101,42.092,33.922,26.081,18.027,9.982
60.0,Flowing,NORMAL,501.8,502.4,49.934,41.942,34.164,26.0,18.063,9.937
60.1,Flowing,NORMAL,500.52,500.3,49.938,42.087,33.892,25.967,18.003,10.009
60.2,Flowing,NORMAL,499.62,498.82,49.986,42.032,34.055,26.059,17.921,9.977
60.3,Flowing,NORMAL,500.51,498.99,50.096,42.072,33.89,26.028,17.842,10.004
60.4,Flowing,NORMAL,499.29,501.77,50.152,41.924,33.933,26.061,17.877,9.949
60.5,Flowing,NORMAL,501.5,500.82,50.048,41.949,33.981,26.06,18.034,10.021
60.6,Flowing,NORMAL,501.22,498.13,49.973,42.03,33.99,26.037,17.96,9.985
60.7,Flowing,NORMAL,500.45,498.07,49.921,41.997,33.935,25.911,18.021,10.017
60.8,Flowing,NORMAL,500.73,500.03,50.063,41.966,34.033,26.044,18.036,9.934
60.9,Flowing,NORMAL,498.23,500.74,50.012,42.029,34.001,25.833,18.013,10.177
61.0,Flowing,NORMAL,501.76,499.19,49.971,41.942,34.03,26.025,18.095,9.899
61.1,Flowing,NORMAL,499.88,497.98,50.059,42.047,33.989,26.027,18.082,10.07
61.2,Flowing,NORMAL,501.23,498.65,49.909,42.066,33.995,26.006,18.006,9.988
61.3,Flowing,NORMAL,500.9,501.97,50.095,41.993,33.91,25.969,18.014,10.098
61.4,Flowing,NORMAL,501.21,500.6,50.048,41.932,34.199,26.021,18.102,9.988
61.5,Flowing,NORMAL,498.74,501.2,50.043,42.067,34.097,26.085,18.07,9.975
61.6,Flowing,NORMAL,498.9,501.4,49.954,42.027,34.075,25.982,18.085,10.116
61.7,Flowing,NORMAL,502.7,499.25,49.927,41.933,33.989,26.025,17.958,10.108
61.8,Flowing,NORMAL,498.18,499.55,50.034,42.003,33.885,25.895,18.022,9.829
61.9,Flowing,NORMAL,498.68,499.8,50.081,41.987,34.259,26.185,17.985,9.991
62.0,Flowing,NORMAL,500.05,500.5,50.08,42.136,33.869,25.857,17.95,10.047
62.1,Flowing,NORMAL,500.05,501.31,50.04,42.086,33.904,25.815,18.069,9.934
62.2,Flowing,NORMAL,499.35,502.24,49.839,42.012,34.063,25.99,17.963,9.987
62.3,Flowing,NORMAL,500.74,500.98,49.97,41.892,33.943,26.042,18.026,10.013
62.4,Flowing,NORMAL,501.08,500.99,49.92,41.985,33.826,26.014,18.114,9.882
62.5,Flowing,NORMAL,499.98,502.31,49.953,42.026,34.1,25.964,17.945,9.842
62.6,Flowing,NORMAL,499.68,499.75,50.008,42.163,34.022,25.998,18.026,9.999
62.7,Flowing,NORMAL,499.97,501.43,49.935,42.066,34.018,26.001,17.922,10.104
62.8,Flowing,NORMAL,499.4,500.69,50.053,41.956,34.08,25.96,17.937,9.939
62.9,Flowing,NORMAL,497.96,500.74,49.858,42.038,33.854,25.902,17.834,9.993
63.0,Flowing,NORMAL,500.36,499.74,49.988,41.974,33.917,25.906,18.037,9.956
63.1,Flowing,NORMAL,500.92,498.33,50.025,41.929,34.014,26.104,18.047,9.967
63.2,Flowing,NORMAL,499.82,500.41,50.021,41.981,34.001,25.974,17.987,10.017
63.3,Flowing,NORMAL,497.28,500.42,49.921,41.919,33.889,25.872,17.903,10.013
63.4,Flowing,NORMAL,499.31,499.31,49.929,42.041,34.003,25.843,18.052,10.065
63.5,Flowing,NORMAL,501.09,499.88,49.92,42.034,33.931,26.008,17.899,9.857
63.6,Flowing,NORMAL,498.27,498.94,49.969,41.99,33.968,25.905,17.968,10.022
63.7,Flowing,NORMAL,500.84,498.95,49.996,42.015,33.946,26.094,17.906,10.039
63.8,Flowing,NORMAL,499.47,499.42,50.095,42.038,33.984,25.958,18.083,9.886
63.9,Flowing,NORMAL,499.98,498.41,49.922,41.968,34.099,26.03,17.923,9.975
64.0,Flowing,NORMAL,499.18,499.3,49.951,41.943,34.078,25.89,18.129,10.066
64.1,Flowing,NORMAL,498.64,500.86,50.087,41.963,33.988,25.885,17.958,10.039
64.2,Flowing,NORMAL,501.72,501.75,50.104,41.911,33.971,25.988,17.888,10.047
64.3,Flowing,NORMAL,500.98,502.49,49.942,41.984,33.964,25.937,17.999,9.983
64.4,Flowing,NORMAL,500.77,499.52,49.97,41.942,34.026,26.132,18.011,10.08
64.5,Flowing,NORMAL,501.09,501.44,49.889,42.013,33.912,25.882,17.941,10.095
64.6,Flowing,NORMAL,500.6,500.4,50.076,42.019,33.877,25.984,18.024,10.014
64.7,Flowing,NORMAL,501.13,499.72,49.852,41.929,33.995,26.043,17.824,9.987
64.8,Flowing,NORMAL,499.2,500.48,50.011,42.068,34.055,26.047,17.936,9.847
64.9,Flowing,NORMAL,501.65,501.32,49.969,42.08,34.111,26.057,18.034,10.03
65.0,Flowing,NORMAL,501.55,499.4,49.956,41.99,34.134,25.925,18.129,9.974
65.1,Flowing,NORMAL,500.46,499.37,50.106,41.887,34.047,25.941,17.887,10.017
65.2,Flowing,NORMAL,499.65,499.51,50.081,41.932,33.88,25.993,17.993,10.044
65.3,Flowing,NORMAL,498.53,499.25,50.076,41.995,34.148,26.018,17.972,9.871
65.4,Flowing,NORMAL,500.27,501.44,49.979,41.973,34.077,26.037,17.906,10.014
65.5,Flowing,NORMAL,502.02,499.08,50.054,42.122,34.071,26.061,18.005,10.031
65.6,Flowing,NORMAL,498.61,499.29,50.1,41.893,33.972,25.938,18.03,10.098
65.7,Flowing,NORMAL,501.22,500.37,49.952,41.809,33.967,26.073,18.043,10.034
65.8,Flowing,NORMAL,499.43,500.28,49.978,41.898,34.041,25.933,18.175,10.046
65.9,Flowing,NORMAL,499.54,499.51,49.954,41.951,33.993,25.981,18.089,10.015
66.0,Flowing,NORMAL,498.59,502.02,49.941,42.151,34.004,26.062,17.951,10.029
66.1,Flowing,NORMAL,499.1,499.24,50.025,41.849,34.161,26.103,17.968,9.912
66.2,Flowing,NORMAL,500.78,499.79,50.028,42.007,34.028,26.015,18.04,10.116
66.3,Flowing,NORMAL,500.93,497.69,50.045,41.916,34.109,26.131,18.252,9.91
66.4,Flowing,NORMAL,500.28,499.63,50.019,41.833,34.044,25.956,18.154,9.938
66.5,Flowing,NORMAL,499.4,498.41,49.865,41.962,33.842,26.06,17.835,10.002
66.6,Flowing,NORMAL,498.68,498.9,49.834,41.974,34.131,26.029,17.931,9.998
66.7,Flowing,NORMAL,500.07,497.65,50.001,42.038,33.891,26.047,17.784,9.95
66.8,Flowing,NORMAL,499.56,498.93,49.961,42.051,34.002,25.888,17.921,10.016
66.9,Flowing,NORMAL,500.25,499.91,49.994,41.954,33.962,26.056,17.959,9.993
67.0,Flowing,NORMAL,499.61,499.71,50.174,41.886,33.852,26.063,17.946,9.975
67.1,Flowing,NORMAL,499.65,499.5,49.938,41.979,34.128,26.064,18.069,9.887
67.2,Flowing,NORMAL,500.19,499.61,49.908,41.773,33.935,26.077,18.041,9.982
67.3,Flowing,NORMAL,500.42,499.39,49.998,41.945,34.016,26.061,17.871,10.024
67.4,Flowing,NORMAL,501.47,499.96,50.075,41.967,34.056,26.225,17.992,10.031
67.5,Flowing,NORMAL,499.6,499.87,49.941,42.015,34.037,26.016,17.918,10.017
67.6,Flowing,NORMAL,500.65,500.33,50.117,42.036,34.077,25.981,18.06,10.022
67.7,Flowing,NORMAL,502.16,499.76,49.924,42.025,33.921,25.949,18.015,10.024
67.8,Flowing,NORMAL,500.69,499.48,49.905,42.084,34.046,25.944,17.877,9.988
67.9,Flowing,NORMAL,501.4,500.93,49.964,42.009,33.971,25.839,17.969,9.976
68.0,Flowing,NORMAL,499.26,500.72,50.051,41.944,34.134,25.847,18.105,9.982
68.1,Flowing,NORMAL,499.14,499.96,50.069,42.006,34.091,25.969,17.912,10.114
68.2,Flowing,NORMAL,499.81,501.43,49.991,42.018,34.099,25.917,18.048,9.953
68.3,Flowing,NORMAL,499.94,500.1,49.989,42.006,33.88,25.938,18.108,10.071
68.4,Flowing,NORMAL,501.28,499.81,49.995,42.019,33.976,26.109,17.984,10.019
68.5,Flowing,NORMAL,499.12,499.92,50.092,41.938,34.125,25.878,18.13,9.97
68.6,Flowing,NORMAL,499.89,500.2,49.981,41.849,33.964,25.917,17.951,9.989
68.7,Flowing,NORMAL,501.29,498.9,50.077,42.017,34.025,25.912,17.93,10.144
68.8,Flowing,NORMAL,500.26,497.75,49.941,42.132,33.981,26.0,18.086,10.102
68.9,Flowing,NORMAL,499.99,500.34,49.991,41.969,33.996,26.027,18.071,10.0
69.0,Flowing,NORMAL,500.29,501.0,50.05,42.131,34.031,26.025,17.878,9.79
69.1,Flowing,NORMAL,498.65,498.8,50.031,41.992,33.959,26.019,17.995,10.09
69.2,Flowing,NORMAL,498.63,501.29,50.007,41.94,34.079,25.983,18.042,9.962
69.3,Flowing,NORMAL,498.09,498.02,49.948,42.007,34.001,26.038,17.979,9.853
69.4,Flowing,NORMAL,500.25,499.33,49.965,42.064,33.976,25.98,18.079,9.943
69.5,Flowing,NORMAL,501.1,502.05,49.877,41.987,33.961,25.923,17.986,10.039
69.6,Flowing,NORMAL,500.92,500.43,49.999,42.025,34.145,25.973,18.022,9.959
69.7,Flowing,NORMAL,501.37,499.64,49.932,41.953,33.962,26.029,18.188,9.943
69.8,Flowing,NORMAL,501.75,500.3,49.967,41.995,34.032,26.021,18.103,9.806
69.9,Flowing,NORMAL,500.17,501.44,49.809,41.96,34.088,25.875,17.759,10.046
70.0,Flowing,NORMAL,499.92,498.27,50.019,41.913,33.921,25.922,18.009,9.95
70.1,Flowing,NORMAL,501.77,501.58,50.04,41.772,33.931,25.91,17.979,9.957
70.2,Flowing,NORMAL,499.16,499.41,50.064,41.851,34.004,26.045,18.149,9.961
70.3,Flowing,NORMAL,498.59,500.85,50.026,41.856,33.809,26.068,18.0,10.094
70.4,Flowing,NORMAL,499.59,499.26,49.89,42.042,34.15,26.034,18.022,10.001
70.5,Flowing,NORMAL,499.45,502.02,49.874,42.108,33.951,26.04,17.875,9.906
70.6,Flowing,NORMAL,500.06,499.96,50.115,41.972,34.116,25.994,17.853,10.071
70.7,Flowing,NORMAL,498.98,498.41,49.953,42.056,34.002,25.877,18.013,10.176
70.8,Flowing,NORMAL,500.44,500.56,50.039,41.995,34.086,26.017,18.017,9.913
70.9,Flowing,NORMAL,499.32,501.56,50.019,42.083,33.933,26.114,17.993,9.929
71.0,Flowing,NORMAL,501.47,501.43,50.08,41.977,34.061,25.977,17.995,10.039
71.1,Flowing,NORMAL,498.57,500.11,50.023,41.84,33.91,26.074,17.989,9.958
71.2,Flowing,NORMAL,499.83,500.97,49.891,41.914,33.838,25.992,17.952,9.923
71.3,Flowing,NORMAL,499.6,499.49,49.995,42.029,34.167,25.879,18.093,10.078
71.4,Flowing,NORMAL,500.28,500.71,49.938,42.016,33.963,26.015,18.121,10.048
71.5,Flowing,NORMAL,501.11,500.44,50.041,41.966,33.881,25.983,18.097,9.878
71.6,Flowing,NORMAL,500.32,496.53,49.916,42.01,33.921,25.937,17.966,9.891
71.7,Flowing,NORMAL,499.85,498.8,49.922,42.056,33.895,25.872,17.95,10.059
71.8,Flowing,NORMAL,500.83,500.25,49.984,41.963,34.004,25.86,18.04,10.031
71.9,Flowing,NORMAL,501.01,500.2,49.967,42.08,33.91,26.09,18.012,9.973
72.0,Flowing,NORMAL,500.32,499.97,49.998,41.991,34.098,25.914,17.939,10.083
72.1,Flowing,NORMAL,500.47,500.11,49.952,42.072,34.136,25.968,18.055,9.908
72.2,Flowing,NORMAL,500.78,501.45,50.06,42.016,34.038,25.948,17.867,10.04
72.3,Flowing,NORMAL,498.03,500.42,49.835,41.975,34.075,26.015,18.156,10.082
72.4,Flowing,NORMAL,499.58,497.2,49.948,42.002,33.996,25.873,17.925,9.955
72.5,Flowing,NORMAL,500.45,502.34,49.837,42.004,33.98,25.866,18.032,10.057
72.6,Flowing,NORMAL,499.65,497.71,50.018,41.974,34.047,26.054,18.025,9.934
72.7,Flowing,NORMAL,499.65,501.15,50.022,42.096,33.952,26.168,17.958,10.003
72.8,Flowing,NORMAL,500.45,498.12,49.946,42.018,33.861,25.956,17.913,10.011
72.9,Flowing,NORMAL,500.48,501.71,50.08,42.052,33.81,26.163,18.024,9.938
73.0,Flowing,NORMAL,500.56,499.67,50.013,42.014,33.947,26.016,17.951,9.968
73.1,Flowing,NORMAL,499.05,500.46,49.945,41.885,34.012,26.047,18.041,10.066
73.2,Flowing,NORMAL,498.3,497.62,50.026,41.957,34.067,25.891,17.928,9.923
73.3,Flowing,NORMAL,500.97,500.88,50.086,42.075,34.039,26.086,17.93,10.028
73.4,Flowing,NORMAL,499.11,500.5,49.99,42.068,33.991,25.969,18.043,10.07
73.5,Flowing,NORMAL,499.03,500.74,49.947,41.995,33.915,25.8,18.016,10.049
73.6,Flowing,NORMAL,498.92,501.14,50.021,41.844,33.972,25.823,18.11,9.913
73.7,Flowing,NORMAL,501.38,500.21,50.1,42.076,33.928,25.909,18.028,9.932
73.8,Flowing,NORMAL,500.25,499.75,50.008,41.961,33.858,25.822,18.018,9.955
73.9,Flowing,NORMAL,500.41,499.03,49.956,42.056,34.094,25.978,17.973,10.04
74.0,Flowing,NORMAL,500.83,499.47,49.891,42.018,34.044,26.054,17.845,9.939
74.1,Flowing,NORMAL,499.95,501.45,49.93,42.008,34.038,26.12,17.96,9.96
74.2,Flowing,NORMAL,501.22,498.99,50.092,42.024,34.101,26.023,17.907,9.893
74.3,Flowing,NORMAL,498.56,497.79,49.876,42.053,34.095,26.148,18.067,10.093
74.4,Flowing,NORMAL,498.7,498.81,49.954,41.907,34.068,26.033,18.009,10.031
74.5,Flowing,NORMAL,498.63,500.73,50.026,42.103,34.104,26.044,18.068,10.041
74.6,Flowing,NORMAL,500.51,499.64,49.963,42.061,33.888,26.084,17.904,10.023
74.7,Flowing,NORMAL,500.61,500.73,49.932,42.044,33.997,25.872,18.034,9.954
74.8,Flowing,NORMAL,499.43,497.6,50.07,42.0,34.032,25.923,17.953,9.963
74.9,Flowing,NORMAL,499.72,496.42,50.069,42.134,33.936,26.086,17.826,9.904
75.0,Flowing,NORMAL,501.52,500.32,49.923,41.892,33.873,26.033,17.983,10.03
75.1,Flowing,NORMAL,499.17,501.21,50.055,42.021,34.053,25.994,17.905,10.085
75.2,Flowing,NORMAL,500.35,497.95,49.953,41.925,33.986,25.927,17.967,10.028
75.3,Flowing,NORMAL,499.18,500.63,50.028,41.928,33.961,26.086,18.04,10.166
75.4,Flowing,NORMAL,501.32,501.43,50.094,42.092,33.889,26.061,17.996,9.956
75.5,Flowing,NORMAL,500.75,499.99,50.013,42.076,34.04,25.93,18.059,9.949
75.6,Flowing,NORMAL,498.32,501.08,50.017,41.976,33.982,26.061,17.917,10.156
75.7,Flowing,NORMAL,499.69,500.23,49.854,41.952,34.03,26.047,17.992,9.995
75.8,Flowing,NORMAL,497.51,499.68,50.033,41.982,34.111,26.067,18.07,9.923
75.9,Flowing,NORMAL,501.08,500.99,49.994,41.976,33.92,26.029,17.957,10.052
76.0,Flowing,NORMAL,502.46,502.3,49.914,42.138,33.928,26.018,18.063,9.954
76.1,Flowing,NORMAL,497.38,499.33,50.068,41.902,34.116,26.001,17.952,9.976
76.2,Flowing,NORMAL,498.29,499.89,50.065,41.953,33.94,25.982,17.906,10.146
76.3,Flowing,NORMAL,500.2,498.81,49.955,42.067,34.017,25.921,18.0,10.063
76.4,Flowing,NORMAL,499.98,500.19,49.985,42.095,34.082,26.074,17.963,9.914
76.5,Flowing,NORMAL,499.51,499.81,49.951,42.016,34.044,25.826,17.999,10.013
76.6,Flowing,NORMAL,497.91,501.39,49.978,42.103,34.034,26.105,17.983,10.075
76.7,Flowing,NORMAL,500.39,501.7,50.131,42.105,33.913,25.98,17.972,10.039
76.8,Flowing,NORMAL,501.07,500.95,50.055,41.933,34.005,25.838,18.115,9.959
76.9,Flowing,NORMAL,503.42,501.26,50.004,41.975,34.092,25.773,17.999,9.992
77.0,Flowing,NORMAL,501.57,499.15,49.964,42.138,33.929,26.062,18.029,10.101
77.1,Flowing,NORMAL,498.44,498.85,49.947,41.941,34.088,26.034,17.876,9.957
77.2,Flowing,NORMAL,499.99,500.52,50.031,42.067,33.946,25.767,18.042,9.902
77.3,Flowing,NORMAL,500.71,500.02,49.839,41.773,34.065,26.01,17.982,10.111
77.4,Flowing,NORMAL,499.17,502.4,50.051,42.129,33.889,25.997,17.871,9.982
77.5,Flowing,NORMAL,500.94,497.69,49.98,42.05,34.004,26.05,18.056,10.172
77.6,Flowing,NORMAL,500.84,500.74,49.975,41.925,34.02,25.936,18.119,9.977
77.7,Flowing,NORMAL,501.48,500.72,49.955,41.962,34.057,25.987,17.949,10.133
77.8,Flowing,NORMAL,500.96,499.09,49.932,42.003,34.052,25.869,18.038,9.916
77.9,Flowing,NORMAL,500.34,498.84,50.066,41.923,34.055,26.088,18.069,10.02
78.0,Flowing,NORMAL,499.23,499.59,49.981,41.954,34.118,25.944,17.917,10.053
78.1,Flowing,NORMAL,498.45,498.03,49.936,41.924,33.885,25.961,17.993,10.019
78.2,Flowing,NORMAL,500.26,501.75,50.076,42.042,33.985,25.984,18.041,10.102
78.3,Flowing,NORMAL,499.52,503.24,50.01,41.962,33.921,25.884,18.053,10.046
78.4,Flowing,NORMAL,499.63,499.59,50.046,41.99,34.113,25.961,18.076,9.997
78.5,Flowing,NORMAL,501.35,499.23,49.951,42.047,34.033,26.029,18.007,9.997
78.6,Flowing,NORMAL,501.64,498.43,50.191,42.095,34.058,26.009,18.081,10.041
78.7,Flowing,NORMAL,498.52,498.68,50.002,41.976,33.994,25.746,18.017,9.961
78.8,Flowing,NORMAL,499.75,499.29,50.127,42.002,33.905,25.996,17.916,10.038
78.9,Flowing,NORMAL,499.48,501.45,50.023,42.077,33.937,26.003,17.891,10.056
79.0,Flowing,NORMAL,500.38,503.83,50.042,42.04,34.0,26.033,18.128,9.977
79.1,Flowing,NORMAL,497.28,499.13,50.011,41.913,33.931,26.008,18.088,9.979
79.2,Flowing,NORMAL,498.25,498.92,49.981,41.967,33.957,26.024,17.88,10.102
79.3,Flowing,NORMAL,499.86,498.6,49.947,42.058,33.898,26.054,18.054,10.031
79.4,Flowing,NORMAL,500.94,500.54,49.92,42.02,33.905,25.98,18.082,10.064
79.5,Flowing,NORMAL,500.09,500.41,50.001,41.922,34.052,26.002,17.814,10.063
79.6,Flowing,NORMAL,500.81,500.12,49.998,42.096,33.912,25.746,18.022,10.023
79.7,Flowing,NORMAL,500.24,499.47,49.865,41.922,34.22,25.976,18.058,9.948
79.8,Flowing,NORMAL,501.53,501.63,49.833,41.986,33.979,25.968,17.991,10.021
79.9,Flowing,NORMAL,501.78,500.92,49.988,41.899,34.039,25.844,17.836,10.059
80.0,Flowing,NORMAL,499.09,500.87,50.041,41.995,33.888,25.943,17.979,9.872
80.1,Flowing,NORMAL,501.06,500.44,49.941,42.052,34.114,25.966,18.061,9.847
80.2,Flowing,NORMAL,500.61,499.77,50.053,41.936,34.025,25.98,18.106,9.93
80.3,Flowing,NORMAL,503.01,499.14,50.05,41.978,33.987,25.985,17.932,9.999
80.4,Flowing,NORMAL,499.04,500.62,49.995,42.019,34.007,26.064,18.074,9.916
80.5,Flowing,NORMAL,499.86,500.51,50.07,41.905,34.047,26.05,17.847,10.007
80.6,Flowing,NORMAL,498.76,500.68,49.963,41.939,34.108,25.948,17.935,10.006
80.7,Flowing,NORMAL,498.83,498.12,50.055,41.989,34.093,26.042,17.826,9.958
80.8,Flowing,NORMAL,500.46,500.41,49.955,42.038,33.79,26.204,18.042,10.012
80.9,Flowing,NORMAL,500.25,499.63,50.095,42.187,34.07,26.076,18.01,9.989
81.0,Flowing,NORMAL,500.65,498.95,49.962,41.934,33.945,25.892,17.994,9.865
81.1,Flowing,NORMAL,500.62,500.87,50.015,41.997,34.012,25.958,18.246,10.109
81.2,Flowing,NORMAL,499.72,500.21,49.9,42.019,33.951,25.919,17.893,10.035
81.3,Flowing,NORMAL,499.71,502.82,49.945,42.077,34.08,26.11,17.932,10.038
81.4,Flowing,NORMAL,498.84,500.58,50.051,41.962,33.938,26.129,18.018,10.051
81.5,Flowing,NORMAL,499.16,499.64,49.934,41.902,33.954,25.99,17.915,9.999
81.6,Flowing,NORMAL,499.93,499.87,49.865,41.91,34.054,26.048,17.969,9.919
81.7,Flowing,NORMAL,500.24,498.59,49.918,41.97,34.052,26.074,17.96,9.908
81.8,Flowing,NORMAL,500.85,501.48,50.021,41.934,33.959,26.106,18.066,10.013
81.9,Flowing,NORMAL,500.73,500.38,49.898,42.017,34.085,25.97,18.108,10.103
82.0,Flowing,NORMAL,501.87,500.4,50.133,42.024,34.047,26.113,18.036,9.96
82.1,Flowing,NORMAL,498.83,498.72,49.964,42.019,33.897,25.989,18.088,9.825
82.2,Flowing,NORMAL,499.72,500.93,50.123,42.09,33.963,26.043,18.0,10.098
82.3,Flowing,NORMAL,498.94,498.88,50.079,41.888,34.047,25.984,18.007,9.942
82.4,Flowing,NORMAL,501.53,499.34,50.14,42.083,33.941,25.893,17.969,10.035
82.5,Flowing,NORMAL,499.4,500.15,50.019,42.1,34.063,26.078,18.026,9.889
82.6,Flowing,NORMAL,501.39,499.3,49.984,42.085,33.996,26.04,17.975,9.918
82.7,Flowing,NORMAL,501.74,499.05,49.99,42.025,33.948,25.981,17.925,10.09
82.8,Flowing,NORMAL,500.5,499.94,49.976,42.116,34.122,25.994,17.919,9.833
82.9,Flowing,NORMAL,500.35,501.21,49.882,41.89,34.11,26.009,18.031,9.822
83.0,Flowing,NORMAL,500.05,501.07,49.904,42.071,34.023,25.988,18.045,10.131
83.1,Flowing,NORMAL,499.62,500.85,49.982,42.006,34.015,26.191,17.832,10.055
83.2,Flowing,NORMAL,499.48,500.58,49.991,42.045,33.947,25.996,18.057,10.249
83.3,Flowing,NORMAL,499.82,499.43,50.065,41.932,33.966,25.964,17.856,9.974
83.4,Flowing,NORMAL,502.19,501.35,50.059,41.898,34.084,26.039,17.941,9.989
83.5,Flowing,NORMAL,498.75,497.92,50.128,42.059,34.001,25.981,18.006,9.959
83.6,Flowing,NORMAL,500.25,500.52,49.832,42.163,34.012,26.032,17.995,9.941
83.7,Flowing,NORMAL,500.85,501.01,49.985,41.872,34.182,25.901,17.917,9.965
83.8,Flowing,NORMAL,499.66,499.89,50.103,42.001,33.901,26.1,18.058,10.043
83.9,Flowing,NORMAL,500.5,499.13,50.057,42.192,34.175,25.945,18.13,10.031
84.0,Flowing,NORMAL,498.19,499.96,50.04,41.865,33.986,25.935,18.066,10.086
84.1,Flowing,NORMAL,501.59,499.09,49.834,41.998,34.09,25.985,18.058,10.028
84.2,Flowing,NORMAL,501.36,500.62,50.027,41.978,33.903,25.91,18.057,10.002
84.3,Flowing,NORMAL,499.88,501.13,49.989,41.966,33.976,26.084,17.973,9.893
84.4,Flowing,NORMAL,498.94,500.54,50.059,41.984,34.003,26.129,17.998,10.023
84.5,Flowing,NORMAL,500.95,500.46,49.906,41.982,34.049,25.876,18.016,10.008
84.6,Flowing,NORMAL,498.62,500.91,50.003,42.083,34.027,26.118,17.921,10.011
84.7,Flowing,NORMAL,498.79,501.05,50.007,41.914,34.077,26.186,17.999,10.04
84.8,Flowing,NORMAL,499.94,499.07,50.007,41.943,33.854,25.944,17.889,10.136
84.9,Flowing,NORMAL,501.82,498.15,49.991,41.972,34.071,25.91,17.939,10.005
85.0,Flowing,NORMAL,500.77,500.33,50.082,42.04,34.02,26.006,18.032,10.016
85.1,Flowing,NORMAL,499.22,501.11,49.918,42.004,33.914,26.006,17.962,10.203
85.2,Flowing,NORMAL,497.98,498.1,49.997,41.888,33.989,26.042,18.134,9.953
85.3,Flowing,NORMAL,500.05,500.08,49.873,42.065,33.89,25.965,17.979,9.994
85.4,Flowing,NORMAL,500.3,501.35,50.055,41.945,33.978,25.999,18.012,10.008
85.5,Flowing,NORMAL,499.91,499.86,50.035,42.068,34.031,26.036,17.873,10.004
85.6,Flowing,NORMAL,502.17,501.83,50.038,42.058,33.945,25.947,17.954,10.043
85.7,Flowing,NORMAL,499.84,501.6,50.083,41.967,34.073,26.01,17.99,9.983
85.8,Flowing,NORMAL,497.26,499.78,50.06,42.026,34.182,25.932,18.041,9.958
85.9,Flowing,NORMAL,499.51,499.56,49.93,41.999,34.011,26.233,17.985,9.91
86.0,Flowing,NORMAL,500.55,499.58,50.022,41.834,33.993,26.001,18.064,10.078
86.1,Flowing,NORMAL,500.46,500.16,49.96,41.988,33.939,25.91,18.025,9.898
86.2,Flowing,NORMAL,499.79,498.59,49.967,41.92,34.044,26.144,17.896,9.852
86.3,Flowing,NORMAL,499.59,498.37,49.99,42.001,34.017,25.964,17.984,10.029
86.4,Flowing,NORMAL,497.6,497.27,50.083,41.844,33.97,26.017,17.927,10.138
86.5,Flowing,NORMAL,500.1,499.97,49.949,41.997,34.044,25.953,17.852,9.966
86.6,Flowing,NORMAL,499.59,502.45,50.082,41.973,33.932,26.074,17.974,9.959
86.7,Flowing,NORMAL,500.3,497.61,50.012,42.062,34.191,26.066,18.093,9.96
86.8,Flowing,NORMAL,500.59,499.78,49.918,42.005,34.009,25.914,17.986,10.032
86.9,Flowing,NORMAL,501.49,499.74,50.029,42.04,34.023,25.959,17.959,9.904
87.0,Flowing,NORMAL,498.85,499.82,50.143,42.001,33.982,25.926,18.235,9.914
87.1,Flowing,NORMAL,498.45,501.51,49.966,42.033,34.048,26.077,18.145,10.04
87.2,Flowing,NORMAL,499.31,498.93,49.916,41.979,34.025,26.165,17.888,10.096
87.3,Flowing,NORMAL,499.12,497.66,50.014,42.067,33.992,25.933,18.06,10.052
87.4,Flowing,NORMAL,499.01,499.36,50.078,41.999,33.952,25.875,18.066,10.034
87.5,Flowing,NORMAL,501.73,499.2,49.923,41.957,33.963,25.881,17.935,9.909
87.6,Flowing,NORMAL,500.18,497.32,49.967,41.941,33.87,26.162,18.1,9.938
87.7,Flowing,NORMAL,502.37,500.29,50.022,42.033,34.095,25.935,18.087,9.956
87.8,Flowing,NORMAL,500.0,498.58,49.893,42.058,34.103,26.207,17.904,10.056
87.9,Flowing,NORMAL,498.59,499.9,49.967,42.063,33.882,25.899,17.938,10.006
88.0,Flowing,NORMAL,499.03,499.56,49.949,42.053,34.082,26.048,18.13,10.033
88.1,Flowing,NORMAL,501.23,498.71,49.903,42.109,33.952,26.073,18.126,10.037
88.2,Flowing,NORMAL,498.64,501.07,49.88,41.927,34.106,25.986,18.006,10.061
88.3,Flowing,NORMAL,500.67,499.66,50.056,42.022,33.983,25.975,18.069,10.044
88.4,Flowing,NORMAL,499.57,500.07,49.979,42.087,33.99,25.932,17.939,9.922
88.5,Flowing,NORMAL,498.88,500.7,49.978,42.099,33.936,26.015,17.947,9.979
88.6,Flowing,NORMAL,501.66,500.35,49.879,41.982,33.985,26.043,18.018,9.904
88.7,Flowing,NORMAL,499.29,500.17,50.087,42.017,34.016,25.999,17.959,10.017
88.8,Flowing,NORMAL,499.01,499.01,50.038,41.86,33.957,25.98,18.02,10.095
88.9,Flowing,NORMAL,499.91,498.67,49.938,41.96,33.959,25.936,17.972,10.062
89.0,Flowing,NORMAL,499.39,500.19,49.916,42.034,33.864,25.955,17.974,10.134
89.1,Flowing,NORMAL,502.66,498.85,49.978,41.824,33.84,26.003,18.049,10.03
89.2,Flowing,NORMAL,501.27,500.95,50.013,42.093,33.957,26.072,17.869,9.928
89.3,Flowing,NORMAL,499.29,499.84,49.855,41.978,33.996,26.009,18.005,9.926
89.4,Flowing,NORMAL,499.43,500.78,49.985,41.88,34.109,25.976,17.961,10.127
89.5,Flowing,NORMAL,497.58,498.82,49.901,41.91,33.912,25.995,18.035,10.059
89.6,Flowing,NORMAL,500.16,498.63,50.206,41.82,34.049,25.955,17.953,9.95
89.7,Flowing,NORMAL,499.1,502.01,49.927,42.135,34.067,26.002,18.108,9.879
89.8,Flowing,NORMAL,500.11,499.82,49.894,41.826,33.944,26.013,18.008,10.012
89.9,Flowing,NORMAL,497.64,501.1,49.887,42.064,34.019,26.059,17.849,10.025
90.0,Flowing,NORMAL,499.97,498.31,49.905,41.968,34.043,26.007,17.932,10.001
90.1,Flowing,NORMAL,502.04,499.66,49.877,42.092,33.984,26.089,17.958,9.958
90.2,Flowing,NORMAL,500.06,501.56,49.939,42.07,33.943,26.052,17.969,9.842
90.3,Flowing,NORMAL,499.07,498.12,49.954,41.906,34.003,25.905,18.074,9.993
90.4,Flowing,NORMAL,499.98,502.73,49.986,42.052,34.077,25.998,17.938,9.858
90.5,Flowing,NORMAL,499.92,500.24,49.945,41.951,34.009,25.972,18.055,9.951
90.6,Flowing,NORMAL,502.63,499.02,49.995,42.095,34.027,25.995,17.952,9.949
90.7,Flowing,NORMAL,499.6,500.42,49.932,41.957,34.06,25.982,17.892,10.141
90.8,Flowing,NORMAL,498.56,501.33,50.026,41.887,33.965,26.009,18.136,9.911
90.9,Flowing,NORMAL,500.03,499.01,50.078,42.112,33.95,25.978,17.917,9.984
91.0,Flowing,NORMAL,500.23,499.18,49.997,42.053,34.087,25.94,17.843,9.998
91.1,Flowing,NORMAL,500.67,500.3,50.023,42.02,33.974,26.01,18.121,10.031
91.2,Flowing,NORMAL,500.91,500.56,49.97,41.96,33.986,26.131,17.985,9.998
91.3,Flowing,NORMAL,502.35,499.76,49.961,42.088,34.157,26.036,18.007,10.003
91.4,Flowing,NORMAL,499.29,500.48,49.809,42.06,34.011,26.034,17.943,9.969
91.5,Flowing,NORMAL,499.18,501.02,49.967,42.082,33.97,26.167,18.034,9.898
91.6,Flowing,NORMAL,497.78,500.21,49.99,41.948,33.824,26.128,18.056,10.043
91.7,Flowing,NORMAL,500.79,499.17,50.013,41.889,33.961,26.067,17.916,9.797
91.8,Flowing,NORMAL,498.94,499.97,49.982,41.989,34.011,26.058,18.051,10.021
91.9,Flowing,NORMAL,501.07,502.11,50.096,41.878,34.04,26.05,17.901,9.88
92.0,Flowing,NORMAL,499.41,500.4,49.94,41.947,34.06,25.951,17.931,9.951
92.1,Flowing,NORMAL,502.07,501.49,50.089,42.001,33.986,25.991,18.103,9.94
92.2,Flowing,NORMAL,498.28,499.38,50.105,42.017,33.987,26.2,17.916,9.972
92.3,Flowing,NORMAL,501.23,500.32,49.901,42.076,34.135,26.134,18.098,9.984
92.4,Flowing,NORMAL,501.08,500.95,49.971,41.866,34.163,26.038,17.961,10.106
92.5,Flowing,NORMAL,500.63,501.8,49.922,42.033,33.986,26.051,17.995,9.884
92.6,Flowing,NORMAL,498.66,501.47,50.006,42.084,33.998,26.062,17.916,9.998
92.7,Flowing,NORMAL,500.64,498.66,49.95,42.06,34.003,26.055,18.087,10.055
92.8,Flowing,NORMAL,500.15,501.38,50.022,41.92,34.0,25.957,17.972,9.97
92.9,Flowing,NORMAL,497.8,502.02,49.922,41.843,33.947,26.015,17.892,10.001
93.0,Flowing,NORMAL,501.87,499.31,50.152,42.082,34.131,26.031,18.093,9.942
93.1,Flowing,NORMAL,499.59,498.93,49.948,41.781,34.095,26.123,17.956,9.98
93.2,Flowing,NORMAL,501.78,499.97,49.94,42.031,34.09,25.861,18.033,9.978
93.3,Flowing,NORMAL,499.92,500.22,50.009,42.037,33.985,25.992,17.983,10.078
93.4,Flowing,NORMAL,501.18,499.58,50.034,42.018,33.898,25.97,18.072,10.003
93.5,Flowing,NORMAL,498.97,498.58,50.053,42.141,34.083,26.007,17.959,9.796
93.6,Flowing,NORMAL,500.26,501.77,49.987,41.974,34.031,25.988,17.974,9.858
93.7,Flowing,NORMAL,500.17,498.97,49.925,42.038,34.137,25.992,18.026,10.076
93.8,Flowing,NORMAL,499.61,499.39,49.935,42.029,33.941,26.069,18.012,10.024
93.9,Flowing,NORMAL,498.96,500.13,49.937,42.057,34.167,25.919,17.973,10.019
94.0,Flowing,NORMAL,496.32,498.23,50.063,41.955,33.773,26.109,18.061,9.861
94.1,Flowing,NORMAL,498.99,498.14,49.951,42.125,34.116,26.075,17.986,10.007
94.2,Flowing,NORMAL,500.84,499.48,49.99,42.09,33.93,25.936,18.081,9.996
94.3,Flowing,NORMAL,498.33,500.99,50.11,41.946,33.996,25.926,18.001,9.882
94.4,Flowing,NORMAL,498.57,500.23,49.961,41.885,34.056,26.057,17.862,10.107
94.5,Flowing,NORMAL,498.28,497.53,50.2,42.004,33.949,26.226,17.894,10.002
94.6,Flowing,NORMAL,500.25,501.67,50.014,42.108,34.029,25.96,17.924,9.973
94.7,Flowing,NORMAL,498.93,500.96,49.919,42.004,33.955,25.88,18.1,9.96
94.8,Flowing,NORMAL,501.46,500.23,49.899,41.987,34.005,25.86,18.027,9.916
94.9,Flowing,NORMAL,500.88,500.2,50.137,42.042,33.968,25.94,17.992,10.049
95.0,Flowing,NORMAL,500.24,500.81,49.998,41.983,34.005,25.952,17.973,9.833
95.1,Flowing,NORMAL,500.36,502.79,50.078,42.024,33.938,26.152,18.007,9.917
95.2,Flowing,NORMAL,499.08,501.06,50.069,42.032,34.032,25.966,18.036,9.979
95.3,Flowing,NORMAL,499.08,500.36,50.044,41.848,33.965,26.138,17.939,9.952
95.4,Flowing,NORMAL,500.85,498.53,49.964,41.903,33.823,25.982,18.011,9.996
95.5,Flowing,NORMAL,501.1,500.2,49.988,42.003,34.082,25.985,17.954,9.978
95.6,Flowing,NORMAL,500.84,500.93,50.046,42.113,33.95,26.008,18.027,9.921
95.7,Flowing,NORMAL,499.44,499.86,50.002,41.883,33.858,26.029,17.969,10.016
95.8,Flowing,NORMAL,499.53,499.37,49.999,41.922,33.996,25.901,18.111,9.892
95.9,Flowing,NORMAL,498.88,500.66,49.984,41.917,34.046,25.973,17.959,10.068
96.0,Flowing,NORMAL,500.92,498.81,50.002,42.041,33.921,25.888,18.009,9.974
96.1,Flowing,NORMAL,497.65,501.04,50.05,41.994,34.016,25.87,18.151,9.987
96.2,Flowing,NORMAL,497.35,499.48,50.056,41.933,34.025,25.896,18.036,9.972
96.3,Flowing,NORMAL,497.59,497.45,50.002,42.056,33.901,25.945,18.037,10.168
96.4,Flowing,NORMAL,497.43,499.45,49.989,42.047,33.991,26.155,17.86,10.008
96.5,Flowing,NORMAL,501.63,499.93,49.87,41.799,34.024,26.011,17.977,9.992
96.6,Flowing,NORMAL,500.94,500.66,50.248,41.979,34.041,25.948,18.024,9.981
96.7,Flowing,NORMAL,498.56,500.52,49.967,42.146,34.094,26.011,17.816,9.971
96.8,Flowing,NORMAL,499.87,498.45,50.216,41.982,34.088,26.115,18.018,9.933
96.9,Flowing,NORMAL,501.76,500.15,49.805,42.055,33.935,26.014,17.9,9.979
97.0,Flowing,NORMAL,500.6,499.36,50.003,42.021,33.911,26.096,17.952,9.866
97.1,Flowing,NORMAL,502.54,499.57,49.991,42.003,34.013,26.109,17.981,9.99
97.2,Flowing,NORMAL,499.86,498.8,49.912,42.066,34.015,25.966,17.848,10.116
97.3,Flowing,NORMAL,499.21,499.94,49.902,41.953,34.029,25.904,17.881,9.83
97.4,Flowing,NORMAL,498.7,503.76,50.058,41.956,34.234,25.92,17.926,9.955
97.5,Flowing,NORMAL,500.03,502.23,50.019,41.962,34.049,25.922,17.889,9.856
97.6,Flowing,NORMAL,501.12,498.8,49.822,41.959,33.976,25.949,18.099,10.098
97.7,Flowing,NORMAL,500.12,500.08,49.973,41.856,33.955,25.952,17.947,9.944
97.8,Flowing,NORMAL,499.57,499.62,49.948,41.969,33.949,26.017,18.029,9.927
97.9,Flowing,NORMAL,501.51,500.17,50.102,41.922,33.871,26.03,17.935,10.026
98.0,Flowing,NORMAL,500.63,501.1,49.808,42.111,34.054,25.88,17.882,10.134
98.1,Flowing,NORMAL,499.86,499.84,49.941,41.933,33.819,25.972,17.982,10.057
98.2,Flowing,NORMAL,499.08,499.15,49.888,41.878,34.036,26.081,17.874,10.087
98.3,Flowing,NORMAL,499.69,501.39,50.003,42.087,33.994,25.798,17.988,10.085
98.4,Flowing,NORMAL,500.57,498.52,49.929,41.969,33.986,25.768,18.134,9.928
98.5,Flowing,NORMAL,499.06,500.23,50.04,41.993,34.101,26.032,17.981,9.929
98.6,Flowing,NORMAL,498.52,498.22,50.064,41.85,34.052,25.912,18.1,10.013
98.7,Flowing,NORMAL,499.42,498.77,50.052,42.007,33.86,25.931,18.054,10.013
98.8,Flowing,NORMAL,499.94,500.89,50.094,42.032,33.923,25.936,18.008,9.815
98.9,Flowing,NORMAL,501.64,499.18,50.134,42.035,34.098,25.874,18.1,10.179
99.0,Flowing,NORMAL,498.61,497.75,49.894,42.062,34.0,25.876,18.039,10.067
99.1,Flowing,NORMAL,500.27,499.13,49.952,42.093,33.867,25.88,18.011,10.002
99.2,Flowing,NORMAL,499.67,499.0,49.943,42.065,34.042,26.069,17.99,10.048
99.3,Flowing,NORMAL,499.73,498.49,49.964,42.164,33.935,26.168,18.003,9.89
99.4,Flowing,NORMAL,501.85,500.66,50.109,42.01,34.068,26.098,18.027,9.953
99.5,Flowing,NORMAL,500.1,498.14,50.078,42.0,34.055,25.828,18.036,9.949
99.6,Flowing,NORMAL,498.9,499.29,50.132,42.05,34.019,26.039,17.92,10.13
99.7,Flowing,NORMAL,501.07,500.16,50.159,42.031,34.127,25.954,17.936,10.003
99.8,Flowing,NORMAL,500.98,499.59,50.035,41.968,34.043,26.025,17.92,10.042
99.9,Flowing,NORMAL,498.8,499.51,50.069,42.014,34.092,25.903,18.037,9.906
100.0,Flowing,NORMAL,498.57,499.13,49.911,41.95,33.925,25.956,17.983,10.067
100.1,Flowing,NORMAL,500.49,498.54,49.974,41.873,34.091,25.933,17.995,10.036
100.2,Flowing,NORMAL,499.96,499.24,50.016,42.088,34.038,25.931,18.174,10.016
100.3,Flowing,NORMAL,499.44,500.79,49.988,42.077,34.02,26.032,18.199,9.978
100.4,Flowing,NORMAL,501.27,499.48,49.975,42.009,34.086,25.879,17.843,9.953
100.5,Flowing,NORMAL,499.29,500.2,49.869,41.966,34.04,25.929,17.886,10.006
100.6,Flowing,NORMAL,500.51,501.34,50.069,41.864,34.066,26.065,18.076,10.097
100.7,Flowing,NORMAL,501.41,500.72,50.176,41.972,34.009,25.967,18.0,10.123
100.8,Flowing,NORMAL,499.59,498.47,49.892,41.931,34.11,26.082,17.971,10.068
100.9,Flowing,NORMAL,497.81,500.54,50.027,42.12,34.006,26.082,18.211,10.048
101.0,Flowing,NORMAL,499.52,501.26,50.004,42.058,33.971,26.191,18.014,9.978
101.1,Flowing,NORMAL,500.23,499.3,49.933,42.088,34.069,25.96,18.046,9.879
101.2,Flowing,NORMAL,501.2,498.1,50.015,42.036,34.137,25.938,17.898,9.928
101.3,Flowing,NORMAL,499.37,499.47,49.893,42.107,34.124,26.026,18.098,10.011
101.4,Flowing,NORMAL,502.07,500.23,49.992,41.973,33.975,25.876,18.021,9.997
101.5,Flowing,NORMAL,498.44,500.71,50.06,42.007,33.987,25.93,18.006,10.059
101.6,Flowing,NORMAL,500.2,499.38,49.909,42.007,34.019,25.943,17.953,10.018
101.7,Flowing,NORMAL,499.71,497.56,49.909,42.028,33.928,26.085,18.187,9.931
101.8,Flowing,NORMAL,501.62,498.47,50.043,41.942,34.083,25.899,18.038,9.93
101.9,Flowing,NORMAL,498.23,500.43,49.983,41.918,34.066,25.933,18.044,9.972
102.0,Flowing,NORMAL,500.51,502.39,49.991,42.012,33.939,26.017,18.122,9.938
102.1,Flowing,NORMAL,499.71,499.97,50.094,42.12,33.935,25.884,18.024,9.956
102.2,Flowing,NORMAL,501.83,501.58,50.149,42.003,33.936,25.908,18.087,9.954
102.3,Flowing,NORMAL,499.01,498.73,50.004,42.076,33.961,25.996,17.999,10.055
102.4,Flowing,NORMAL,500.5,499.22,50.047,41.982,34.005,25.97,17.882,10.021
102.5,Flowing,NORMAL,498.99,497.19,50.151,41.929,33.938,25.93,18.058,10.036
102.6,Flowing,NORMAL,500.23,500.44,49.987,41.927,34.007,25.875,18.011,10.07
102.7,Flowing,NORMAL,499.56,498.93,49.9,41.877,34.126,25.951,18.091,9.988
102.8,Flowing,NORMAL,499.54,500.72,49.987,42.035,33.929,26.011,17.969,9.894
102.9,Flowing,NORMAL,497.62,499.4,50.027,41.979,33.987,25.903,18.127,10.07
103.0,Flowing,NORMAL,500.5,502.43,50.077,41.976,33.862,26.156,17.995,9.94
103.1,Flowing,NORMAL,498.7,502.15,50.033,42.093,33.998,26.102,18.087,9.914
103.2,Flowing,NORMAL,498.66,497.24,49.946,42.077,33.783,25.988,17.886,9.962
103.3,Flowing,NORMAL,498.13,500.71,49.976,41.971,33.956,25.912,18.183,10.149
103.4,Flowing,NORMAL,498.73,499.11,49.907,42.127,33.968,26.01,17.995,9.947
103.5,Flowing,NORMAL,500.6,500.78,50.079,42.01,33.962,25.896,17.929,9.869
103.6,Flowing,NORMAL,500.54,498.39,50.001,41.904,33.979,26.11,18.096,9.997
103.7,Flowing,NORMAL,500.8,501.73,49.993,42.15,34.042,25.974,17.886,10.032
103.8,Flowing,NORMAL,498.77,501.24,50.066,41.949,34.023,25.971,17.985,9.801
103.9,Flowing,NORMAL,500.26,498.3,49.982,42.078,33.949,26.004,17.94,10.029
104.0,Flowing,NORMAL,499.26,499.78,49.983,41.925,34.107,26.074,17.952,10.04
104.1,Flowing,NORMAL,501.15,500.19,50.043,42.051,33.864,26.081,17.954,9.971
104.2,Flowing,NORMAL,500.51,500.86,50.211,42.024,33.969,25.824,18.111,9.892
104.3,Flowing,NORMAL,499.21,499.99,49.92,41.973,34.113,26.062,17.987,10.025
104.4,Flowing,NORMAL,501.25,500.94,49.952,42.011,34.006,26.078,18.077,10.04
104.5,Flowing,NORMAL,500.61,499.92,49.971,42.059,33.993,25.913,17.968,10.007
104.6,Flowing,NORMAL,498.34,500.73,50.073,41.985,33.903,26.005,18.009,10.015
104.7,Flowing,NORMAL,497.99,498.36,50.074,42.082,33.952,25.951,17.917,10.056
104.8,Flowing,NORMAL,498.38,499.97,50.116,41.975,33.981,26.117,18.04,10.035
104.9,Flowing,NORMAL,501.98,501.38,49.905,42.054,33.926,25.909,17.972,9.953
105.0,Flowing,NORMAL,498.78,501.69,49.982,41.885,34.077,26.09,17.844,10.078
105.1,Flowing,NORMAL,502.25,500.21,49.935,42.069,33.995,26.002,17.985,10.097
105.2,Flowing,NORMAL,498.72,499.88,49.901,42.049,34.088,26.057,18.186,9.958
105.3,Flowing,NORMAL,498.59,501.64,50.077,41.992,34.099,25.999,17.969,10.104
105.4,Flowing,NORMAL,501.06,499.88,49.961,41.887,33.959,26.05,18.111,10.009
105.5,Flowing,NORMAL,501.11,501.37,50.105,41.891,33.965,25.977,17.991,10.007
105.6,Flowing,NORMAL,500.67,499.87,50.055,41.964,34.011,25.996,17.926,9.991
105.7,Flowing,NORMAL,500.81,500.05,49.989,41.987,34.003,26.006,17.965,10.102
105.8,Flowing,NORMAL,499.04,498.67,49.906,41.942,34.222,25.917,17.892,10.059
105.9,Flowing,NORMAL,501.0,498.5,49.834,41.981,34.172,25.876,17.841,9.88
106.0,Flowing,NORMAL,500.29,501.17,50.072,42.09,33.959,26.055,18.111,10.143
106.1,Flowing,NORMAL,499.56,502.07,49.98,41.816,33.934,25.966,17.979,9.985
106.2,Flowing,NORMAL,500.11,500.13,50.09,42.102,33.986,26.088,18.029,10.005
106.3,Flowing,NORMAL,501.27,499.8,50.073,42.006,34.165,25.885,17.959,9.99
106.4,Flowing,NORMAL,500.47,501.23,50.035,42.101,33.998,25.886,18.067,10.06
106.5,Flowing,NORMAL,497.41,500.4,49.845,42.0,33.873,25.947,17.928,10.065
106.6,Flowing,NORMAL,501.07,497.12,50.009,41.897,34.07,25.885,18.026,9.935
106.7,Flowing,NORMAL,500.98,501.19,49.971,42.04,34.042,26.107,17.993,10.025
106.8,Flowing,NORMAL,499.55,498.4,49.965,42.015,34.035,25.992,17.856,10.027
106.9,Flowing,NORMAL,500.14,499.99,50.029,41.946,33.897,26.118,18.039,9.982
107.0,Flowing,NORMAL,500.14,499.47,49.909,41.934,34.104,26.011,17.956,10.041
107.1,Flowing,NORMAL,497.62,499.23,49.935,42.12,34.108,25.963,17.95,9.791
107.2,Flowing,NORMAL,499.52,500.06,49.881,41.893,34.011,25.974,17.892,9.978
107.3,Flowing,NORMAL,499.56,501.07,50.04,42.042,33.848,25.99,17.889,10.072
107.4,Flowing,NORMAL,499.81,500.04,50.063,41.928,33.939,25.963,17.82,10.027
107.5,Flowing,NORMAL,499.37,501.69,49.978,42.078,33.912,25.95,17.879,9.92
107.6,Flowing,NORMAL,500.8,501.84,49.905,42.08,33.944,26.01,17.97,9.898
107.7,Flowing,NORMAL,499.03,501.83,49.987,42.048,33.903,26.065,17.932,9.961
107.8,Flowing,NORMAL,501.09,499.93,50.042,41.947,34.003,25.975,18.01,9.81
107.9,Flowing,NORMAL,500.74,499.43,49.854,42.049,34.083,25.927,17.98,10.024
108.0,Flowing,NORMAL,501.63,499.96,50.055,41.838,33.929,25.973,18.056,10.2
108.1,Flowing,NORMAL,502.08,501.35,49.982,41.887,34.032,26.106,18.009,9.927
108.2,Flowing,NORMAL,502.09,501.28,50.077,42.053,33.918,26.031,18.08,10.095
108.3,Flowing,NORMAL,498.58,496.89,49.995,41.971,34.098,25.903,18.035,9.89
108.4,Flowing,NORMAL,500.41,500.37,50.085,41.979,34.101,26.039,17.902,10.114
108.5,Flowing,NORMAL,499.14,497.16,50.124,42.071,33.939,25.976,18.012,9.944
108.6,Flowing,NORMAL,503.94,499.98,50.135,42.012,33.784,26.027,17.972,9.994
108.7,Flowing,NORMAL,500.74,499.37,49.971,42.065,34.09,26.023,17.973,9.997
108.8,Flowing,NORMAL,501.7,499.0,50.002,41.936,34.046,26.037,18.123,10.1
108.9,Flowing,NORMAL,500.52,501.02,49.945,42.066,33.924,26.056,17.959,9.918
109.0,Flowing,NORMAL,496.84,499.22,50.022,41.786,33.86,25.986,18.007,9.97
109.1,Flowing,NORMAL,499.06,499.99,49.874,41.935,34.031,26.047,17.999,10.093
109.2,Flowing,NORMAL,499.18,498.88,50.032,41.94,33.978,25.888,17.991,10.089
109.3,Flowing,NORMAL,499.53,500.09,50.055,42.112,33.976,26.108,17.985,10.118
109.4,Flowing,NORMAL,500.43,501.15,49.998,42.057,34.118,25.985,18.017,10.103
109.5,Flowing,NORMAL,500.6,498.95,49.989,41.894,34.171,25.962,18.013,10.092
109.6,Flowing,NORMAL,496.85,500.77,49.951,41.919,34.02,25.857,17.977,10.02
109.7,Flowing,NORMAL,499.72,500.07,49.978,41.877,34.128,26.008,18.114,9.979
109.8,Flowing,NORMAL,499.42,500.06,49.93,42.022,33.983,25.906,18.118,9.95
109.9,Flowing,NORMAL,501.66,499.58,49.853,42.106,33.96,25.951,17.859,10.139
110.0,Flowing,NORMAL,500.71,500.93,49.897,42.005,34.073,26.034,17.995,9.864
110.1,Flowing,NORMAL,499.78,500.81,49.935,42.015,33.937,26.016,18.055,10.077
110.2,Flowing,NORMAL,500.27,499.84,49.902,42.176,34.061,26.0,18.087,10.189
110.3,Flowing,NORMAL,497.98,500.24,49.885,41.982,33.81,26.015,18.029,9.997
110.4,Flowing,NORMAL,500.79,500.89,49.948,41.836,34.03,26.116,17.953,10.035
110.5,Flowing,NORMAL,499.53,500.65,49.875,42.037,33.969,25.939,17.939,9.969
110.6,Flowing,NORMAL,499.03,499.63,50.031,41.895,33.968,25.997,17.912,10.144
110.7,Flowing,NORMAL,501.58,501.4,49.932,41.946,33.922,26.144,18.044,9.925
110.8,Flowing,NORMAL,500.33,501.04,50.088,42.016,34.021,25.972,17.94,10.027
110.9,Flowing,NORMAL,499.2,502.53,49.956,42.145,33.898,26.123,17.991,10.024
111.0,Flowing,NORMAL,499.27,498.12,50.067,41.95,34.069,25.783,17.942,9.926
111.1,Flowing,NORMAL,500.44,500.84,49.9,41.983,34.031,26.056,18.019,9.947
111.2,Flowing,NORMAL,500.35,501.38,50.03,42.01,34.075,26.062,18.002,9.928
111.3,Flowing,NORMAL,500.04,501.21,49.948,41.956,33.975,26.021,18.057,9.996
111.4,Flowing,NORMAL,498.56,499.7,50.001,42.011,33.959,25.926,17.86,9.944
111.5,Flowing,NORMAL,498.73,498.36,50.038,41.944,33.981,26.037,18.042,9.914
111.6,Flowing,NORMAL,499.1,501.85,50.08,42.09,33.91,25.934,18.095,9.988
111.7,Flowing,NORMAL,499.76,499.42,49.822,41.888,33.98,25.907,17.967,10.003
111.8,Flowing,NORMAL,499.95,499.65,50.117,41.977,34.086,26.114,18.115,10.023
111.9,Flowing,NORMAL,499.81,502.48,49.843,42.037,34.084,25.994,18.14,10.069
112.0,Flowing,NORMAL,499.86,498.47,50.045,42.087,34.027,25.801,17.96,10.096
112.1,Flowing,NORMAL,502.26,500.98,49.935,41.982,33.916,26.143,18.135,9.929
112.2,Flowing,NORMAL,501.02,499.1,50.012,41.946,34.049,26.041,18.065,10.027
112.3,Flowing,NORMAL,501.43,499.07,50.235,41.918,33.863,25.969,17.875,9.881
112.4,Flowing,NORMAL,500.56,500.2,49.92,41.926,33.924,26.041,17.96,9.986
112.5,Flowing,NORMAL,500.09,500.81,50.072,41.939,33.979,26.029,17.845,9.809
112.6,Flowing,NORMAL,500.49,501.14,50.028,42.039,34.165,26.013,18.066,9.984
112.7,Flowing,NORMAL,500.27,501.3,50.024,42.133,33.83,26.033,18.171,10.023
112.8,Flowing,NORMAL,500.97,499.15,50.132,41.95,33.997,26.003,17.823,9.907
112.9,Flowing,NORMAL,498.83,498.63,49.912,42.066,34.07,26.026,18.066,9.987
113.0,Flowing,NORMAL,500.87,499.59,50.096,42.001,34.005,25.979,18.055,9.966
113.1,Flowing,NORMAL,500.2,500.42,50.078,41.909,33.912,26.055,17.993,9.964
113.2,Flowing,NORMAL,497.83,499.75,50.071,41.951,33.984,26.112,18.123,10.126
113.3,Flowing,NORMAL,500.1,495.64,49.977,42.098,33.924,25.927,17.812,10.134
113.4,Flowing,NORMAL,498.43,497.81,49.931,41.99,33.927,26.056,17.97,9.896
113.5,Flowing,NORMAL,499.36,499.71,50.035,41.885,33.933,25.831,17.886,10.014
113.6,Flowing,NORMAL,499.81,501.03,49.843,41.882,34.0,25.957,18.159,10.147
113.7,Flowing,NORMAL,498.19,498.91,49.931,42.045,34.06,25.952,17.88,9.999
113.8,Flowing,NORMAL,499.94,500.88,49.986,41.965,34.035,25.94,17.908,10.009
113.9,Flowing,NORMAL,500.08,498.2,50.031,41.906,34.074,25.858,17.954,9.979
114.0,Flowing,NORMAL,500.91,500.31,49.949,41.955,34.15,25.932,18.195,10.035
114.1,Flowing,NORMAL,499.46,500.32,50.007,42.038,34.202,25.921,17.91,9.94
114.2,Flowing,NORMAL,500.33,500.56,50.003,41.862,34.002,26.135,18.012,9.977
114.3,Flowing,NORMAL,499.89,498.79,49.951,42.072,33.934,26.148,18.155,10.021
114.4,Flowing,NORMAL,499.5,498.14,49.999,42.082,34.088,25.936,17.958,9.894
114.5,Flowing,NORMAL,498.0,500.87,50.033,42.053,33.892,25.964,17.892,9.928
114.6,Flowing,NORMAL,499.87,498.17,50.044,41.941,33.976,25.87,18.015,9.996
114.7,Flowing,NORMAL,500.89,499.07,49.942,41.985,34.014,25.935,17.882,10.144
114.8,Flowing,NORMAL,498.88,501.67,49.949,41.992,34.081,26.282,17.9,10.036
114.9,Flowing,NORMAL,499.74,500.2,49.943,41.957,33.942,25.91,17.997,9.882
115.0,Flowing,NORMAL,499.92,500.44,50.076,42.004,34.034,25.963,17.971,10.023
115.1,Flowing,NORMAL,501.32,500.75,49.907,41.971,33.931,25.929,17.831,10.107
115.2,Flowing,NORMAL,500.04,500.71,49.945,42.093,34.086,25.897,17.913,10.205
115.3,Flowing,NORMAL,500.35,499.97,50.14,41.997,34.021,25.95,18.035,9.943
115.4,Flowing,NORMAL,499.99,498.92,49.837,41.894,34.002,25.91,17.995,9.914
115.5,Flowing,NORMAL,499.41,503.22,49.937,42.068,34.02,25.999,18.07,10.038
115.6,Flowing,NORMAL,498.64,499.65,50.116,41.963,33.966,25.896,17.966,10.077
115.7,Flowing,NORMAL,499.66,500.4,50.104,42.077,33.856,26.087,17.853,10.072
115.8,Flowing,NORMAL,500.47,500.53,49.971,42.056,33.893,26.094,17.883,9.947
115.9,Flowing,NORMAL,500.15,499.36,49.92,41.86,34.008,26.144,18.213,10.008
116.0,Flowing,NORMAL,501.78,499.49,50.089,42.019,34.04,25.973,18.016,10.043
116.1,Flowing,NORMAL,501.14,501.79,49.954,41.994,33.995,26.066,17.915,9.996
116.2,Flowing,NORMAL,501.49,499.11,50.153,42.093,34.108,26.002,18.026,10.08
116.3,Flowing,NORMAL,497.56,500.49,50.125,41.844,33.895,26.105,17.978,9.946
116.4,Flowing,NORMAL,501.9,501.08,49.9,41.956,33.888,26.167,17.998,9.995
116.5,Flowing,NORMAL,500.32,499.74,50.047,42.077,34.076,26.086,17.95,9.976
116.6,Flowing,NORMAL,500.49,499.89,50.062,41.958,34.0,26.032,18.063,9.858
116.7,Flowing,NORMAL,501.08,501.15,50.057,41.981,34.057,26.062,18.129,10.108
116.8,Flowing,NORMAL,500.03,499.84,50.108,42.115,34.023,26.003,18.07,10.059
116.9,Flowing,NORMAL,498.72,497.51,49.975,42.032,33.997,25.932,18.103,10.004
117.0,Flowing,NORMAL,501.74,501.8,50.164,41.87,33.955,26.003,18.091,10.032
117.1,Flowing,NORMAL,499.08,498.83,50.025,41.91,33.907,26.026,17.891,9.957
117.2,Flowing,NORMAL,498.82,500.26,50.04,41.921,34.128,26.098,17.874,9.925
117.3,Flowing,NORMAL,499.72,498.42,49.817,41.937,34.061,25.967,18.037,9.878
117.4,Flowing,NORMAL,499.54,499.39,50.064,41.956,34.001,25.993,17.898,9.908
117.5,Flowing,NORMAL,500.0,499.48,50.077,42.032,34.084,26.026,18.011,9.862
117.6,Flowing,NORMAL,499.88,500.21,49.978,41.998,34.156,26.055,18.123,10.048
117.7,Flowing,NORMAL,501.62,498.95,49.943,42.009,34.019,25.925,17.969,9.984
117.8,Flowing,NORMAL,500.55,502.38,50.128,41.834,34.096,25.925,17.89,10.094
117.9,Flowing,NORMAL,498.97,500.03,50.059,42.1,34.064,26.165,18.045,9.987
118.0,Flowing,NORMAL,499.14,501.06,50.027,42.099,33.938,25.948,17.975,9.832
118.1,Flowing,NORMAL,499.53,499.99,50.011,41.849,34.004,26.069,17.962,10.134
118.2,Flowing,NORMAL,499.54,501.2,49.883,42.095,34.054,25.863,18.217,9.995
118.3,Flowing,NORMAL,499.38,497.48,49.93,41.887,33.982,25.99,18.008,9.976
118.4,Flowing,NORMAL,498.68,499.15,50.051,41.969,33.845,25.988,17.811,10.028
118.5,Flowing,NORMAL,500.35,499.37,49.922,42.013,34.105,25.924,18.085,9.965
118.6,Flowing,NORMAL,499.45,499.36,50.14,41.971,33.933,26.055,17.965,9.933
118.7,Flowing,NORMAL,498.86,500.62,49.962,41.996,34.107,25.845,18.002,10.05
118.8,Flowing,NORMAL,500.58,500.7,50.015,42.105,33.994,25.985,18.047,10.008
118.9,Flowing,NORMAL,501.02,499.91,49.969,42.041,33.948,25.951,17.958,10.108
119.0,Flowing,NORMAL,499.71,499.94,49.742,42.032,34.003,25.866,18.025,10.038
119.1,Flowing,NORMAL,502.14,502.93,50.047,41.788,34.109,25.941,18.055,10.059
119.2,Flowing,NORMAL,502.66,500.39,49.93,42.053,33.969,25.834,18.093,9.938
119.3,Flowing,NORMAL,500.6,497.33,49.932,41.968,34.022,25.995,18.044,9.893
119.4,Flowing,NORMAL,499.44,500.92,49.941,41.991,34.152,25.991,18.087,10.003
119.5,Flowing,NORMAL,500.32,500.67,49.961,41.98,33.987,26.048,18.11,10.029
119.6,Flowing,NORMAL,498.53,501.39,50.095,41.923,33.967,25.942,18.025,9.971
119.7,Flowing,NORMAL,498.95,500.72,50.058,41.926,34.003,26.055,17.835,10.17
119.8,Flowing,NORMAL,497.98,498.91,49.977,41.838,34.013,26.003,17.993,10.079
119.9,Flowing,NORMAL,499.25,501.07,50.06,42.024,34.036,25.992,18.142,9.882
120.0,Flowing,NORMAL,498.52,500.12,50.011,42.005,34.065,25.932,17.861,10.013
120.1,Flowing,NORMAL,500.75,501.26,50.022,42.119,33.898,26.092,18.189,9.97
120.2,Flowing,NORMAL,499.1,501.86,49.897,41.967,34.001,26.045,17.953,10.124
120.3,Flowing,NORMAL,500.33,499.85,49.911,41.861,34.089,25.818,17.984,10.249
120.4,Flowing,NORMAL,500.9,501.05,49.999,41.91,33.995,25.996,18.013,10.053
120.5,Flowing,NORMAL,501.41,501.24,49.917,42.135,34.02,26.058,17.95,10.103
120.6,Flowing,NORMAL,499.58,500.19,49.979,42.022,33.925,25.92,18.055,9.965
120.7,Flowing,NORMAL,500.37,502.35,49.932,41.949,34.056,25.95,17.991,10.001
120.8,Flowing,NORMAL,500.41,501.25,49.847,41.882,34.027,25.941,18.085,10.077
120.9,Flowing,NORMAL,501.53,499.3,50.058,42.146,33.993,26.052,17.953,10.196
121.0,Flowing,NORMAL,500.94,500.31,50.159,42.001,34.031,26.109,17.988,9.947
121.1,Flowing,NORMAL,501.56,501.03,50.07,42.006,34.015,25.933,17.863,10.019
121.2,Flowing,NORMAL,498.0,502.3,50.072,41.982,34.115,25.944,17.916,9.995
121.3,Flowing,NORMAL,499.2,500.75,49.993,42.062,33.938,26.109,18.157,9.997
121.4,Flowing,NORMAL,501.24,500.35,50.1,41.915,34.086,26.084,18.069,9.999
121.5,Flowing,NORMAL,500.7,501.52,49.764,41.949,33.95,25.922,18.01,9.966
121.6,Flowing,NORMAL,499.85,499.74,49.934,41.915,33.943,26.09,17.947,9.959
121.7,Flowing,NORMAL,499.43,498.81,49.963,42.027,34.036,25.756,18.082,10.115
121.8,Flowing,NORMAL,500.95,500.84,49.916,41.922,33.964,25.94,18.018,9.844
121.9,Flowing,NORMAL,497.62,499.55,49.911,42.123,33.926,26.099,18.028,9.855
122.0,Flowing,NORMAL,500.95,503.26,50.051,41.991,33.964,26.02,18.038,10.057
122.1,Flowing,NORMAL,500.11,500.3,50.094,42.033,33.89,25.962,18.235,10.058
122.2,Flowing,NORMAL,499.41,500.85,50.19,42.112,34.019,26.024,17.997,9.861
122.3,Flowing,NORMAL,500.6,499.25,50.001,42.097,33.952,26.033,18.068,9.927
122.4,Flowing,NORMAL,499.54,501.52,49.964,41.919,33.934,25.897,17.928,10.114
122.5,Flowing,NORMAL,500.03,499.97,49.927,42.01,33.96,26.094,18.105,10.069
122.6,Flowing,NORMAL,499.94,499.85,50.024,41.982,33.905,26.155,17.939,10.053
122.7,Flowing,NORMAL,500.89,499.88,50.085,41.956,34.083,26.061,18.138,9.962
122.8,Flowing,NORMAL,500.19,498.45,49.897,41.96,34.017,26.005,17.969,9.847
122.9,Flowing,NORMAL,497.71,499.7,50.038,42.158,34.037,26.049,18.046,10.032
123.0,Flowing,NORMAL,498.33,500.66,50.075,42.032,33.975,25.936,17.98,10.025
123.1,Flowing,NORMAL,498.7,498.15,49.975,42.025,34.035,26.067,18.103,10.006
123.2,Flowing,NORMAL,500.55,501.23,49.895,41.972,34.004,25.853,18.111,10.011
123.3,Flowing,NORMAL,500.67,499.68,50.031,42.109,33.95,26.046,17.991,9.985
123.4,Flowing,NORMAL,502.0,500.29,49.938,42.133,33.97,26.056,17.85,10.094
123.5,Flowing,NORMAL,498.78,497.32,50.084,42.008,33.982,26.032,18.183,9.859
123.6,Flowing,NORMAL,501.57,500.27,50.063,41.927,33.998,25.98,17.966,9.999
123.7,Flowing,NORMAL,497.67,498.75,49.909,42.082,33.856,26.043,17.974,9.906
123.8,Flowing,NORMAL,500.02,499.58,50.016,41.875,34.003,25.886,18.037,9.926
123.9,Flowing,NORMAL,500.29,498.12,49.964,42.024,33.938,25.995,17.879,10.05
124.0,Flowing,NORMAL,500.29,498.94,50.141,42.223,34.007,26.063,17.858,10.12
124.1,Flowing,NORMAL,499.63,499.8,50.062,41.961,34.099,25.98,17.963,10.038
124.2,Flowing,NORMAL,500.14,499.67,49.915,42.082,33.916,25.916,17.927,10.061
124.3,Flowing,NORMAL,498.52,501.06,49.951,41.892,33.952,25.997,17.906,9.908
124.4,Flowing,NORMAL,501.04,497.76,50.169,41.931,33.974,25.971,17.966,10.05
124.5,Flowing,NORMAL,500.3,499.94,50.076,41.976,33.901,26.102,17.992,10.138
124.6,Flowing,NORMAL,500.43,499.88,49.82,42.016,34.153,25.972,17.982,10.024
124.7,Flowing,NORMAL,499.67,499.45,49.955,41.975,33.973,25.95,18.098,10.037
124.8,Flowing,NORMAL,499.61,498.9,50.02,42.065,33.979,25.938,17.952,10.0
124.9,Flowing,NORMAL,500.63,501.32,49.915,41.96,33.959,26.17,17.778,9.986
125.0,Flowing,NORMAL,501.91,502.46,50.138,42.01,34.06,26.008,17.947,9.821
125.1,Flowing,NORMAL,498.33,497.94,50.016,41.938,33.936,25.96,18.14,10.192
125.2,Flowing,NORMAL,498.27,498.89,50.017,41.963,33.906,26.037,18.143,9.98
125.3,Flowing,NORMAL,500.32,498.79,49.81,42.054,34.079,25.873,18.014,10.036
125.4,Flowing,NORMAL,499.6,499.66,49.994,41.937,34.081,25.968,17.881,9.836
125.5,Flowing,NORMAL,500.15,501.51,50.101,42.049,34.007,25.965,17.958,9.914
125.6,Flowing,NORMAL,499.97,500.63,49.965,41.83,33.941,25.975,18.049,9.997
125.7,Flowing,NORMAL,500.75,499.82,50.064,42.108,34.085,26.038,18.001,9.922
125.8,Flowing,NORMAL,499.66,500.02,50.059,42.134,34.027,26.153,17.878,9.908
125.9,Flowing,NORMAL,498.55,499.62,50.068,42.021,34.105,25.999,17.931,9.983
126.0,Flowing,NORMAL,499.05,500.89,49.877,41.91,34.078,26.07,18.029,9.862
126.1,Flowing,NORMAL,499.81,501.03,49.971,41.902,34.094,25.953,17.913,10.002
126.2,Flowing,NORMAL,498.49,500.71,49.949,42.119,33.941,25.888,17.828,9.998
126.3,Flowing,NORMAL,499.96,497.36,49.955,41.886,34.095,26.053,17.998,10.109
126.4,Flowing,NORMAL,500.07,500.02,50.053,41.934,33.917,26.065,18.032,10.014
126.5,Flowing,NORMAL,499.57,499.78,49.932,42.049,33.94,25.992,18.116,9.947
126.6,Flowing,NORMAL,500.25,501.19,49.874,41.916,34.08,26.02,17.99,9.959
126.7,Flowing,NORMAL,498.06,500.29,50.039,41.932,34.024,25.941,17.928,9.949
126.8,Flowing,NORMAL,498.86,500.67,49.97,41.996,34.019,25.705,17.935,9.969
126.9,Flowing,NORMAL,498.63,499.41,50.12,41.914,34.013,26.12,17.895,10.032
127.0,Flowing,NORMAL,501.06,501.13,49.936,41.96,33.936,25.941,18.218,10.068
127.1,Flowing,NORMAL,502.77,501.48,50.088,42.039,33.871,26.032,18.086,9.932
127.2,Flowing,NORMAL,498.94,498.05,50.077,42.056,34.148,25.967,17.912,9.971
127.3,Flowing,NORMAL,499.72,498.44,50.115,41.854,33.835,26.007,17.965,10.001
127.4,Flowing,NORMAL,499.17,500.91,50.076,41.956,33.85,26.164,17.92,9.915
127.5,Flowing,NORMAL,500.27,499.79,50.088,41.969,33.995,26.039,18.087,9.973
127.6,Flowing,NORMAL,499.27,501.23,50.122,41.829,34.061,25.933,18.11,10.011
127.7,Flowing,NORMAL,500.34,500.29,49.946,42.053,34.071,26.051,17.918,9.961
127.8,Flowing,NORMAL,500.8,500.83,50.0,41.997,34.06,25.839,18.027,9.977
127.9,Flowing,NORMAL,498.53,499.1,49.933,41.941,33.983,25.712,17.944,9.93
128.0,Flowing,NORMAL,500.33,500.41,50.043,41.936,33.983,26.123,18.08,10.072
128.1,Flowing,NORMAL,497.85,500.41,49.96,42.043,33.981,25.984,18.033,9.952
128.2,Flowing,NORMAL,499.69,499.17,50.119,41.987,34.049,26.116,18.083,9.887
128.3,Flowing,NORMAL,499.61,501.2,50.036,42.068,34.071,25.911,17.947,10.08
128.4,Flowing,NORMAL,499.73,497.73,49.939,41.976,34.126,25.996,17.942,9.93
128.5,Flowing,NORMAL,499.63,500.25,50.027,41.893,33.98,26.027,18.104,10.053
128.6,Flowing,NORMAL,499.41,498.45,49.943,42.094,33.976,25.901,17.986,10.115
128.7,Flowing,NORMAL,499.68,498.77,50.013,42.001,34.131,25.885,17.897,9.871
128.8,Flowing,NORMAL,500.29,501.18,50.03,42.013,34.123,26.019,17.968,10.0
128.9,Flowing,NORMAL,500.32,498.68,50.009,41.866,34.217,26.042,18.017,10.049
129.0,Flowing,NORMAL,500.14,498.63,50.057,41.989,33.95,26.048,18.031,9.935
129.1,Flowing,NORMAL,499.31,500.7,50.114,42.023,34.058,26.111,18.002,10.025
129.2,Flowing,NORMAL,501.3,498.67,50.065,41.942,34.004,26.01,17.924,10.185
129.3,Flowing,NORMAL,501.83,501.22,49.887,41.896,34.105,26.057,17.918,10.049
129.4,Flowing,NORMAL,498.45,500.77,50.117,41.998,34.208,25.862,18.056,10.093
129.5,Flowing,NORMAL,500.2,499.07,50.071,41.984,33.977,26.036,18.065,10.048
129.6,Flowing,NORMAL,499.44,501.18,50.083,41.918,33.982,25.925,17.969,10.081
129.7,Flowing,NORMAL,501.11,497.67,50.009,42.209,34.015,26.005,18.008,9.949
129.8,Flowing,NORMAL,499.98,500.57,49.995,42.09,34.009,25.937,17.926,9.964
129.9,Flowing,NORMAL,500.06,498.5,50.006,42.095,33.893,25.974,18.012,9.853
130.0,Flowing,NORMAL,500.59,499.37,49.933,41.946,33.936,26.015,17.987,9.956
130.1,Flowing,NORMAL,499.64,499.45,50.034,42.138,34.131,25.846,18.046,9.986
130.2,Flowing,NORMAL,502.01,501.54,50.012,41.968,34.009,26.012,17.954,9.928
130.3,Flowing,NORMAL,500.61,499.4,49.964,42.019,34.048,26.068,17.96,10.023
130.4,Flowing,NORMAL,501.12,499.91,50.077,42.093,33.995,25.982,18.015,9.908
130.5,Flowing,NORMAL,499.74,499.47,49.985,42.06,34.051,25.978,18.017,9.934
130.6,Flowing,NORMAL,499.85,498.82,50.056,41.994,33.978,25.971,17.995,9.964
130.7,Flowing,NORMAL,500.97,498.76,50.053,41.968,34.127,26.117,17.929,10.006
130.8,Flowing,NORMAL,500.85,500.37,49.948,41.974,34.16,25.975,18.029,10.043
130.9,Flowing,NORMAL,498.5,499.97,49.92,41.932,33.904,25.929,17.772,10.044
131.0,Flowing,NORMAL,500.15,500.92,50.164,42.012,33.887,25.949,17.963,9.919
131.1,Flowing,NORMAL,500.57,499.71,50.069,42.065,33.908,26.058,18.122,10.152
131.2,Flowing,NORMAL,499.84,499.75,50.229,41.928,34.226,25.972,17.953,10.026
131.3,Flowing,NORMAL,500.45,500.92,49.953,42.032,33.894,25.981,18.103,9.995
131.4,Flowing,NORMAL,499.89,499.55,50.011,42.038,34.094,25.868,18.047,9.979
131.5,Flowing,NORMAL,497.3,498.27,50.013,42.085,33.904,25.919,17.845,9.956
131.6,Flowing,NORMAL,498.43,501.02,50.106,41.99,33.893,25.961,17.881,9.91
131.7,Flowing,NORMAL,501.17,499.19,50.031,41.906,34.089,25.994,18.007,9.978
131.8,Flowing,NORMAL,499.71,500.08,50.062,42.063,34.027,26.045,17.983,10.043
131.9,Flowing,NORMAL,500.23,499.25,49.973,42.0,33.978,25.963,17.945,10.037
132.0,Flowing,NORMAL,500.0,498.83,50.105,42.094,33.899,26.103,17.975,10.048
132.1,Flowing,NORMAL,499.01,497.72,49.928,42.011,34.025,25.881,18.049,10.108
132.2,Flowing,NORMAL,499.44,500.41,49.986,42.109,33.985,26.068,17.823,10.194
132.3,Flowing,NORMAL,500.39,495.93,50.12,41.977,33.842,26.023,17.884,10.036
132.4,Flowing,NORMAL,500.52,501.56,50.033,41.925,34.09,26.064,18.078,10.001
132.5,Flowing,NORMAL,502.63,501.24,49.887,42.078,33.978,25.889,18.108,10.168
132.6,Flowing,NORMAL,499.43,498.91,49.997,42.173,34.007,25.97,17.95,10.131
132.7,Flowing,NORMAL,502.0,501.91,49.938,42.059,33.955,25.963,18.082,9.97
132.8,Flowing,NORMAL,498.97,502.47,49.968,42.091,34.128,26.052,17.948,9.959
132.9,Flowing,NORMAL,500.59,499.67,50.006,42.026,33.921,26.058,18.007,9.863
133.0,Flowing,NORMAL,500.21,500.49,49.926,41.96,33.994,26.151,18.019,9.933
133.1,Flowing,NORMAL,499.85,500.16,50.018,41.972,34.026,26.046,18.097,9.998
133.2,Flowing,NORMAL,499.99,501.82,50.131,42.073,33.943,26.177,18.026,9.933
133.3,Flowing,NORMAL,499.25,498.33,50.132,42.166,33.997,25.96,17.986,10.057
133.4,Flowing,NORMAL,501.08,499.73,50.102,42.046,34.008,26.12,17.975,10.082
133.5,Flowing,NORMAL,498.99,501.1,49.977,42.034,33.991,25.996,17.97,10.108
133.6,Flowing,NORMAL,500.38,500.98,49.941,41.941,34.17,26.078,17.809,9.955
133.7,Flowing,NORMAL,500.91,499.95,49.855,41.924,33.749,25.989,17.909,10.005
133.8,Flowing,NORMAL,501.66,501.67,49.87,42.007,33.967,26.12,18.113,10.063
133.9,Flowing,NORMAL,501.17,500.28,49.974,42.159,33.876,25.888,17.993,10.18
134.0,Flowing,NORMAL,500.69,500.14,49.984,41.985,33.885,26.076,18.076,10.063
134.1,Flowing,NORMAL,499.23,500.84,49.95,41.943,33.897,26.007,17.914,9.906
134.2,Flowing,NORMAL,499.06,499.93,49.966,41.961,33.957,26.037,18.006,9.977
134.3,Flowing,NORMAL,498.63,500.06,50.015,41.921,34.008,26.012,17.88,10.08
134.4,Flowing,NORMAL,498.52,499.06,49.929,42.007,34.093,26.074,18.003,9.971
134.5,Flowing,NORMAL,500.0,503.52,50.076,42.054,33.951,25.936,17.834,10.012
134.6,Flowing,NORMAL,499.13,499.43,49.993,42.091,34.029,26.107,17.944,10.091
134.7,Flowing,NORMAL,501.44,500.88,49.958,42.062,33.883,26.019,17.841,9.979
134.8,Flowing,NORMAL,499.31,502.29,50.035,41.958,33.916,26.068,17.992,9.961
134.9,Flowing,NORMAL,500.11,498.39,50.003,42.211,34.092,26.093,18.035,10.013
135.0,Flowing,NORMAL,499.68,500.73,49.808,41.946,33.962,25.85,17.907,9.842
135.1,Flowing,NORMAL,498.32,500.03,49.997,42.066,34.089,26.033,17.923,9.845
135.2,Flowing,NORMAL,501.31,502.15,49.859,41.898,33.929,25.987,17.919,10.027
135.3,Flowing,NORMAL,500.83,498.91,49.981,42.001,34.091,25.906,18.033,9.999
135.4,Flowing,NORMAL,500.97,499.1,49.973,42.071,34.07,25.924,17.985,10.022
135.5,Flowing,NORMAL,500.71,499.94,49.978,42.047,34.022,26.147,17.878,9.99
135.6,Flowing,NORMAL,499.09,499.41,49.927,42.048,33.871,26.028,17.95,9.941
135.7,Flowing,NORMAL,499.11,499.45,49.884,41.963,34.087,25.998,18.05,10.133
135.8,Flowing,NORMAL,500.54,502.43,50.021,41.955,34.037,25.956,17.96,9.878
135.9,Flowing,NORMAL,501.85,500.15,50.074,41.969,34.015,25.917,18.035,9.939
136.0,Flowing,NORMAL,500.46,499.06,49.989,42.07,34.063,25.998,17.859,10.239
136.1,Flowing,NORMAL,501.17,499.53,50.14,42.058,33.94,25.991,17.957,10.101
136.2,Flowing,NORMAL,499.37,500.49,50.021,41.937,33.962,26.09,18.128,10.122
136.3,Flowing,NORMAL,501.32,500.4,50.061,41.98,33.741,26.024,18.0,10.011
136.4,Flowing,NORMAL,499.5,499.31,50.004,41.894,34.045,26.051,18.055,10.076
136.5,Flowing,NORMAL,500.29,498.05,50.048,41.967,33.994,26.007,18.009,10.08
136.6,Flowing,NORMAL,499.56,499.94,50.051,42.166,34.177,26.006,17.693,10.099
136.7,Flowing,NORMAL,501.07,499.91,49.957,41.936,33.968,25.964,18.049,9.875
136.8,Flowing,NORMAL,501.08,499.22,49.914,42.027,34.05,26.051,17.937,9.922
136.9,Flowing,NORMAL,498.23,501.54,49.959,42.019,34.119,25.836,17.982,9.893
137.0,Flowing,NORMAL,501.59,500.69,49.868,42.077,34.044,26.036,18.074,9.962
137.1,Flowing,NORMAL,502.85,500.16,49.965,42.175,33.98,26.059,18.001,9.852
137.2,Flowing,NORMAL,499.57,499.57,49.836,41.954,34.084,26.063,18.073,9.921
137.3,Flowing,NORMAL,499.85,502.08,50.129,41.923,34.017,25.999,17.986,10.107
137.4,Flowing,NORMAL,501.49,498.61,49.944,41.892,34.002,25.968,18.27,10.054
137.5,Flowing,NORMAL,500.08,499.4,49.967,41.916,33.85,25.918,18.009,10.114
137.6,Flowing,NORMAL,500.0,499.46,50.09,42.018,33.974,26.022,17.959,10.137
137.7,Flowing,NORMAL,502.28,500.36,49.985,41.993,33.823,25.984,18.067,9.915
137.8,Flowing,NORMAL,498.37,500.79,49.94,42.063,33.882,26.085,17.957,9.969
137.9,Flowing,NORMAL,499.05,498.4,49.91,42.03,34.197,26.063,17.931,10.091
138.0,Flowing,NORMAL,500.5,499.18,49.975,42.11,34.065,25.765,17.92,10.076
138.1,Flowing,NORMAL,498.06,500.54,50.012,41.918,33.949,25.848,17.993,10.177
138.2,Flowing,NORMAL,499.55,499.2,50.064,42.175,34.071,26.082,18.158,10.03
138.3,Flowing,NORMAL,499.54,499.52,49.985,42.083,34.116,25.962,17.942,10.011
138.4,Flowing,NORMAL,501.15,500.21,50.067,42.064,33.886,26.153,17.949,9.979
138.5,Flowing,NORMAL,500.83,498.82,49.928,42.216,34.019,25.932,18.069,10.062
138.6,Flowing,NORMAL,497.98,500.33,49.985,42.067,33.934,25.961,17.839,9.894
138.7,Flowing,NORMAL,499.17,500.74,50.145,42.131,34.005,26.133,17.987,9.981
138.8,Flowing,NORMAL,499.17,500.05,50.005,41.99,33.983,26.091,18.012,10.057
138.9,Flowing,NORMAL,499.74,501.71,50.083,42.031,33.922,25.892,18.012,9.986
139.0,Flowing,NORMAL,498.68,500.87,50.007,41.999,34.207,25.894,17.841,10.027
139.1,Flowing,NORMAL,500.54,499.95,49.97,42.025,34.047,26.103,17.879,9.955
139.2,Flowing,NORMAL,499.17,499.61,50.034,42.062,34.175,26.076,17.995,9.929
139.3,Flowing,NORMAL,500.71,502.11,49.955,41.953,34.052,26.021,17.894,9.965
139.4,Flowing,NORMAL,500.0,499.21,50.07,42.028,34.045,26.031,18.13,10.019
139.5,Flowing,NORMAL,498.83,499.67,49.969,41.927,34.02,25.805,17.985,9.984
139.6,Flowing,NORMAL,501.67,499.51,49.891,41.926,34.065,26.018,18.008,10.025
139.7,Flowing,NORMAL,501.7,500.48,50.007,42.099,34.01,25.883,18.13,10.03
139.8,Flowing,NORMAL,500.35,502.71,49.953,41.9,34.032,25.991,18.126,9.972
139.9,Flowing,NORMAL,499.71,500.3,49.933,42.072,34.074,26.013,18.054,9.997
140.0,Flowing,NORMAL,498.73,499.61,50.019,42.093,34.05,25.986,18.108,9.811
140.1,Flowing,NORMAL,501.29,500.23,50.164,41.864,33.95,25.997,17.988,10.081
140.2,Flowing,NORMAL,500.99,498.42,49.915,42.021,33.954,26.024,17.995,10.007
140.3,Flowing,NORMAL,499.02,499.77,49.956,41.959,34.023,26.075,17.952,9.93
140.4,Flowing,NORMAL,499.18,502.04,50.049,41.997,34.066,25.928,17.858,9.957
140.5,Flowing,NORMAL,500.55,500.79,49.939,41.994,33.949,26.059,17.977,10.012
140.6,Flowing,NORMAL,498.59,501.48,50.013,42.016,33.998,26.041,17.936,10.112
140.7,Flowing,NORMAL,499.25,501.22,49.981,41.895,34.015,25.932,18.053,10.177
140.8,Flowing,NORMAL,498.75,499.15,49.937,42.027,33.86,26.036,17.929,9.95
140.9,Flowing,NORMAL,498.79,502.29,49.912,42.059,34.081,26.002,17.931,10.127
141.0,Flowing,NORMAL,499.14,497.87,49.94,41.827,34.037,25.912,18.079,9.97
141.1,Flowing,NORMAL,501.09,500.4,50.048,42.112,33.903,25.955,17.994,10.123
141.2,Flowing,NORMAL,497.89,497.53,49.947,41.952,34.038,25.954,18.012,9.876
141.3,Flowing,NORMAL,500.52,497.94,50.177,41.892,33.974,25.997,18.153,9.894
141.4,Flowing,NORMAL,500.31,501.12,50.159,42.061,34.033,25.921,18.046,9.942
141.5,Flowing,NORMAL,501.16,499.17,50.101,41.922,33.991,25.956,17.921,10.059
141.6,Flowing,NORMAL,500.31,501.49,50.043,42.097,33.858,26.085,18.2,9.964
141.7,Flowing,NORMAL,499.55,497.39,50.152,41.979,33.89,25.976,18.084,9.933
141.8,Flowing,NORMAL,499.02,499.89,49.952,42.047,34.0,26.047,18.019,10.038
141.9,Flowing,NORMAL,501.19,498.54,49.965,42.019,33.926,26.103,17.949,10.09
142.0,Flowing,NORMAL,500.6,499.61,49.981,42.016,33.96,25.919,17.86,9.916
142.1,Flowing,NORMAL,499.41,501.86,49.974,42.017,34.081,25.964,17.929,9.885
142.2,Flowing,NORMAL,501.09,502.15,50.038,42.111,34.101,26.057,18.051,10.136
142.3,Flowing,NORMAL,499.46,500.62,50.027,42.052,33.974,25.891,17.945,9.999
142.4,Flowing,NORMAL,500.0,498.09,50.005,42.154,34.007,26.094,17.965,9.975
142.5,Flowing,NORMAL,499.27,498.55,49.894,41.941,34.042,26.001,18.075,10.015
142.6,Flowing,NORMAL,500.64,500.19,49.972,42.172,33.992,26.093,17.968,10.057
142.7,Flowing,NORMAL,498.81,499.03,50.074,42.017,33.812,26.001,18.098,10.042
142.8,Flowing,NORMAL,499.64,500.79,50.036,41.862,33.942,26.033,18.033,10.097
142.9,Flowing,NORMAL,499.21,502.01,49.988,42.032,34.001,25.921,17.82,10.034
143.0,Flowing,NORMAL,500.32,498.82,50.014,41.951,33.87,26.05,17.979,10.045
143.1,Flowing,NORMAL,500.47,498.93,50.149,41.829,33.944,25.983,18.116,9.869
143.2,Flowing,NORMAL,498.68,498.58,50.155,42.011,33.992,25.984,17.965,10.084
143.3,Flowing,NORMAL,500.49,499.69,49.915,42.028,33.969,25.939,18.207,10.034
143.4,Flowing,NORMAL,498.23,500.06,50.049,42.091,33.886,26.14,17.799,9.938
143.5,Flowing,NORMAL,502.63,500.03,49.963,42.047,34.017,25.987,17.999,9.922
143.6,Flowing,NORMAL,499.39,501.08,49.88,42.058,34.055,26.127,17.937,10.055
143.7,Flowing,NORMAL,501.26,500.47,49.977,42.095,34.082,26.017,17.973,10.077
143.8,Flowing,NORMAL,500.24,499.93,50.052,41.945,33.894,25.977,18.121,10.092
143.9,Flowing,NORMAL,500.29,500.05,49.911,41.907,34.102,25.909,18.041,9.951
144.0,Flowing,NORMAL,498.6,500.1,50.129,41.938,34.091,26.015,18.02,9.842
144.1,Flowing,NORMAL,501.01,499.93,49.824,41.982,34.02,25.91,17.913,10.045
144.2,Flowing,NORMAL,500.06,499.19,50.045,41.989,34.062,25.906,17.972,10.132
144.3,Flowing,NORMAL,500.56,498.56,50.005,42.01,34.184,25.888,18.064,10.133
144.4,Flowing,NORMAL,499.89,500.17,49.974,42.069,33.921,25.945,18.031,10.064
144.5,Flowing,NORMAL,500.16,499.4,50.09,42.126,33.995,26.095,17.973,10.072
144.6,Flowing,NORMAL,498.94,500.63,50.017,42.036,34.034,25.872,17.91,10.008
144.7,Flowing,NORMAL,499.82,500.09,49.865,42.066,34.07,26.026,17.91,10.11
144.8,Flowing,NORMAL,499.5,500.02,50.163,42.012,34.041,26.016,18.042,9.99
144.9,Flowing,NORMAL,499.15,501.18,49.997,42.072,34.188,25.888,17.992,9.906
145.0,Flowing,NORMAL,500.16,498.31,50.127,41.953,33.885,26.051,18.14,10.053
145.1,Flowing,NORMAL,500.44,502.12,50.016,42.033,34.113,25.93,17.991,9.964
145.2,Flowing,NORMAL,500.3,497.38,49.907,41.974,34.089,26.045,18.052,10.012
145.3,Flowing,NORMAL,499.88,501.74,50.042,41.936,33.975,26.015,18.022,10.026
145.4,Flowing,NORMAL,500.49,500.24,49.989,41.97,34.253,26.073,18.033,9.981
145.5,Flowing,NORMAL,500.29,499.37,49.964,41.99,34.023,25.85,17.874,9.949
145.6,Flowing,NORMAL,500.12,498.23,50.017,41.981,34.118,25.881,17.94,10.122
145.7,Flowing,NORMAL,500.2,499.28,50.01,42.071,34.164,25.944,17.992,9.978
145.8,Flowing,NORMAL,501.42,499.8,49.844,41.975,34.07,26.043,18.05,9.97
145.9,Flowing,NORMAL,498.55,500.23,49.948,42.102,33.96,26.024,18.013,10.117
146.0,Flowing,NORMAL,499.62,501.73,50.078,41.896,33.905,26.046,17.995,9.964
146.1,Flowing,NORMAL,500.41,500.09,50.081,42.015,34.004,26.062,17.97,10.125
146.2,Flowing,NORMAL,498.1,500.38,49.937,42.053,34.115,25.89,17.973,10.091
146.3,Flowing,NORMAL,501.66,500.42,50.093,41.986,33.941,26.076,18.095,9.907
146.4,Flowing,NORMAL,500.31,499.61,49.904,42.018,34.05,25.976,18.054,9.943
146.5,Flowing,NORMAL,501.15,499.77,49.831,41.966,34.005,25.978,17.907,9.855
146.6,Flowing,NORMAL,501.34,499.87,49.959,42.072,34.1,26.095,17.935,9.908
146.7,Flowing,NORMAL,500.49,500.75,50.04,42.051,34.032,25.839,17.931,9.998
146.8,Flowing,NORMAL,497.32,498.9,50.039,42.061,34.012,26.026,18.007,10.055
146.9,Flowing,NORMAL,500.18,499.39,50.025,42.005,33.979,26.007,18.039,10.021
147.0,Flowing,NORMAL,500.25,500.43,50.03,42.107,34.021,25.948,18.071,9.891
147.1,Flowing,NORMAL,498.7,498.71,49.913,42.027,34.041,25.9,17.969,9.952
147.2,Flowing,NORMAL,497.85,500.14,49.961,42.075,34.057,25.998,17.956,9.892
147.3,Flowing,NORMAL,500.55,499.35,50.114,42.047,33.943,26.058,17.994,9.977
147.4,Flowing,NORMAL,498.5,500.61,50.035,41.941,33.972,26.01,17.96,10.054
147.5,Flowing,NORMAL,502.47,501.65,50.15,41.94,33.867,25.84,17.988,9.947
147.6,Flowing,NORMAL,500.32,499.35,50.017,42.011,33.872,25.855,18.024,10.011
147.7,Flowing,NORMAL,501.62,500.91,49.966,41.867,34.038,26.102,18.022,9.932
147.8,Flowing,NORMAL,500.04,500.24,50.004,41.891,34.085,26.007,17.859,9.976
147.9,Flowing,NORMAL,500.9,499.54,50.037,41.973,33.978,25.902,18.045,9.948
148.0,Flowing,NORMAL,500.06,500.01,49.827,41.97,34.078,25.969,18.139,10.034
148.1,Flowing,NORMAL,501.21,501.56,50.027,41.99,33.995,25.979,17.976,10.042
148.2,Flowing,NORMAL,497.55,499.79,49.925,41.914,33.91,26.164,18.042,10.024
148.3,Flowing,NORMAL,501.07,501.57,49.915,42.05,33.991,26.017,17.922,10.013
148.4,Flowing,NORMAL,500.8,499.86,49.966,41.939,34.059,25.877,18.045,10.055
148.5,Flowing,NORMAL,499.82,498.31,49.93,41.934,33.982,26.023,17.988,10.035
148.6,Flowing,NORMAL,499.51,499.82,50.141,41.959,33.863,26.066,18.135,10.031
148.7,Flowing,NORMAL,499.64,498.21,49.913,41.99,33.911,26.051,17.892,9.976
148.8,Flowing,NORMAL,500.34,499.62,49.92,42.01,33.971,26.014,18.002,9.921
148.9,Flowing,NORMAL,501.46,499.57,50.05,41.996,33.921,26.179,18.038,9.988
149.0,Flowing,NORMAL,499.36,502.18,50.113,42.147,33.988,26.028,17.921,9.988
149.1,Flowing,NORMAL,497.96,501.93,49.984,42.015,34.027,26.045,18.019,9.903
149.2,Flowing,NORMAL,502.98,500.1,49.925,41.956,33.977,26.084,17.907,9.971
149.3,Flowing,NORMAL,500.81,501.45,50.076,41.976,34.037,25.989,18.021,9.982
149.4,Flowing,NORMAL,499.53,499.52,50.053,41.876,33.971,26.024,18.043,10.119
149.5,Flowing,NORMAL,501.43,498.29,49.969,42.118,33.947,26.106,18.065,9.927
149.6,Flowing,NORMAL,501.12,500.63,50.025,41.996,34.05,25.982,17.975,10.11
149.7,Flowing,NORMAL,500.59,500.43,49.992,42.066,33.982,26.133,17.946,9.951
149.8,Flowing,NORMAL,499.43,498.87,50.122,41.964,34.128,26.071,17.988,9.855
149.9,Flowing,NORMAL,500.8,498.93,49.998,42.008,34.093,26.127,17.945,10.064
150.0,Ramping,RAMP,501.84,501.5,50.061,42.07,34.009,25.798,17.926,9.83
150.1,Ramping,RAMP,498.48,498.36,49.984,42.063,33.993,26.045,17.965,9.818
150.2,Ramping,RAMP,500.82,501.05,49.798,41.996,33.951,25.875,17.801,9.862
150.3,Ramping,RAMP,500.91,500.01,49.984,42.037,33.983,26.081,17.853,9.991
150.4,Ramping,RAMP,500.88,501.06,50.004,42.039,33.933,26.037,17.959,9.865
150.5,Ramping,RAMP,500.62,501.58,49.999,41.965,34.007,25.857,17.932,9.95
150.6,Ramping,RAMP,502.0,499.35,50.003,42.091,34.029,25.95,17.951,9.941
150.7,Ramping,RAMP,500.32,499.04,50.032,41.837,33.943,25.831,18.036,9.912
150.8,Ramping,RAMP,500.58,502.17,49.985,42.055,34.0,25.859,17.927,9.889
150.9,Ramping,RAMP,500.97,500.35,49.86,41.928,33.951,25.94,17.813,10.007
151.0,Ramping,RAMP,500.38,500.81,49.992,41.986,33.998,25.885,17.968,9.884
151.1,Ramping,RAMP,498.94,501.52,49.928,42.028,34.084,26.006,18.004,9.871
151.2,Ramping,RAMP,500.87,499.27,49.872,42.102,34.129,26.071,17.903,9.82
151.3,Ramping,RAMP,500.89,501.51,49.915,41.847,33.956,26.075,17.917,9.935
151.4,Ramping,RAMP,500.19,501.21,50.11,41.95,34.127,26.105,17.917,9.864
151.5,Ramping,RAMP,500.47,502.21,50.056,41.954,33.871,26.048,18.024,9.921
151.6,Ramping,RAMP,496.82,502.19,49.899,41.883,33.972,25.905,17.899,9.99
151.7,Ramping,RAMP,502.1,500.53,50.059,42.092,33.884,25.917,17.986,9.943
151.8,Ramping,RAMP,501.73,501.36,50.123,42.015,34.11,25.987,18.01,9.88
151.9,Ramping,RAMP,499.05,500.52,50.001,42.054,34.091,26.001,17.917,10.015
152.0,Ramping,RAMP,499.86,500.64,49.825,41.867,34.016,25.943,17.971,9.909
152.1,Ramping,RAMP,502.41,499.12,50.046,41.915,34.007,26.021,18.02,10.064
152.2,Ramping,RAMP,499.3,500.21,50.02,42.002,33.839,25.898,17.906,9.986
152.3,Ramping,RAMP,501.26,498.33,49.951,42.044,33.96,25.926,17.94,9.869
152.4,Ramping,RAMP,500.11,500.32,49.966,41.844,33.94,25.901,17.878,9.933
152.5,Ramping,RAMP,501.2,502.08,50.053,41.998,34.039,25.985,17.895,9.861
152.6,Ramping,RAMP,500.77,501.43,50.025,42.025,34.071,26.034,17.874,9.889
152.7,Ramping,RAMP,500.38,500.64,50.054,42.065,34.034,25.933,17.817,9.816
152.8,Ramping,RAMP,501.2,500.27,50.022,42.006,33.87,25.941,17.966,9.803
152.9,Ramping,RAMP,500.15,499.87,50.088,41.949,34.058,25.894,17.833,9.857
153.0,Ramping,RAMP,498.6,499.42,49.992,41.947,33.94,25.962,17.9,9.887
153.1,Ramping,RAMP,499.64,501.51,49.863,42.01,33.949,26.064,17.838,9.747
153.2,Ramping,RAMP,499.5,498.69,50.049,42.006,33.875,25.812,18.035,10.003
153.3,Ramping,RAMP,498.85,498.67,49.801,41.941,34.089,25.895,17.872,9.866
153.4,Ramping,RAMP,501.22,501.63,49.91,41.841,34.039,25.785,17.93,9.959
153.5,Ramping,RAMP,500.58,500.8,49.884,41.903,34.052,25.975,17.86,9.983
153.6,Ramping,RAMP,501.22,500.61,50.097,41.999,33.882,25.898,17.931,9.87
153.7,Ramping,RAMP,501.43,500.81,50.075,41.854,33.834,25.945,17.868,9.834
153.8,Ramping,RAMP,501.72,502.98,49.859,41.978,33.949,25.982,17.912,9.872
153.9,Ramping,RAMP,501.31,500.64,50.094,41.871,33.995,25.795,17.838,9.784
154.0,Ramping,RAMP,499.66,500.93,50.063,41.971,33.951,25.84,17.88,9.819
154.1,Ramping,RAMP,501.54,503.06,50.031,41.896,34.058,25.793,17.839,10.013
154.2,Ramping,RAMP,501.12,500.52,49.965,41.87,33.969,25.888,17.835,9.79
154.3,Ramping,RAMP,503.49,502.67,50.221,41.955,33.796,26.045,17.95,9.815
154.4,Ramping,RAMP,500.88,498.08,49.925,42.029,33.93,25.771,18.043,9.84
154.5,Ramping,RAMP,501.34,499.22,50.12,42.077,33.869,26.007,17.847,9.724
154.6,Ramping,RAMP,500.77,499.82,49.966,42.006,33.912,25.899,17.989,9.88
154.7,Ramping,RAMP,500.96,501.33,49.933,42.03,33.964,25.721,17.931,9.902
154.8,Ramping,RAMP,500.89,502.76,50.002,42.045,33.894,25.948,17.77,9.902
154.9,Ramping,RAMP,500.4,499.93,50.156,41.894,33.886,25.864,17.905,9.783
155.0,Ramping,RAMP,501.14,501.82,50.034,42.041,33.989,25.778,17.973,9.941
155.1,Ramping,RAMP,501.68,503.34,50.066,42.003,33.963,26.001,18.046,9.788
155.2,Ramping,RAMP,500.45,502.54,50.086,41.966,33.935,25.795,17.868,9.783
155.3,Ramping,RAMP,501.96,500.19,49.963,41.884,33.909,25.885,17.897,9.733
155.4,Ramping,RAMP,501.83,501.72,49.884,42.001,33.88,26.002,17.906,9.909
155.5,Ramping,RAMP,499.92,501.09,50.113,41.947,33.897,25.985,17.928,9.844
155.6,Ramping,RAMP,499.84,499.9,50.111,41.954,33.945,25.916,17.811,9.863
155.7,Ramping,RAMP,501.54,501.21,50.112,42.007,33.945,25.9,17.911,9.915
155.8,Ramping,RAMP,500.31,500.14,50.049,41.944,33.968,25.951,17.803,9.867
155.9,Ramping,RAMP,499.77,500.87,49.827,42.009,33.994,25.971,17.85,9.877
156.0,Ramping,RAMP,503.1,499.07,50.114,42.083,33.938,25.922,17.969,9.731
156.1,Ramping,RAMP,499.89,498.62,49.974,42.077,34.018,25.939,17.759,9.845
156.2,Ramping,RAMP,499.23,500.4,49.953,41.996,33.874,25.826,17.713,9.945
156.3,Ramping,RAMP,500.13,501.13,49.968,41.982,33.938,25.822,17.776,9.765
156.4,Ramping,RAMP,501.36,499.4,49.942,41.998,33.874,26.046,17.957,9.909
156.5,Ramping,RAMP,501.18,501.4,49.99,42.09,33.919,25.903,17.887,9.898
156.6,Ramping,RAMP,503.37,500.83,50.051,41.93,33.894,25.955,17.93,9.809
156.7,Ramping,RAMP,500.2,501.56,49.873,41.951,33.985,26.048,17.775,9.805
156.8,Ramping,RAMP,501.41,501.93,49.969,42.076,33.932,25.83,17.914,9.805
156.9,Ramping,RAMP,502.5,502.41,49.902,41.896,34.073,25.932,17.877,9.815
157.0,Ramping,RAMP,500.37,501.53,50.023,41.989,33.957,25.909,17.936,9.835
157.1,Ramping,RAMP,502.01,500.46,49.922,41.917,33.774,26.061,17.934,9.765
157.2,Ramping,RAMP,498.98,501.05,49.977,41.915,34.055,25.784,17.873,9.821
157.3,Ramping,RAMP,503.31,503.63,50.066,41.957,33.79,25.877,17.784,9.834
157.4,Ramping,RAMP,502.4,502.03,50.115,41.826,33.866,25.851,17.83,9.885
157.5,Ramping,RAMP,500.4,500.94,49.986,41.998,33.88,25.913,17.921,9.765
157.6,Ramping,RAMP,502.23,500.68,50.063,41.969,34.012,25.877,17.888,9.819
157.7,Ramping,RAMP,502.82,500.16,49.992,41.985,33.971,25.792,17.971,9.671
157.8,Ramping,RAMP,499.72,499.46,49.945,41.956,33.96,26.017,17.706,9.777
157.9,Ramping,RAMP,500.56,502.94,49.83,41.966,33.948,26.017,17.863,9.9
158.0,Ramping,RAMP,502.91,501.48,50.047,41.928,33.813,25.91,17.732,9.918
158.1,Ramping,RAMP,501.39,499.39,49.987,42.058,33.886,25.909,17.866,9.808
158.2,Ramping,RAMP,501.84,500.77,49.965,41.993,33.85,25.789,17.947,9.868
158.3,Ramping,RAMP,501.42,502.46,50.005,42.095,33.902,25.991,17.86,9.726
158.4,Ramping,RAMP,502.42,500.41,50.148,42.04,33.913,25.942,17.812,9.872
158.5,Ramping,RAMP,501.98,499.98,49.809,41.879,34.0,25.862,17.859,9.696
158.6,Ramping,RAMP,501.5,501.39,50.148,42.056,33.905,25.848,17.924,9.96
158.7,Ramping,RAMP,498.87,501.76,50.076,42.134,33.846,25.814,17.744,9.835
158.8,Ramping,RAMP,502.18,500.45,50.014,41.947,33.984,25.977,17.716,9.749
158.9,Ramping,RAMP,502.3,500.28,50.066,41.922,33.854,25.958,17.733,9.771
159.0,Ramping,RAMP,499.95,501.56,50.026,41.913,33.98,25.83,17.947,9.783
159.1,Ramping,RAMP,500.05,499.67,50.054,42.018,33.866,25.71,17.861,9.796
159.2,Ramping,RAMP,502.09,500.38,50.044,41.939,33.881,26.033,17.713,9.847
159.3,Ramping,RAMP,501.72,500.9,49.954,41.93,33.889,25.807,17.874,9.897
159.4,Ramping,RAMP,499.13,501.94,50.038,41.965,33.834,25.911,17.999,9.753
159.5,Ramping,RAMP,500.53,500.55,49.97,41.911,33.873,25.649,17.857,9.713
159.6,Ramping,RAMP,501.91,501.75,49.871,42.016,33.825,25.84,17.94,9.666
159.7,Ramping,RAMP,502.37,502.49,49.877,41.977,34.002,25.74,17.853,9.823
159.8,Ramping,RAMP,500.87,500.49,49.835,42.019,33.98,25.839,17.919,9.865
159.9,Ramping,RAMP,501.41,504.98,50.008,41.918,33.831,25.86,17.863,9.745
160.0,Ramping,RAMP,500.55,502.83,49.824,42.055,33.923,25.831,17.883,9.891
160.1,Ramping,RAMP,503.21,501.46,49.776,41.988,33.792,25.9,17.823,9.817
160.2,Ramping,RAMP,501.85,500.93,49.96,41.803,33.869,25.891,17.892,9.67
160.3,Ramping,RAMP,500.86,500.49,50.082,41.9,33.933,25.816,17.823,9.832
160.4,Ramping,RAMP,500.29,503.17,49.902,41.897,33.918,26.047,17.738,9.922
160.5,Ramping,RAMP,500.17,501.44,50.16,41.943,33.878,25.798,17.799,9.643
160.6,Ramping,RAMP,503.89,499.47,49.994,42.07,33.852,25.833,17.666,9.783
160.7,Ramping,RAMP,501.52,499.16,50.021,41.955,33.883,25.827,17.84,9.748
160.8,Ramping,RAMP,501.27,501.36,50.025,41.967,33.989,25.903,17.813,9.869
160.9,Ramping,RAMP,501.51,501.4,50.034,42.053,33.946,25.7,17.9,9.756
161.0,Ramping,RAMP,501.03,500.15,49.996,41.971,33.869,25.863,17.746,9.844
161.1,Ramping,RAMP,501.68,499.45,49.991,41.917,33.822,25.865,17.806,9.77
161.2,Ramping,RAMP,501.87,498.92,49.918,41.819,33.945,25.961,17.707,9.864
161.3,Ramping,RAMP,501.87,500.38,50.023,41.946,33.862,25.729,17.866,9.671
161.4,Ramping,RAMP,500.35,500.87,49.938,42.025,33.742,25.716,17.783,9.754
161.5,Ramping,RAMP,502.96,502.15,50.039,41.921,34.093,25.818,17.764,9.664
161.6,Ramping,RAMP,501.25,501.18,50.01,41.994,33.986,25.716,17.76,9.76
161.7,Ramping,RAMP,501.14,502.63,50.047,41.945,33.932,25.768,17.902,9.801
161.8,Ramping,RAMP,501.11,502.09,49.892,41.858,33.804,25.885,17.672,9.692
161.9,Ramping,RAMP,500.71,502.0,50.036,41.938,33.907,25.744,17.82,9.666
162.0,Ramping,RAMP,502.32,502.57,49.974,41.962,33.893,25.829,17.71,9.688
162.1,Ramping,RAMP,503.09,499.75,50.0,41.832,33.847,25.857,17.665,9.802
162.2,Ramping,RAMP,501.17,500.78,50.102,41.842,33.991,25.812,17.798,9.666
162.3,Ramping,RAMP,499.85,504.32,50.074,41.973,33.816,25.729,17.645,9.718
162.4,Ramping,RAMP,500.85,499.17,50.046,41.992,33.87,25.727,17.705,9.792
162.5,Ramping,RAMP,501.57,501.12,49.961,41.951,33.793,25.845,17.72,9.78
162.6,Ramping,RAMP,500.65,502.06,50.062,41.899,33.867,25.772,17.641,9.624
162.7,Ramping,RAMP,501.43,499.25,50.016,41.964,33.888,25.79,17.826,9.695
162.8,Ramping,RAMP,501.51,500.62,50.056,41.795,33.561,25.835,17.635,9.669
162.9,Ramping,RAMP,502.18,503.93,49.976,42.064,33.905,25.823,17.813,9.712
163.0,Ramping,RAMP,500.48,501.76,49.963,42.022,33.783,25.834,17.62,9.696
163.1,Ramping,RAMP,502.94,500.88,50.015,42.069,33.745,25.758,17.807,9.703
163.2,Ramping,RAMP,504.26,501.84,50.014,41.858,33.822,25.903,17.734,9.703
163.3,Ramping,RAMP,504.01,500.91,49.991,41.839,33.942,25.842,17.92,9.588
163.4,Ramping,RAMP,501.62,503.68,50.066,41.828,33.879,25.877,17.566,9.649
163.5,Ramping,RAMP,503.15,500.45,49.955,41.876,33.895,25.887,17.719,9.678
163.6,Ramping,RAMP,503.03,501.03,50.009,41.932,33.776,25.883,17.75,9.69
163.7,Ramping,RAMP,502.34,499.89,49.935,41.894,33.848,25.67,17.588,9.606
163.8,Ramping,RAMP,502.63,501.34,50.042,41.878,33.779,25.725,17.684,9.622
163.9,Ramping,RAMP,503.27,501.5,50.173,42.014,33.941,25.882,17.637,9.549
164.0,Ramping,RAMP,503.53,503.17,49.911,42.035,33.813,25.686,17.68,9.624
164.1,Ramping,RAMP,501.53,500.53,50.021,41.948,33.789,25.838,17.66,9.627
164.2,Ramping,RAMP,503.43,502.35,50.055,41.876,33.809,25.828,17.639,9.604
164.3,Ramping,RAMP,504.56,501.89,50.044,42.091,33.901,25.817,17.747,9.545
164.4,Ramping,RAMP,503.64,499.54,50.009,41.923,33.877,25.786,17.732,9.602
164.5,Ramping,RAMP,504.46,500.96,50.005,41.826,33.824,25.885,17.724,9.621
164.6,Ramping,RAMP,499.54,500.93,50.152,41.815,33.759,25.908,17.699,9.6
164.7,Ramping,RAMP,503.38,503.89,49.904,41.959,33.89,25.681,17.681,9.588
164.8,Ramping,RAMP,503.01,502.54,50.02,41.833,33.944,25.84,17.66,9.593
164.9,Ramping,RAMP,503.96,502.08,49.989,41.859,33.807,25.742,17.814,9.682
165.0,Ramping,RAMP,501.4,496.77,50.075,41.95,33.752,25.758,17.759,9.502
165.1,Ramping,RAMP,502.18,499.66,50.051,42.105,33.924,25.872,17.696,9.675
165.2,Ramping,RAMP,503.9,502.84,49.943,41.982,33.89,25.779,17.78,9.551
165.3,Ramping,RAMP,501.57,502.93,49.985,41.925,33.753,25.772,17.534,9.673
165.4,Ramping,RAMP,503.17,501.12,50.004,41.875,33.767,25.732,17.723,9.629
165.5,Ramping,RAMP,502.89,502.07,49.944,41.848,33.885,25.69,17.669,9.59
165.6,Ramping,RAMP,502.7,502.01,50.025,41.984,33.729,25.593,17.615,9.72
165.7,Ramping,RAMP,503.66,502.28,50.162,42.061,33.813,25.6,17.47,9.522
165.8,Ramping,RAMP,501.66,501.66,49.984,42.017,33.896,25.758,17.582,9.49
165.9,Ramping,RAMP,502.1,503.1,50.02,41.968,33.856,25.654,17.702,9.596
166.0,Ramping,RAMP,502.9,503.47,49.914,41.849,33.878,25.716,17.773,9.597
166.1,Ramping,RAMP,501.66,501.02,49.961,41.91,33.826,25.673,17.569,9.609
166.2,Ramping,RAMP,504.61,500.76,50.068,41.958,33.94,25.685,17.772,9.476
166.3,Ramping,RAMP,502.21,501.26,49.919,41.768,33.781,25.685,17.676,9.562
166.4,Ramping,RAMP,504.14,502.3,49.905,41.876,33.785,25.581,17.552,9.476
166.5,Ramping,RAMP,502.18,502.69,50.115,41.922,33.866,25.6,17.722,9.637
166.6,Ramping,RAMP,504.11,503.24,49.84,41.849,33.851,25.768,17.568,9.503
166.7,Ramping,RAMP,501.37,503.48,49.952,41.913,33.905,25.652,17.698,9.46
166.8,Ramping,RAMP,505.03,502.77,49.932,41.969,33.881,25.779,17.509,9.48
166.9,Ramping,RAMP,504.74,502.64,50.066,41.906,33.719,25.744,17.553,9.656
167.0,Ramping,RAMP,502.75,504.37,50.124,41.95,33.912,25.71,17.667,9.626
167.1,Ramping,RAMP,502.46,502.42,50.02,41.88,33.664,25.695,17.668,9.578
167.2,Ramping,RAMP,504.03,503.15,50.04,41.856,33.641,25.658,17.573,9.472
167.3,Ramping,RAMP,501.69,502.85,50.049,42.057,33.806,25.677,17.572,9.501
167.4,Ramping,RAMP,503.6,502.28,49.934,41.907,33.83,25.708,17.625,9.521
167.5,Ramping,RAMP,502.63,502.32,49.858,41.947,33.738,25.601,17.496,9.515
167.6,Ramping,RAMP,503.33,504.13,49.982,41.76,33.828,25.57,17.591,9.494
167.7,Ramping,RAMP,502.9,502.46,50.071,42.036,33.679,25.677,17.553,9.504
167.8,Ramping,RAMP,502.76,502.18,50.017,41.864,33.75,25.589,17.65,9.5
167.9,Ramping,RAMP,505.8,501.74,50.073,41.867,33.731,25.588,17.595,9.375
168.0,Ramping,RAMP,504.73,503.16,50.148,41.786,33.803,25.797,17.61,9.466
168.1,Ramping,RAMP,502.06,502.07,49.923,41.779,33.84,25.788,17.522,9.355
168.2,Ramping,RAMP,502.82,503.11,49.803,41.81,33.767,25.792,17.606,9.465
168.3,Ramping,RAMP,504.95,502.95,49.968,41.84,33.886,25.677,17.379,9.38
168.4,Ramping,RAMP,505.12,502.26,49.931,41.842,33.816,25.648,17.536,9.533
168.5,Ramping,RAMP,502.34,501.13,49.944,42.034,33.715,25.66,17.515,9.432
168.6,Ramping,RAMP,504.88,501.59,50.036,41.918,33.706,25.56,17.733,9.377
168.7,Ramping,RAMP,504.4,501.81,50.056,41.753,33.742,25.636,17.566,9.192
168.8,Ramping,RAMP,501.8,501.69,50.013,41.789,33.787,25.559,17.454,9.382
168.9,Ramping,RAMP,503.69,503.47,49.916,41.841,33.663,25.492,17.599,9.294
169.0,Ramping,RAMP,504.05,505.51,49.986,41.938,33.707,25.568,17.531,9.48
169.1,Ramping,RAMP,504.32,502.37,49.906,41.865,33.615,25.599,17.51,9.316
169.2,Ramping,RAMP,502.72,502.55,49.963,41.763,33.757,25.711,17.414,9.328
169.3,Ramping,RAMP,503.44,502.34,50.04,41.971,33.629,25.609,17.52,9.363
169.4,Ramping,RAMP,503.65,504.11,49.802,41.913,33.867,25.628,17.409,9.323
169.5,Ramping,RAMP,503.8,503.62,50.142,41.944,33.794,25.643,17.433,9.342
169.6,Ramping,RAMP,503.87,503.12,49.994,41.914,33.861,25.7,17.367,9.369
169.7,Ramping,RAMP,504.38,501.72,50.059,41.918,33.687,25.84,17.373,9.257
169.8,Ramping,RAMP,504.96,502.05,50.019,42.037,33.668,25.581,17.556,9.336
169.9,Ramping,RAMP,506.76,503.45,49.973,41.911,33.754,25.681,17.567,9.355
170.0,Ramping,RAMP,505.73,503.55,50.023,41.882,33.768,25.598,17.458,9.419
170.1,Ramping,RAMP,506.31,503.29,50.121,41.743,33.727,25.534,17.428,9.348
170.2,Ramping,RAMP,504.2,504.15,50.054,41.853,33.57,25.508,17.519,9.09
170.3,Ramping,RAMP,503.63,501.92,50.095,41.902,33.826,25.565,17.276,9.336
170.4,Ramping,RAMP,505.84,503.78,50.102,41.933,33.665,25.583,17.393,9.229
170.5,Ramping,RAMP,504.91,503.75,50.076,41.762,33.643,25.484,17.31,9.298
170.6,Ramping,RAMP,505.86,502.34,50.093,41.841,33.591,25.635,17.558,9.228
170.7,Ramping,RAMP,503.98,502.8,49.962,41.896,33.838,25.521,17.311,9.322
170.8,Ramping,RAMP,505.87,504.4,50.064,41.853,33.661,25.638,17.453,9.202
170.9,Ramping,RAMP,504.93,502.23,50.004,41.743,33.757,25.533,17.37,9.254
171.0,Ramping,RAMP,504.64,506.59,50.003,41.921,33.747,25.537,17.46,9.281
171.1,Ramping,RAMP,504.81,504.34,49.966,41.838,33.684,25.585,17.363,9.209
171.2,Ramping,RAMP,505.9,503.65,50.158,41.922,33.632,25.585,17.396,9.264
171.3,Ramping,RAMP,506.29,503.45,50.011,41.94,33.717,25.53,17.463,9.243
171.4,Ramping,RAMP,504.98,504.74,50.01,41.868,33.679,25.531,17.326,9.156
171.5,Ramping,RAMP,505.89,503.34,49.92,41.73,33.613,25.511,17.375,9.187
171.6,Ramping,RAMP,505.94,503.43,49.812,41.966,33.767,25.556,17.513,9.122
171.7,Ramping,RAMP,506.47,505.66,50.151,41.761,33.696,25.413,17.354,9.223
171.8,Ramping,RAMP,506.83,503.39,49.988,41.894,33.681,25.468,17.301,9.248
171.9,Ramping,RAMP,507.88,504.16,49.948,41.908,33.768,25.371,17.43,9.34
172.0,Ramping,RAMP,505.21,503.12,50.02,41.881,33.749,25.478,17.347,9.061
172.1,Ramping,RAMP,507.58,504.39,50.011,41.871,33.704,25.58,17.264,9.115
172.2,Ramping,RAMP,506.02,504.82,50.152,41.818,33.675,25.484,17.253,9.279
172.3,Ramping,RAMP,504.63,506.18,49.958,41.738,33.62,25.324,17.26,9.062
172.4,Ramping,RAMP,505.23,503.08,50.049,41.772,33.723,25.59,17.367,9.114
172.5,Ramping,RAMP,506.63,502.51,50.011,41.702,33.638,25.404,17.353,9.328
172.6,Ramping,RAMP,507.0,503.97,50.04,41.663,33.616,25.477,17.297,9.054
172.7,Ramping,RAMP,504.97,503.6,50.02,41.721,33.566,25.514,17.202,9.147
172.8,Ramping,RAMP,505.34,504.36,49.89,41.96,33.576,25.439,17.302,9.049
172.9,Ramping,RAMP,505.68,505.05,50.011,41.863,33.711,25.514,17.254,9.073
173.0,Ramping,RAMP,505.35,507.19,50.188,41.891,33.556,25.453,17.234,9.065
173.1,Ramping,RAMP,504.2,503.98,49.902,41.78,33.771,25.486,17.053,9.163
173.2,Ramping,RAMP,503.86,501.91,50.087,41.783,33.68,25.365,17.207,9.176
173.3,Ramping,RAMP,506.13,504.32,49.978,41.66,33.614,25.422,17.333,9.048
173.4,Ramping,RAMP,506.96,505.08,49.966,41.891,33.624,25.362,17.322,9.052
173.5,Ramping,RAMP,507.51,503.54,50.0,41.82,33.525,25.374,17.222,9.011
173.6,Ramping,RAMP,505.16,505.03,50.102,41.821,33.675,25.411,17.298,9.049
173.7,Ramping,RAMP,505.25,504.97,50.001,41.8,33.526,25.445,17.202,8.967
173.8,Ramping,RAMP,506.3,505.16,50.089,41.699,33.565,25.48,17.222,8.993
173.9,Ramping,RAMP,507.0,505.85,50.02,41.812,33.473,25.364,17.318,8.934
174.0,Ramping,RAMP,508.28,504.85,49.975,41.752,33.583,25.339,17.22,8.992
174.1,Ramping,RAMP,508.01,505.66,50.062,41.709,33.559,25.361,17.209,8.902
174.2,Ramping,RAMP,506.78,502.89,50.073,41.886,33.503,25.334,17.121,9.165
174.3,Ramping,RAMP,507.72,503.95,49.966,41.923,33.476,25.287,17.1,8.876
174.4,Ramping,RAMP,506.35,504.74,49.979,41.73,33.508,25.453,17.245,9.009
174.5,Ramping,RAMP,507.53,504.0,50.042,41.792,33.529,25.277,17.167,8.829
174.6,Ramping,RAMP,507.44,505.27,49.92,41.875,33.717,25.378,17.218,8.892
174.7,Ramping,RAMP,509.27,504.9,49.893,41.829,33.606,25.346,17.101,8.977
174.8,Ramping,RAMP,508.26,504.82,49.921,41.716,33.475,25.34,17.024,8.835
174.9,Ramping,RAMP,506.82,506.48,49.944,41.755,33.432,25.334,17.202,8.889
175.0,Ramping,RAMP,506.91,505.58,50.123,41.88,33.609,25.326,17.095,8.928
175.1,Ramping,RAMP,507.5,504.23,49.969,41.62,33.581,25.223,17.007,8.855
175.2,Ramping,RAMP,506.1,504.86,49.992,41.656,33.551,25.383,16.985,8.945
175.3,Ramping,RAMP,507.78,506.55,49.875,41.936,33.5,25.311,16.914,8.827
175.4,Ramping,RAMP,507.97,505.94,50.018,41.757,33.483,25.216,17.146,8.823
175.5,Ramping,RAMP,508.78,507.19,50.123,41.72,33.488,25.35,16.917,8.711
175.6,Ramping,RAMP,509.04,506.83,50.088,41.665,33.373,25.427,16.925,8.811
175.7,Ramping,RAMP,508.51,505.4,50.006,41.532,33.492,25.306,17.056,8.856
175.8,Ramping,RAMP,506.52,507.65,49.969,41.811,33.454,25.15,16.914,8.655
175.9,Ramping,RAMP,507.09,507.81,50.081,41.631,33.526,25.234,16.999,8.869
176.0,Ramping,RAMP,507.92,503.91,49.965,41.798,33.502,25.236,17.182,8.632
176.1,Ramping,RAMP,509.51,506.15,50.103,41.799,33.455,25.371,16.84,8.693
176.2,Ramping,RAMP,509.56,505.51,49.903,41.777,33.4,25.268,16.963,8.683
176.3,Ramping,RAMP,508.6,505.92,50.031,41.72,33.397,25.45,16.928,8.532
176.4,Ramping,RAMP,511.82,505.31,49.933,41.638,33.545,25.243,16.989,8.666
176.5,Ramping,RAMP,510.95,505.23,49.978,41.707,33.467,25.277,16.973,8.723
176.6,Ramping,RAMP,510.66,507.5,50.04,41.805,33.491,25.231,17.031,8.617
176.7,Ramping,RAMP,510.1,505.08,49.932,41.636,33.477,25.046,16.962,8.648
176.8,Ramping,RAMP,509.9,506.66,50.091,41.675,33.441,25.276,17.025,8.589
176.9,Ramping,RAMP,509.91,504.99,50.015,41.75,33.482,25.157,17.006,8.479
177.0,Ramping,RAMP,507.37,508.2,49.966,41.759,33.483,25.278,16.989,8.593
177.1,Ramping,RAMP,508.37,506.78,50.104,41.663,33.516,25.306,16.979,8.611
177.2,Ramping,RAMP,509.46,507.7,49.973,41.595,33.46,25.064,16.808,8.494
177.3,Ramping,RAMP,509.97,507.11,49.963,41.713,33.452,25.097,16.945,8.558
177.4,Ramping,RAMP,509.77,506.64,49.937,41.73,33.581,25.163,16.82,8.439
177.5,Ramping,RAMP,510.34,507.09,49.982,41.728,33.388,24.995,16.769,8.663
177.6,Ramping,RAMP,507.59,508.89,50.115,41.636,33.467,25.025,16.938,8.552
177.7,Ramping,RAMP,510.82,506.07,50.076,41.566,33.461,25.11,16.882,8.591
177.8,Ramping,RAMP,510.38,504.16,50.005,41.653,33.464,25.097,16.733,8.43
177.9,Ramping,RAMP,510.18,506.34,49.882,41.657,33.484,25.107,16.749,8.553
178.0,Ramping,RAMP,511.62,505.91,49.933,41.702,33.375,25.147,16.653,8.406
178.1,Ramping,RAMP,509.36,508.59,49.869,41.671,33.481,25.035,16.726,8.529
178.2,Ramping,RAMP,510.43,507.29,50.085,41.682,33.432,24.98,16.865,8.616
178.3,Ramping,RAMP,511.16,508.57,50.042,41.519,33.327,25.106,16.709,8.531
178.4,Ramping,RAMP,509.9,507.68,50.047,41.626,33.368,24.977,16.716,8.369
178.5,Ramping,RAMP,508.62,507.73,50.094,41.849,33.245,24.885,16.699,8.277
178.6,Ramping,RAMP,509.75,507.99,50.004,41.736,33.473,25.046,16.691,8.224
178.7,Ramping,RAMP,511.16,509.64,50.002,41.679,33.398,24.963,16.659,8.249
178.8,Ramping,RAMP,511.05,508.17,49.817,41.582,33.215,25.038,16.639,8.308
178.9,Ramping,RAMP,511.43,509.35,49.921,41.408,33.455,24.921,16.635,8.219
179.0,Ramping,RAMP,510.78,509.35,50.078,41.675,33.262,24.96,16.79,8.313
179.1,Ramping,RAMP,510.1,507.98,49.985,41.585,33.17,24.969,16.668,8.391
179.2,Ramping,RAMP,511.95,508.16,49.82,41.567,33.268,24.972,16.618,8.277
179.3,Ramping,RAMP,511.7,507.88,50.033,41.582,33.383,24.997,16.591,8.398
179.4,Ramping,RAMP,512.78,509.95,50.125,41.725,33.06,25.078,16.666,8.414
179.5,Ramping,RAMP,511.23,507.36,50.099,41.774,33.365,25.05,16.749,8.254
179.6,Ramping,RAMP,509.82,507.7,49.874,41.619,33.319,24.938,16.476,8.089
179.7,Ramping,RAMP,509.23,508.32,49.941,41.705,33.408,24.995,16.647,8.197
179.8,Ramping,RAMP,511.99,507.35,49.861,41.601,33.254,24.872,16.553,8.221
179.9,Ramping,RAMP,512.74,508.1,50.068,41.611,33.115,24.863,16.538,8.266
180.0,Ramping,RAMP,512.43,510.26,49.955,41.671,33.284,24.894,16.595,8.098
180.1,Ramping,RAMP,512.15,509.76,49.954,41.626,33.202,24.921,16.45,8.152
180.2,Ramping,RAMP,511.04,508.56,49.992,41.64,33.21,24.843,16.501,8.132
180.3,Ramping,RAMP,510.8,510.11,50.0,41.756,33.16,24.854,16.353,8.128
180.4,Ramping,RAMP,513.63,511.73,49.911,41.594,33.202,24.871,16.42,8.033
180.5,Ramping,RAMP,513.04,509.7,50.115,41.635,33.18,24.817,16.581,8.043
180.6,Ramping,RAMP,513.0,511.11,49.945,41.554,33.174,24.779,16.333,7.954
180.7,Ramping,RAMP,511.71,510.52,49.934,41.652,33.18,24.799,16.522,8.129
180.8,Ramping,RAMP,512.53,509.23,49.977,41.551,33.134,24.86,16.389,7.976
180.9,Ramping,RAMP,513.87,509.91,49.935,41.536,33.221,24.688,16.471,7.946
181.0,Ramping,RAMP,514.28,510.39,49.988,41.487,33.187,24.756,16.372,8.088
181.1,Ramping,RAMP,513.87,508.96,50.014,41.527,33.123,24.818,16.465,7.974
181.2,Ramping,RAMP,515.86,506.81,50.055,41.635,33.286,24.603,16.399,8.011
181.3,Ramping,RAMP,513.64,509.03,49.893,41.512,33.097,24.689,16.292,7.932
181.4,Ramping,RAMP,516.01,507.53,50.069,41.665,33.09,24.668,16.42,7.945
181.5,Ramping,RAMP,514.85,509.31,50.007,41.613,33.147,24.766,16.272,7.895
181.6,Ramping,RAMP,514.86,508.26,49.879,41.516,33.088,24.683,16.209,7.812
181.7,Ramping,RAMP,515.98,511.46,49.879,41.611,33.127,24.564,16.201,7.862
181.8,Ramping,RAMP,514.25,509.08,49.957,41.507,33.12,24.716,16.137,7.859
181.9,Ramping,RAMP,514.74,511.25,49.936,41.558,33.115,24.635,16.154,7.772
182.0,Ramping,RAMP,513.8,511.61,50.13,41.446,33.245,24.644,16.222,7.688
182.1,Ramping,RAMP,516.53,511.63,49.938,41.511,33.018,24.636,16.171,7.902
182.2,Ramping,RAMP,515.95,508.64,49.907,41.555,33.113,24.555,16.242,7.702
182.3,Ramping,RAMP,517.0,512.33,49.801,41.595,32.996,24.544,16.226,7.685
182.4,Ramping,RAMP,516.07,511.58,50.073,41.635,33.025,24.679,16.093,7.871
182.5,Ramping,RAMP,517.29,512.14,49.945,41.616,33.136,24.628,16.084,7.659
182.6,Ramping,RAMP,515.21,513.47,49.828,41.548,33.088,24.601,15.882,7.549
182.7,Ramping,RAMP,517.44,512.33,49.94,41.549,33.075,24.564,16.154,7.547
182.8,Ramping,RAMP,515.92,510.06,50.049,41.56,33.073,24.55,16.233,7.647
182.9,Ramping,RAMP,516.55,512.36,49.923,41.537,33.095,24.505,16.156,7.617
183.0,Ramping,RAMP,517.56,509.88,49.813,41.537,32.993,24.582,16.127,7.58
183.1,Ramping,RAMP,519.63,511.71,50.133,41.494,33.067,24.59,16.027,7.605
183.2,Ramping,RAMP,517.97,511.28,49.952,41.47,32.903,24.532,16.043,7.615
183.3,Ramping,RAMP,518.23,512.01,50.063,41.477,32.905,24.534,16.088,7.559
183.4,Ramping,RAMP,516.63,510.29,50.087,41.478,32.953,24.427,15.977,7.471
183.5,Ramping,RAMP,517.62,510.53,50.017,41.481,32.971,24.411,16.039,7.461
183.6,Ramping,RAMP,517.47,511.77,49.986,41.427,32.866,24.564,15.99,7.302
183.7,Ramping,RAMP,519.43,512.15,50.061,41.556,32.974,24.573,15.945,7.296
183.8,Ramping,RAMP,517.72,512.01,50.029,41.497,32.906,24.478,15.776,7.466
183.9,Ramping,RAMP,519.64,514.37,49.93,41.394,32.936,24.453,15.904,7.304
184.0,Ramping,RAMP,516.64,513.25,49.96,41.377,32.918,24.49,15.872,7.409
184.1,Ramping,RAMP,520.04,513.33,50.116,41.416,32.912,24.564,15.969,7.184
184.2,Ramping,RAMP,517.48,512.5,50.031,41.459,32.984,24.317,15.768,7.24
184.3,Ramping,RAMP,519.7,511.4,49.954,41.519,32.814,24.312,15.673,7.351
184.4,Ramping,RAMP,517.8,513.18,50.102,41.423,32.875,24.384,15.915,7.28
184.5,Ramping,RAMP,519.74,515.47,49.944,41.315,32.8,24.34,15.726,7.239
184.6,Ramping,RAMP,518.0,513.68,49.956,41.355,32.785,24.444,15.83,7.338
184.7,Ramping,RAMP,520.56,514.86,50.043,41.401,32.976,24.302,15.758,7.172
184.8,Ramping,RAMP,520.5,515.13,49.764,41.559,32.9,24.317,15.716,7.164
184.9,Ramping,RAMP,518.93,514.43,49.952,41.475,32.746,24.291,15.746,7.11
185.0,Ramping,RAMP,520.51,514.13,50.03,41.341,32.763,24.28,15.736,6.952
185.1,Ramping,RAMP,521.12,512.8,50.042,41.372,32.815,24.139,15.594,7.154
185.2,Ramping,RAMP,519.04,513.85,50.003,41.38,32.812,24.271,15.677,7.046
185.3,Ramping,RAMP,519.07,513.79,50.087,41.483,32.844,24.221,15.674,7.052
185.4,Ramping,RAMP,519.2,514.73,50.085,41.472,32.719,24.114,15.546,7.08
185.5,Ramping,RAMP,519.2,512.76,49.874,41.427,32.82,24.279,15.596,6.87
185.6,Ramping,RAMP,519.53,513.93,49.923,41.296,32.738,24.156,15.468,7.069
185.7,Ramping,RAMP,522.1,515.18,49.894,41.493,32.865,24.228,15.485,6.953
185.8,Ramping,RAMP,521.84,513.97,49.898,41.453,32.754,24.107,15.422,6.702
185.9,Ramping,RAMP,519.31,513.84,49.917,41.464,32.718,24.111,15.552,7.019
186.0,Ramping,RAMP,520.9,514.11,50.106,41.292,32.584,24.298,15.66,6.864
186.1,Ramping,RAMP,520.3,514.86,49.898,41.442,32.72,24.084,15.53,6.849
186.2,Ramping,RAMP,522.9,512.45,49.905,41.333,32.771,24.119,15.458,6.871
186.3,Ramping,RAMP,521.5,514.54,49.971,41.368,32.438,24.026,15.477,6.739
186.4,Ramping,RAMP,520.37,516.7,49.963,41.265,32.778,24.09,15.461,6.605
186.5,Ramping,RAMP,522.6,516.07,49.987,41.321,32.664,23.981,15.346,6.785
186.6,Ramping,RAMP,523.31,516.31,49.847,41.48,32.715,24.011,15.424,6.574
186.7,Ramping,RAMP,521.62,513.74,49.947,41.323,32.774,23.994,15.366,6.616
186.8,Ramping,RAMP,522.62,515.56,50.039,41.461,32.734,23.975,15.363,6.682
186.9,Ramping,RAMP,522.04,516.05,50.041,41.411,32.732,23.955,15.338,6.578
187.0,Ramping,RAMP,524.8,516.87,49.926,41.295,32.626,23.816,15.334,6.36
187.1,Ramping,RAMP,522.97,517.78,50.217,41.431,32.601,23.933,15.267,6.507
187.2,Ramping,RAMP,522.81,517.72,50.015,41.294,32.603,23.93,15.116,6.529
187.3,Ramping,RAMP,523.8,516.0,50.013,41.31,32.582,23.99,15.171,6.517
187.4,Ramping,RAMP,523.8,516.16,50.104,41.288,32.605,23.875,15.276,6.45
187.5,Ramping,RAMP,525.06,518.66,50.103,41.28,32.508,23.92,15.13,6.492
187.6,Ramping,RAMP,525.88,516.66,49.782,41.283,32.529,23.764,15.087,6.369
187.7,Ramping,RAMP,526.08,515.93,49.996,41.168,32.58,23.941,15.131,6.451
187.8,Ramping,RAMP,524.34,517.11,50.088,41.37,32.693,23.775,15.029,6.421
187.9,Ramping,RAMP,525.36,519.11,50.057,41.328,32.683,23.799,15.098,6.251
188.0,Ramping,RAMP,526.97,516.54,50.171,41.233,32.496,23.753,14.989,6.242
188.1,Ramping,RAMP,527.21,517.25,49.958,41.145,32.446,23.919,15.076,6.346
188.2,Ramping,RAMP,524.52,516.86,50.094,41.395,32.355,23.647,14.93,6.205
188.3,Ramping,RAMP,526.47,519.18,49.976,41.207,32.503,23.731,14.913,6.04
188.4,Ramping,RAMP,526.46,518.52,49.921,41.193,32.454,23.621,14.909,6.094
188.5,Ramping,RAMP,527.26,519.42,49.99,41.145,32.394,23.589,14.912,6.086
188.6,Ramping,RAMP,527.84,520.32,50.073,41.258,32.445,23.612,14.931,6.181
188.7,Ramping,RAMP,525.3,516.77,50.011,41.348,32.475,23.731,14.888,6.151
188.8,Ramping,RAMP,525.91,517.81,49.936,41.177,32.455,23.668,14.894,6.155
188.9,Ramping,RAMP,528.03,518.34,49.886,41.129,32.433,23.564,15.1,6.078
189.0,Ramping,RAMP,527.32,519.08,49.994,41.16,32.365,23.607,14.815,5.971
189.1,Ramping,RAMP,524.67,519.74,49.978,41.303,32.502,23.607,14.675,6.02
189.2,Ramping,RAMP,525.54,518.69,50.124,41.299,32.438,23.682,14.762,5.998
189.3,Ramping,RAMP,528.54,518.59,49.946,41.207,32.473,23.503,14.665,5.925
189.4,Ramping,RAMP,528.95,520.71,49.982,41.229,32.318,23.67,14.606,5.987
189.5,Ramping,RAMP,526.53,520.36,49.939,41.028,32.362,23.493,14.596,5.722
189.6,Ramping,RAMP,529.67,520.22,49.999,41.243,32.377,23.5,14.699,5.824
189.7,Ramping,RAMP,528.31,517.41,49.886,41.045,32.302,23.464,14.704,5.856
189.8,Ramping,RAMP,527.53,521.58,50.048,41.13,32.195,23.492,14.653,5.573
189.9,Ramping,RAMP,528.29,520.49,49.933,41.091,32.303,23.376,14.584,5.717
190.0,Ramping,RAMP,527.7,520.22,49.987,41.083,32.23,23.335,14.592,5.748
190.1,Ramping,RAMP,528.63,519.58,49.938,41.256,32.243,23.525,14.486,5.509
190.2,Ramping,RAMP,527.34,519.95,50.032,41.148,32.259,23.333,14.509,5.599
190.3,Ramping,RAMP,529.7,519.78,49.976,41.189,32.258,23.414,14.469,5.582
190.4,Ramping,RAMP,530.7,518.6,49.908,41.086,31.965,23.299,14.455,5.623
190.5,Ramping,RAMP,528.59,520.16,49.979,41.137,32.044,23.323,14.302,5.449
190.6,Ramping,RAMP,530.43,519.37,49.985,41.205,32.235,23.31,14.41,5.457
190.7,Ramping,RAMP,529.66,521.36,49.956,41.131,32.082,23.337,14.355,5.549
190.8,Ramping,RAMP,531.64,520.2,50.077,40.956,32.134,23.202,14.216,5.368
190.9,Ramping,RAMP,528.27,522.61,50.195,41.133,32.321,23.318,14.276,5.389
191.0,Ramping,RAMP,532.11,519.88,50.047,41.112,32.109,23.112,14.573,5.376
191.1,Ramping,RAMP,529.29,523.46,49.974,41.08,32.123,23.223,14.387,5.345
191.2,Ramping,RAMP,531.43,523.18,49.907,41.052,32.092,23.308,14.352,5.332
191.3,Ramping,RAMP,531.04,521.04,49.898,40.96,32.118,23.201,14.203,5.253
191.4,Ramping,RAMP,531.67,522.36,49.953,41.05,31.913,23.067,14.157,5.355
191.5,Ramping,RAMP,530.48,521.6,49.935,41.06,32.109,23.24,14.282,5.222
191.6,Ramping,RAMP,534.53,523.47,49.962,40.986,32.058,23.082,14.199,5.227
191.7,Ramping,RAMP,531.2,525.08,50.047,41.133,32.214,23.107,14.217,5.133
191.8,Ramping,RAMP,531.51,524.49,50.095,41.111,32.132,23.085,14.05,5.017
191.9,Ramping,RAMP,535.33,522.4,49.997,41.142,32.014,23.12,14.144,5.073
192.0,Ramping,RAMP,533.78,523.51,50.105,40.78,31.928,22.965,13.985,5.09
192.1,Ramping,RAMP,532.11,525.35,50.023,41.038,32.06,22.942,13.927,5.062
192.2,Ramping,RAMP,533.67,524.31,49.95,40.874,32.077,23.11,14.123,5.013
192.3,Ramping,RAMP,533.76,525.04,50.05,41.103,31.935,23.068,13.994,5.038
192.4,Ramping,RAMP,532.24,524.76,50.015,41.09,31.991,22.84,14.061,4.856
192.5,Ramping,RAMP,533.57,524.23,50.1,40.972,32.054,23.03,13.953,4.939
192.6,Ramping,RAMP,534.67,524.21,50.034,40.812,31.956,22.83,13.906,4.774
192.7,Ramping,RAMP,536.44,522.99,49.905,41.095,32.018,22.899,13.881,4.812
192.8,Ramping,RAMP,534.91,523.68,50.046,40.906,31.999,22.859,13.806,4.801
192.9,Ramping,RAMP,535.22,523.67,49.953,40.979,31.863,22.897,13.91,4.708
193.0,Ramping,RAMP,534.6,524.48,49.99,40.983,31.858,22.877,13.83,4.819
193.1,Ramping,RAMP,537.11,525.17,49.952,40.864,31.855,22.742,13.804,4.606
193.2,Ramping,RAMP,537.1,525.08,50.187,41.037,31.867,22.869,13.601,4.867
193.3,Ramping,RAMP,537.18,525.62,49.953,40.917,31.704,22.818,13.617,4.64
193.4,Ramping,RAMP,536.59,526.31,49.956,40.833,31.775,22.777,13.576,4.538
193.5,Ramping,RAMP,534.76,525.17,50.053,41.121,31.864,22.665,13.622,4.567
193.6,Ramping,RAMP,538.2,526.71,49.972,40.978,31.83,22.791,13.6,4.637
193.7,Ramping,RAMP,537.18,527.35,49.987,40.822,31.973,22.552,13.539,4.447
193.8,Ramping,RAMP,536.97,526.63,50.201,41.037,31.905,22.652,13.765,4.493
193.9,Ramping,RAMP,538.1,525.64,50.078,40.9,31.768,22.638,13.527,4.479
194.0,Ramping,RAMP,538.05,527.58,50.029,40.877,31.879,22.4,13.558,4.453
194.1,Ramping,RAMP,536.72,527.18,50.092,40.867,31.762,22.696,13.609,4.338
194.2,Ramping,RAMP,537.84,527.5,50.021,41.0,31.561,22.542,13.58,4.416
194.3,Ramping,RAMP,536.16,528.75,50.042,40.823,31.647,22.529,13.559,4.244
194.4,Ramping,RAMP,538.77,527.92,50.008,40.792,31.772,22.513,13.401,4.126
194.5,Ramping,RAMP,540.49,529.11,49.871,40.846,31.585,22.704,13.216,4.163
194.6,Ramping,RAMP,536.96,527.2,50.001,40.809,31.589,22.439,13.275,4.17
194.7,Ramping,RAMP,539.49,527.02,50.156,40.838,31.758,22.536,13.416,3.935
194.8,Ramping,RAMP,540.36,529.07,49.976,40.93,31.604,22.616,13.418,4.087
194.9,Ramping,RAMP,540.76,526.66,49.96,40.737,31.586,22.356,13.307,3.974
195.0,Ramping,RAMP,539.1,530.27,50.048,40.862,31.49,22.558,13.286,4.117
195.1,Ramping,RAMP,538.9,529.72,49.939,40.854,31.699,22.406,13.378,4.026
195.2,Ramping,RAMP,539.74,528.42,50.091,40.821,31.642,22.259,13.221,3.93
195.3,Ramping,RAMP,542.1,529.91,49.932,40.93,31.565,22.292,13.135,3.85
195.4,Ramping,RAMP,538.84,529.42,50.115,40.728,31.611,22.461,13.096,3.963
195.5,Ramping,RAMP,539.65,527.23,49.918,40.973,31.629,22.316,13.047,3.877
195.6,Ramping,RAMP,540.78,527.95,49.973,40.927,31.443,22.322,13.08,3.843
195.7,Ramping,RAMP,540.38,529.43,49.991,40.754,31.597,22.34,13.088,3.576
195.8,Ramping,RAMP,541.73,529.44,50.024,40.624,31.565,22.388,12.953,3.763
195.9,Ramping,RAMP,543.7,530.97,49.952,40.849,31.508,22.388,13.033,3.77
196.0,Ramping,RAMP,540.78,529.92,50.005,40.809,31.347,22.236,12.967,3.774
196.1,Ramping,RAMP,542.27,528.19,49.985,40.653,31.473,22.123,12.792,3.74
196.2,Ramping,RAMP,542.65,529.21,50.046,40.767,31.563,22.136,12.804,3.642
196.3,Ramping,RAMP,542.48,530.91,49.972,40.655,31.439,22.119,12.744,3.579
196.4,Ramping,RAMP,541.21,527.99,49.909,40.735,31.38,22.237,12.992,3.634
196.5,Ramping,RAMP,542.56,528.63,49.876,40.83,31.544,22.129,12.943,3.502
196.6,Ramping,RAMP,542.78,530.04,49.851,40.642,31.543,21.988,12.81,3.515
196.7,Ramping,RAMP,544.53,531.75,49.959,40.66,31.397,22.042,12.669,3.495
196.8,Ramping,RAMP,544.49,530.53,50.086,40.758,31.313,21.966,12.733,3.57
196.9,Ramping,RAMP,542.34,531.5,50.052,40.738,31.435,22.08,12.738,3.463
197.0,Ramping,RAMP,543.96,531.1,49.956,40.562,31.408,22.125,12.612,3.442
197.1,Ramping,RAMP,544.05,531.08,50.134,40.668,31.272,22.015,12.63,3.293
197.2,Ramping,RAMP,547.21,530.62,50.035,40.533,31.208,21.987,12.645,3.336
197.3,Ramping,RAMP,545.43,532.57,50.15,40.663,31.358,21.887,12.682,3.233
197.4,Ramping,RAMP,544.01,530.21,50.006,40.64,31.379,21.84,12.411,3.224
197.5,Ramping,RAMP,544.59,531.58,50.037,40.654,31.382,21.96,12.521,3.022
197.6,Ramping,RAMP,545.28,533.39,49.981,40.717,31.238,21.907,12.573,3.093
197.7,Ramping,RAMP,546.39,531.25,50.05,40.759,31.242,21.794,12.507,2.963
197.8,Ramping,RAMP,546.75,530.45,50.027,40.658,31.377,21.849,12.518,3.038
197.9,Ramping,RAMP,546.63,529.93,49.971,40.493,31.214,21.82,12.483,3.024
198.0,Ramping,RAMP,546.35,533.42,50.007,40.581,31.19,21.83,12.435,3.101
198.1,Ramping,RAMP,546.66,533.66,49.99,40.573,31.188,21.747,12.377,3.169
198.2,Ramping,RAMP,546.88,532.51,49.927,40.572,31.158,21.764,12.352,2.996
198.3,Ramping,RAMP,545.11,531.55,49.863,40.671,31.227,21.665,12.171,2.862
198.4,Ramping,RAMP,547.39,533.05,49.981,40.788,31.206,21.599,12.27,2.903
198.5,Ramping,RAMP,546.99,534.79,50.02,40.47,31.139,21.667,12.211,2.894
198.6,Ramping,RAMP,545.91,532.0,50.062,40.635,31.182,21.665,12.33,2.865
198.7,Ramping,RAMP,551.01,534.95,50.011,40.513,31.083,21.69,12.441,2.832
198.8,Ramping,RAMP,548.69,531.79,49.951,40.488,31.07,21.839,12.188,2.847
198.9,Ramping,RAMP,548.55,532.61,49.97,40.569,31.16,21.599,12.142,2.874
199.0,Ramping,RAMP,548.3,534.25,50.079,40.605,31.146,21.662,12.328,2.712
199.1,Ramping,RAMP,549.83,535.41,50.046,40.419,31.004,21.509,12.243,2.472
199.2,Ramping,RAMP,547.77,536.18,49.968,40.289,30.991,21.547,12.225,2.675
199.3,Ramping,RAMP,549.0,535.75,49.933,40.607,31.046,21.569,11.992,2.531
199.4,Ramping,RAMP,548.44,536.57,49.934,40.519,31.037,21.67,12.093,2.361
199.5,Ramping,RAMP,550.66,535.08,50.021,40.393,30.941,21.462,11.983,2.435
199.6,Ramping,RAMP,549.01,534.26,50.016,40.39,31.034,21.687,11.904,2.49
199.7,Ramping,RAMP,551.53,536.57,49.798,40.472,31.044,21.546,11.991,2.552
199.8,Ramping,RAMP,550.3,536.93,50.204,40.627,30.938,21.353,11.926,2.373
199.9,Ramping,RAMP,551.56,536.56,50.036,40.389,30.961,21.517,11.925,2.341
200.0,Ramping,RAMP,551.31,536.32,50.094,40.327,30.927,21.427,11.909,2.399
200.1,Ramping,RAMP,552.31,537.4,50.049,40.468,30.911,21.379,11.833,2.415
200.2,Ramping,RAMP,550.12,536.28,49.948,40.532,30.93,21.35,11.906,2.262
200.3,Ramping,RAMP,552.54,535.99,50.051,40.475,30.868,21.415,11.875,2.381
200.4,Ramping,RAMP,549.42,537.03,50.077,40.491,30.812,21.55,11.693,2.333
200.5,Ramping,RAMP,551.91,536.87,50.035,40.351,30.88,21.329,11.885,2.168
200.6,Ramping,RAMP,551.4,537.5,49.979,40.252,31.016,21.231,11.781,2.185
200.7,Ramping,RAMP,550.57,536.42,49.992,40.497,30.999,21.317,11.782,2.188
200.8,Ramping,RAMP,551.39,537.81,50.081,40.389,30.938,21.367,11.791,2.078
200.9,Ramping,RAMP,551.89,537.89,49.987,40.439,30.73,21.387,11.679,2.122
201.0,Ramping,RAMP,552.62,537.26,49.954,40.308,30.779,21.259,11.709,2.081
201.1,Ramping,RAMP,552.43,536.24,50.028,40.381,30.855,21.341,11.686,2.102
201.2,Ramping,RAMP,553.35,538.77,50.024,40.281,30.719,21.24,11.604,2.042
201.3,Ramping,RAMP,552.46,535.97,50.134,40.453,30.891,21.193,11.516,1.971
201.4,Ramping,RAMP,553.08,536.41,49.936,40.514,30.841,21.209,11.655,1.783
201.5,Ramping,RAMP,553.5,537.9,50.047,40.278,30.765,21.124,11.584,1.932
201.6,Ramping,RAMP,554.26,534.82,50.108,40.329,30.81,21.143,11.376,1.81
201.7,Ramping,RAMP,555.26,539.82,49.988,40.46,30.778,21.019,11.471,2.015
201.8,Ramping,RAMP,555.46,538.12,50.009,40.338,30.769,21.155,11.422,1.863
201.9,Ramping,RAMP,554.91,540.08,49.974,40.416,30.731,21.114,11.374,1.727
202.0,Ramping,RAMP,555.33,540.54,50.076,40.346,30.728,21.033,11.482,1.714
202.1,Ramping,RAMP,555.38,538.32,49.989,40.409,30.787,20.998,11.543,1.758
202.2,Ramping,RAMP,554.82,540.26,49.917,40.37,30.651,21.057,11.359,1.709
202.3,Ramping,RAMP,556.47,537.5,49.927,40.414,30.577,20.915,11.368,1.802
202.4,Ramping,RAMP,554.48,539.42,49.972,40.385,30.743,21.051,11.29,1.556
202.5,Ramping,RAMP,553.31,538.47,49.823,40.302,30.74,20.879,11.347,1.538
202.6,Ramping,RAMP,554.7,540.0,50.008,40.374,30.581,20.965,11.235,1.641
202.7,Ramping,RAMP,557.82,540.36,50.019,40.316,30.747,20.986,11.189,1.549
202.8,Ramping,RAMP,555.97,539.24,49.994,40.312,30.813,20.946,11.058,1.483
202.9,Ramping,RAMP,556.84,540.21,49.845,40.273,30.44,20.829,11.076,1.528
203.0,Ramping,RAMP,556.36,540.82,50.0,40.318,30.579,20.77,11.216,1.622
203.1,Ramping,RAMP,557.55,540.04,50.033,40.254,30.462,20.791,11.188,1.526
203.2,Ramping,RAMP,557.14,542.99,50.021,40.346,30.621,20.887,11.076,1.425
203.3,Ramping,RAMP,557.16,539.9,49.932,40.278,30.58,20.964,11.002,1.421
203.4,Ramping,RAMP,558.16,542.18,50.118,40.332,30.608,20.86,11.187,1.268
203.5,Ramping,RAMP,557.04,541.69,49.889,40.265,30.358,20.894,11.159,1.292
203.6,Ramping,RAMP,558.22,538.21,49.97,40.254,30.523,20.789,11.083,1.284
203.7,Ramping,RAMP,557.75,542.36,50.075,40.29,30.46,20.869,10.908,1.263
203.8,Ramping,RAMP,558.0,541.98,50.077,40.191,30.522,20.789,10.925,1.237
203.9,Ramping,RAMP,557.33,540.95,49.987,40.199,30.67,20.668,11.052,1.183
204.0,Ramping,RAMP,558.23,541.38,49.913,40.246,30.527,20.786,11.075,1.423
204.1,Ramping,RAMP,558.01,541.65,50.02,40.179,30.5,20.675,11.002,1.056
204.2,Ramping,RAMP,560.19,542.83,50.189,40.295,30.318,20.623,10.971,1.227
204.3,Ramping,RAMP,556.98,540.81,49.898,40.278,30.286,20.656,10.973,1.061
204.4,Ramping,RAMP,560.24,543.33,49.879,40.227,30.383,20.697,10.792,1.016
204.5,Ramping,RAMP,557.25,540.24,49.838,40.224,30.408,20.536,10.857,1.134
204.6,Ramping,RAMP,560.16,539.55,49.983,40.226,30.432,20.518,10.984,0.987
204.7,Ramping,RAMP,558.68,542.49,50.052,40.261,30.388,20.647,10.818,0.885
204.8,Ramping,RAMP,560.53,543.41,49.973,40.145,30.352,20.479,10.867,1.1
204.9,Ramping,RAMP,559.88,541.8,50.078,40.291,30.351,20.516,10.694,0.997
205.0,Ramping,RAMP,558.47,539.41,50.018,40.178,30.471,20.584,10.668,0.865
205.1,Ramping,RAMP,561.98,540.46,50.055,40.262,30.401,20.688,10.845,0.928
205.2,Ramping,RAMP,561.45,542.88,49.933,40.069,30.316,20.58,10.84,0.9
205.3,Ramping,RAMP,561.28,542.46,50.093,40.149,30.386,20.571,10.515,0.808
205.4,Ramping,RAMP,560.07,544.13,50.076,40.185,30.231,20.295,10.623,0.81
205.5,Ramping,RAMP,561.98,542.79,49.929,40.169,30.357,20.528,10.444,0.685
205.6,Ramping,RAMP,559.62,541.93,49.976,40.199,30.345,20.497,10.581,0.739
205.7,Ramping,RAMP,558.65,543.3,49.942,40.209,30.222,20.512,10.608,0.736
205.8,Ramping,RAMP,559.61,544.26,49.947,40.034,30.234,20.402,10.382,0.699
205.9,Ramping,RAMP,560.53,544.77,50.074,40.183,30.236,20.418,10.507,0.702
206.0,Ramping,RAMP,560.89,543.12,50.123,40.21,30.308,20.36,10.592,0.53
206.1,Ramping,RAMP,561.43,543.45,49.98,40.175,30.315,20.438,10.536,0.625
206.2,Ramping,RAMP,561.64,544.41,50.043,40.047,30.179,20.374,10.506,0.47
206.3,Ramping,RAMP,561.48,542.68,50.036,40.18,30.23,20.545,10.419,0.563
206.4,Ramping,RAMP,559.87,544.57,49.968,40.107,30.201,20.228,10.41,0.559
206.5,Ramping,RAMP,562.8,543.52,50.098,40.285,30.324,20.264,10.379,0.53
206.6,Ramping,RAMP,562.4,543.81,50.143,40.091,30.102,20.271,10.476,0.575
206.7,Ramping,RAMP,562.03,544.01,49.984,40.154,30.016,20.306,10.465,0.429
206.8,Ramping,RAMP,564.69,544.27,49.933,39.945,30.316,20.226,10.397,0.52
206.9,Ramping,RAMP,562.87,546.51,50.121,40.077,30.136,20.283,10.462,0.435
207.0,Ramping,RAMP,563.38,543.76,49.924,39.962,30.072,20.324,10.314,0.377
207.1,Ramping,RAMP,564.41,543.92,49.943,40.087,30.142,20.219,10.43,0.525
207.2,Ramping,RAMP,561.82,546.26,49.871,40.102,30.089,20.208,10.328,0.362
207.3,Ramping,RAMP,563.72,545.16,50.018,40.125,30.166,20.162,10.235,0.241
207.4,Ramping,RAMP,564.84,545.64,49.932,40.224,30.07,20.105,10.292,0.325
207.5,Ramping,RAMP,563.92,543.59,49.984,40.175,30.168,20.144,10.215,0.271
207.6,Ramping,RAMP,562.61,545.22,50.07,40.033,29.972,20.169,10.108,0.463
207.7,Ramping,RAMP,563.74,545.99,49.923,40.04,30.127,20.137,10.19,0.3
207.8,Ramping,RAMP,564.68,544.31,50.122,40.11,30.216,20.063,10.22,0.256
207.9,Ramping,RAMP,562.07,545.97,50.028,40.154,30.071,20.101,10.22,0.08
208.0,Ramping,RAMP,563.11,545.07,49.981,40.029,30.006,20.205,10.075,0.189
208.1,Ramping,RAMP,567.24,544.63,50.023,40.144,30.07,20.182,10.199,0.188
208.2,Ramping,RAMP,565.59,546.72,49.913,39.917,30.071,20.051,10.199,0.216
208.3,Ramping,RAMP,566.92,546.96,49.985,39.934,30.095,20.0,10.048,0.057
208.4,Ramping,RAMP,566.31,545.85,49.989,40.116,30.045,20.033,9.969,0.158
208.5,Ramping,RAMP,565.88,546.33,49.938,40.028,30.009,20.123,10.062,0.088
208.6,Ramping,RAMP,565.17,547.47,50.039,40.183,30.1,20.036,10.058,0.03
208.7,Ramping,RAMP,566.13,545.49,49.924,39.966,29.959,20.083,9.955,0.158
208.8,Ramping,RAMP,567.54,546.48,50.06,40.008,30.012,19.974,10.046,0.117
208.9,Ramping,RAMP,566.92,545.69,49.944,39.879,30.06,20.032,9.918,-0.049
209.0,Ramping,RAMP,566.26,545.02,49.931,39.94,29.97,19.972,9.939,-0.071
209.1,Ramping,RAMP,565.98,545.86,49.982,40.007,29.962,20.074,10.016,-0.158
209.2,Ramping,RAMP,566.91,545.07,50.042,40.038,29.945,19.85,9.96,-0.052
209.3,Ramping,RAMP,565.8,547.02,49.91,39.87,29.965,19.939,9.91,-0.078
209.4,Ramping,RAMP,567.16,545.67,49.912,39.947,30.006,19.917,9.794,-0.129
209.5,Ramping,RAMP,565.85,545.0,49.914,39.999,29.981,19.801,9.972,-0.2
209.6,Ramping,RAMP,566.38,547.66,50.125,39.97,29.848,19.831,9.924,-0.161
209.7,Ramping,RAMP,565.7,547.66,49.992,40.099,29.884,19.915,9.994,-0.128
209.8,Ramping,RAMP,566.52,546.54,49.871,40.007,29.839,20.011,9.799,0.069
209.9,Ramping,RAMP,566.35,547.86,50.117,39.899,29.926,19.948,9.912,-0.153
210.0,Ramping,RAMP,569.32,546.14,50.1,39.949,29.888,19.848,9.903,-0.178
210.1,Ramping,RAMP,566.34,546.74,50.023,40.018,29.746,19.889,9.837,-0.092
210.2,Ramping,RAMP,567.99,547.76,49.878,40.076,29.908,19.892,9.938,-0.2
210.3,Ramping,RAMP,566.51,548.59,50.032,39.967,29.856,19.84,9.732,-0.267
210.4,Ramping,RAMP,567.81,546.97,49.813,39.978,29.878,19.804,9.792,-0.396
210.5,Ramping,RAMP,568.22,546.8,50.154,39.932,29.868,19.743,9.762,-0.189
210.6,Ramping,RAMP,565.77,548.77,50.083,40.005,29.917,19.781,9.63,-0.334
210.7,Ramping,RAMP,566.42,548.41,49.981,40.017,29.89,19.927,9.827,-0.373
210.8,Ramping,RAMP,567.07,547.93,49.856,40.04,29.967,19.678,9.838,-0.323
210.9,Ramping,RAMP,566.76,549.24,50.013,40.055,29.959,19.829,9.741,-0.322
211.0,Ramping,RAMP,568.53,550.24,49.968,39.918,29.772,19.74,9.659,-0.44
211.1,Ramping,RAMP,568.83,548.42,50.011,39.893,29.877,19.626,9.666,-0.396
211.2,Ramping,RAMP,567.38,547.35,49.975,39.901,29.704,19.774,9.713,-0.385
211.3,Ramping,RAMP,568.91,548.73,50.083,39.928,29.862,19.748,9.702,-0.567
211.4,Ramping,RAMP,568.36,547.22,49.929,40.035,29.62,19.714,9.727,-0.466
211.5,Ramping,RAMP,568.85,549.77,49.968,39.915,29.782,19.717,9.565,-0.387
211.6,Ramping,RAMP,568.32,547.51,50.114,39.891,29.692,19.663,9.592,-0.452
211.7,Ramping,RAMP,569.77,548.2,49.919,39.837,29.837,19.77,9.543,-0.615
211.8,Ramping,RAMP,571.25,547.49,50.263,39.958,29.769,19.754,9.57,-0.456
211.9,Ramping,RAMP,570.32,548.79,50.013,39.899,29.774,19.559,9.722,-0.617
212.0,Ramping,RAMP,571.16,548.9,49.891,39.871,29.7,19.661,9.609,-0.478
212.1,Ramping,RAMP,567.91,549.61,50.065,39.861,29.774,19.688,9.4,-0.528
212.2,Ramping,RAMP,568.88,548.93,49.883,40.045,29.732,19.631,9.466,-0.64
212.3,Ramping,RAMP,570.47,548.91,50.182,39.954,29.634,19.757,9.611,-0.628
212.4,Ramping,RAMP,571.7,548.23,50.025,39.874,29.909,19.563,9.514,-0.656
212.5,Ramping,RAMP,570.77,548.65,49.885,40.048,29.651,19.635,9.351,-0.669
212.6,Ramping,RAMP,568.85,547.39,50.034,39.803,29.786,19.587,9.571,-0.544
212.7,Ramping,RAMP,569.66,550.8,49.953,39.872,29.747,19.649,9.467,-0.653
212.8,Ramping,RAMP,570.68,549.08,49.981,39.873,29.83,19.642,9.509,-0.626
212.9,Ramping,RAMP,570.17,551.23,49.988,39.886,29.634,19.682,9.218,-0.706
213.0,Ramping,RAMP,569.51,549.18,50.091,39.748,29.747,19.517,9.4,-0.638
213.1,Ramping,RAMP,570.21,547.11,50.016,39.692,29.63,19.641,9.453,-0.589
213.2,Ramping,RAMP,570.63,548.91,50.135,39.824,29.903,19.556,9.328,-0.794
213.3,Ramping,RAMP,569.44,549.52,49.819,39.977,29.824,19.464,9.375,-0.75
213.4,Ramping,RAMP,572.01,549.66,49.923,39.705,29.674,19.511,9.351,-0.755
213.5,Ramping,RAMP,570.39,550.46,50.114,39.818,29.699,19.586,9.415,-0.836
213.6,Ramping,RAMP,570.92,549.92,50.008,39.884,29.589,19.62,9.474,-0.859
213.7,Ramping,RAMP,572.34,549.36,50.015,39.888,29.63,19.549,9.361,-0.933
213.8,Ramping,RAMP,571.04,548.73,50.037,39.746,29.743,19.449,9.324,-0.719
213.9,Ramping,RAMP,572.45,549.4,50.04,39.745,29.582,19.446,9.357,-0.814
214.0,Ramping,RAMP,570.12,550.68,49.933,39.735,29.68,19.471,9.487,-0.854
214.1,Ramping,RAMP,571.96,551.04,50.145,39.732,29.526,19.388,9.399,-0.73
214.2,Ramping,RAMP,572.54,549.26,49.937,39.786,29.553,19.325,9.35,-0.866
214.3,Ramping,RAMP,570.62,551.34,50.001,39.709,29.772,19.421,9.325,-1.014
214.4,Ramping,RAMP,571.48,550.87,49.985,39.841,29.662,19.466,9.311,-1.001
214.5,Ramping,RAMP,571.59,549.18,50.016,39.824,29.649,19.451,9.159,-1.029
214.6,Ramping,RAMP,572.11,550.6,49.823,39.878,29.691,19.505,9.275,-1.108
214.7,Ramping,RAMP,572.51,550.8,49.918,39.824,29.631,19.412,9.269,-0.949
214.8,Ramping,RAMP,570.93,549.14,50.01,39.756,29.693,19.388,9.123,-1.025
214.9,Ramping,RAMP,572.03,548.84,49.972,39.884,29.606,19.4,9.12,-0.913
215.0,Ramping,RAMP,574.09,551.09,49.948,39.794,29.723,19.448,9.079,-1.13
215.1,Ramping,RAMP,573.52,550.03,49.995,39.703,29.652,19.403,9.213,-1.057
215.2,Ramping,RAMP,573.29,552.45,50.139,40.025,29.572,19.42,9.197,-1.034
215.3,Ramping,RAMP,572.18,552.75,49.933,39.708,29.499,19.417,9.138,-1.232
215.4,Ramping,RAMP,575.04,551.31,50.036,39.789,29.693,19.407,9.052,-1.216
215.5,Ramping,RAMP,573.8,551.94,49.942,39.74,29.656,19.369,9.251,-1.156
215.6,Ramping,RAMP,572.68,549.62,50.077,39.845,29.414,19.469,9.158,-1.03
215.7,Ramping,RAMP,572.97,549.3,49.931,39.887,29.476,19.422,9.207,-1.152
215.8,Ramping,RAMP,572.23,550.78,50.159,39.801,29.618,19.227,9.301,-1.183
215.9,Ramping,RAMP,573.33,549.46,50.082,39.701,29.512,19.405,9.205,-1.199
216.0,Ramping,RAMP,573.64,551.42,50.087,39.862,29.482,19.463,8.997,-1.159
216.1,Ramping,RAMP,573.84,550.16,50.038,39.708,29.573,19.347,9.089,-1.053
216.2,Ramping,RAMP,572.85,551.38,49.982,39.792,29.639,19.384,9.158,-1.223
216.3,Ramping,RAMP,571.37,550.99,50.042,39.701,29.44,19.309,9.014,-1.079
216.4,Ramping,RAMP,573.5,552.01,50.065,39.617,29.472,19.191,9.04,-1.117
216.5,Ramping,RAMP,574.13,551.69,49.981,39.72,29.638,19.117,9.167,-1.208
216.6,Ramping,RAMP,572.17,550.86,49.994,39.723,29.653,19.196,9.06,-1.134
216.7,Ramping,RAMP,573.3,549.75,49.871,39.689,29.513,19.217,8.985,-1.215
216.8,Ramping,RAMP,575.09,551.63,50.052,39.733,29.607,19.202,8.942,-1.043
216.9,Ramping,RAMP,572.1,549.39,49.947,39.654,29.377,19.361,9.006,-1.228
217.0,Ramping,RAMP,573.27,553.02,49.987,39.837,29.498,19.456,9.036,-1.134
217.1,Ramping,RAMP,575.46,552.21,50.064,39.751,29.461,19.289,9.058,-1.275
217.2,Ramping,RAMP,573.93,552.63,50.013,39.851,29.67,19.325,9.158,-1.29
217.3,Ramping,RAMP,573.17,550.5,50.056,39.857,29.428,19.211,9.139,-1.328
217.4,Ramping,RAMP,573.86,552.14,49.893,39.87,29.592,19.279,8.989,-1.295
217.5,Ramping,RAMP,574.92,550.95,50.023,39.872,29.511,19.411,8.912,-1.271
217.6,Ramping,RAMP,573.75,551.97,49.97,39.657,29.476,19.266,9.018,-1.106
217.7,Ramping,RAMP,574.77,550.64,50.037,39.834,29.489,19.36,9.16,-1.247
217.8,Ramping,RAMP,574.4,551.78,49.921,39.696,29.503,19.257,9.016,-1.263
217.9,Ramping,RAMP,574.56,550.27,50.001,39.687,29.508,19.363,9.034,-1.266
218.0,Ramping,RAMP,575.03,551.77,50.082,39.707,29.432,19.149,8.935,-1.353
218.1,Ramping,RAMP,573.94,550.03,50.097,39.696,29.404,19.358,8.901,-1.316
218.2,Ramping,RAMP,573.22,554.14,50.036,39.642,29.564,19.248,9.054,-1.392
218.3,Ramping,RAMP,574.98,552.28,50.008,39.734,29.482,19.075,8.931,-1.461
218.4,Ramping,RAMP,574.31,552.14,50.029,39.558,29.309,19.252,8.871,-1.435
218.5,Ramping,RAMP,573.99,552.98,50.102,39.753,29.524,19.167,9.122,-1.414
218.6,Ramping,RAMP,575.21,550.65,50.14,39.72,29.318,19.214,8.926,-1.459
218.7,Ramping,RAMP,576.17,551.31,49.926,39.721,29.475,18.972,8.977,-1.423
218.8,Ramping,RAMP,574.51,552.92,49.893,39.797,29.441,19.262,8.921,-1.393
218.9,Ramping,RAMP,574.76,552.52,49.988,39.758,29.406,19.091,8.928,-1.413
219.0,Ramping,RAMP,573.38,551.5,50.003,39.805,29.427,19.155,8.824,-1.376
219.1,Ramping,RAMP,574.59,553.18,50.028,39.788,29.386,19.112,8.928,-1.398
219.2,Ramping,RAMP,575.17,552.8,49.928,39.819,29.293,19.206,8.757,-1.276
219.3,Ramping,RAMP,574.94,553.08,49.876,39.805,29.419,19.109,8.866,-1.385
219.4,Ramping,RAMP,574.58,552.98,49.928,39.646,29.474,18.997,8.798,-1.201
219.5,Ramping,RAMP,575.94,551.73,49.923,39.801,29.372,19.169,8.89,-1.362
219.6,Ramping,RAMP,575.19,552.49,49.984,39.867,29.369,19.142,8.851,-1.55
219.7,Ramping,RAMP,578.27,550.39,49.977,39.719,29.378,19.314,8.758,-1.374
219.8,Ramping,RAMP,575.47,552.04,50.069,39.704,29.34,19.052,8.777,-1.62
219.9,Ramping,RAMP,571.97,552.39,49.92,39.584,29.514,19.159,8.875,-1.438
220.0,Ramping,RAMP,573.98,553.47,50.013,39.818,29.354,19.113,8.865,-1.599
220.1,Ramping,RAMP,576.0,553.37,50.248,39.702,29.411,19.2,8.873,-1.498
220.2,Ramping,RAMP,574.64,551.89,50.01,39.578,29.352,19.136,8.829,-1.411
220.3,Ramping,RAMP,574.76,551.89,49.99,39.586,29.478,19.205,8.859,-1.529
220.4,Ramping,RAMP,574.02,554.42,50.084,39.97,29.4,18.981,8.734,-1.474
220.5,Ramping,RAMP,574.98,552.54,49.872,39.707,29.418,19.204,8.88,-1.462
220.6,Ramping,RAMP,575.84,553.06,49.827,39.766,29.441,19.097,8.631,-1.601
220.7,Ramping,RAMP,576.11,553.9,49.907,39.53,29.381,19.008,8.973,-1.56
220.8,Ramping,RAMP,574.47,552.89,50.104,39.564,29.336,19.076,8.684,-1.587
220.9,Ramping,RAMP,576.71,552.84,49.983,39.669,29.524,19.094,8.79,-1.518
221.0,Ramping,RAMP,574.35,552.67,50.049,39.68,29.347,19.073,8.838,-1.478
221.1,Ramping,RAMP,576.35,552.47,49.981,39.746,29.354,19.058,8.702,-1.59
221.2,Ramping,RAMP,576.28,553.28,50.107,39.691,29.378,18.935,8.709,-1.602
221.3,Ramping,RAMP,574.79,550.95,49.934,39.684,29.33,19.053,8.738,-1.666
221.4,Ramping,RAMP,574.69,552.74,49.968,39.687,29.456,19.063,8.67,-1.564
221.5,Ramping,RAMP,576.46,553.85,50.137,39.753,29.403,19.096,8.833,-1.517
221.6,Ramping,RAMP,575.37,553.74,50.045,39.764,29.27,18.914,8.725,-1.604
221.7,Ramping,RAMP,575.86,554.95,49.956,39.743,29.204,18.987,8.668,-1.747
221.8,Ramping,RAMP,576.95,554.29,50.12,39.567,29.304,19.099,8.753,-1.712
221.9,Ramping,RAMP,576.74,553.81,50.055,39.697,29.535,19.055,8.685,-1.698
222.0,Ramping,RAMP,575.11,553.38,49.94,39.607,29.455,19.02,8.736,-1.515
222.1,Ramping,RAMP,576.18,552.82,49.811,39.774,29.347,19.049,8.62,-1.703
222.2,Ramping,RAMP,575.16,554.0,50.039,39.861,29.421,19.112,8.665,-1.697
222.3,Ramping,RAMP,577.37,553.82,49.938,39.63,29.174,18.949,8.631,-1.669
222.4,Ramping,RAMP,578.21,553.01,50.011,39.697,29.334,18.957,8.514,-1.708
222.5,Ramping,RAMP,575.39,552.44,49.922,39.704,29.406,19.074,8.726,-1.678
222.6,Ramping,RAMP,576.4,553.44,49.958,39.605,29.21,19.075,8.647,-1.774
222.7,Ramping,RAMP,577.58,554.92,49.934,39.595,29.331,19.077,8.628,-1.86
222.8,Ramping,RAMP,576.54,553.69,49.985,39.65,29.308,18.938,8.669,-1.681
222.9,Ramping,RAMP,577.23,553.62,49.998,39.695,29.289,18.946,8.757,-1.647
223.0,Ramping,RAMP,576.65,554.12,50.066,39.759,29.363,19.056,8.515,-1.681
223.1,Ramping,RAMP,575.36,554.21,49.985,39.793,29.393,18.927,8.667,-1.69
223.2,Ramping,RAMP,576.8,553.96,50.036,39.577,29.345,18.956,8.655,-1.767
223.3,Ramping,RAMP,578.05,553.64,49.953,39.751,29.23,18.893,8.624,-1.777
223.4,Ramping,RAMP,577.11,553.1,49.929,39.664,29.191,18.887,8.788,-1.684
223.5,Ramping,RAMP,578.71,554.94,49.94,39.688,29.355,19.044,8.609,-1.648
223.6,Ramping,RAMP,574.67,553.25,49.837,39.569,29.32,18.987,8.542,-1.711
223.7,Ramping,RAMP,577.29,555.67,49.95,39.63,29.387,19.03,8.53,-1.822
223.8,Ramping,RAMP,576.09,553.99,49.967,39.649,29.25,19.038,8.634,-1.71
223.9,Ramping,RAMP,575.85,553.89,49.899,39.744,29.075,19.018,8.676,-1.783
224.0,Ramping,RAMP,578.53,554.77,50.102,39.644,29.304,18.975,8.852,-1.646
224.1,Ramping,RAMP,576.66,553.09,50.056,39.575,29.308,18.88,8.659,-1.748
224.2,Ramping,RAMP,576.58,554.59,49.91,39.654,29.226,18.954,8.52,-1.762
224.3,Ramping,RAMP,577.44,554.06,50.06,39.642,29.261,18.955,8.64,-1.858
224.4,Ramping,RAMP,574.48,554.44,50.021,39.751,29.336,18.94,8.632,-1.738
224.5,Ramping,RAMP,578.72,553.14,50.06,39.482,29.164,19.013,8.456,-1.747
224.6,Ramping,RAMP,579.41,553.15,49.972,39.563,29.314,18.946,8.741,-1.834
224.7,Ramping,RAMP,578.25,551.81,50.115,39.67,29.231,18.99,8.614,-1.786
224.8,Ramping,RAMP,577.68,553.48,50.021,39.593,29.216,18.984,8.547,-1.801
224.9,Ramping,RAMP,576.95,553.44,50.022,39.661,29.166,19.024,8.571,-1.815
225.0,Ramping,RAMP,575.95,553.27,50.034,39.658,29.34,18.961,8.614,-1.696
225.1,Ramping,RAMP,578.71,553.95,50.071,39.625,29.187,19.048,8.534,-1.846
225.2,Ramping,RAMP,578.4,554.19,49.861,39.664,29.287,18.791,8.586,-1.853
225.3,Ramping,RAMP,577.87,554.73,50.215,39.591,29.238,18.839,8.648,-1.848
225.4,Ramping,RAMP,577.76,554.83,49.942,39.692,29.161,18.957,8.685,-1.777
225.5,Ramping,RAMP,577.75,554.95,50.051,39.704,29.406,19.001,8.574,-1.755
225.6,Ramping,RAMP,576.79,555.02,49.929,39.696,29.187,18.872,8.288,-1.799
225.7,Ramping,RAMP,580.45,554.54,49.948,39.722,29.297,18.988,8.444,-1.753
225.8,Ramping,RAMP,577.13,554.3,50.168,39.693,29.327,18.909,8.486,-1.78
225.9,Ramping,RAMP,576.99,555.36,49.88,39.598,29.12,18.837,8.576,-1.804
226.0,Ramping,RAMP,578.87,555.1,50.004,39.644,29.109,18.861,8.466,-1.902
226.1,Ramping,RAMP,577.52,552.51,50.048,39.56,29.21,18.721,8.494,-1.94
226.2,Ramping,RAMP,577.56,554.1,50.006,39.552,29.265,18.874,8.648,-1.818
226.3,Ramping,RAMP,579.3,552.16,49.853,39.526,29.26,18.808,8.273,-1.754
226.4,Ramping,RAMP,578.44,552.15,50.058,39.668,29.205,18.915,8.451,-1.85
226.5,Ramping,RAMP,578.53,553.75,49.926,39.747,29.126,18.977,8.507,-1.909
226.6,Ramping,RAMP,575.98,554.22,50.013,39.684,29.36,18.901,8.429,-1.87
226.7,Ramping,RAMP,578.19,553.88,50.145,39.732,29.321,18.937,8.553,-1.786
226.8,Ramping,RAMP,576.52,552.28,49.963,39.515,29.253,18.805,8.41,-1.94
226.9,Ramping,RAMP,577.21,555.36,50.199,39.634,29.274,18.771,8.344,-1.952
227.0,Ramping,RAMP,577.99,553.6,50.115,39.649,29.292,18.925,8.441,-1.779
227.1,Ramping,RAMP,577.76,555.05,49.949,39.734,29.278,18.721,8.425,-2.037
227.2,Ramping,RAMP,578.61,553.66,50.093,39.618,29.063,18.891,8.439,-2.016
227.3,Ramping,RAMP,578.77,553.9,50.134,39.628,29.216,18.827,8.358,-2.006
227.4,Ramping,RAMP,578.89,555.03,50.103,39.581,29.24,18.693,8.37,-1.856
227.5,Ramping,RAMP,576.28,554.11,50.03,39.758,29.344,18.836,8.511,-1.934
227.6,Ramping,RAMP,580.75,554.75,50.164,39.709,29.249,18.868,8.585,-1.866
227.7,Ramping,RAMP,577.91,554.89,50.125,39.441,29.27,18.809,8.608,-1.793
227.8,Ramping,RAMP,579.42,552.86,50.003,39.739,29.375,18.854,8.662,-1.922
227.9,Ramping,RAMP,574.97,555.16,49.983,39.685,29.202,18.853,8.574,-1.922
228.0,Ramping,RAMP,577.69,553.48,49.864,39.644,29.174,18.913,8.514,-1.809
228.1,Ramping,RAMP,576.27,553.29,50.073,39.701,29.174,18.906,8.613,-1.985
228.2,Ramping,RAMP,577.02,553.76,50.144,39.569,29.158,18.863,8.51,-1.861
228.3,Ramping,RAMP,578.13,555.63,49.923,39.647,29.17,18.719,8.376,-1.997
228.4,Ramping,RAMP,577.69,552.74,50.042,39.704,29.106,18.864,8.353,-1.89
228.5,Ramping,RAMP,579.69,555.46,49.95,39.527,29.286,18.787,8.42,-2.121
228.6,Ramping,RAMP,580.25,555.1,50.076,39.676,29.222,18.709,8.539,-2.0
228.7,Ramping,RAMP,576.99,554.8,49.964,39.795,29.164,18.889,8.485,-1.919
228.8,Ramping,RAMP,577.59,555.02,50.023,39.639,29.24,18.824,8.558,-2.059
228.9,Ramping,RAMP,576.95,554.39,50.082,39.674,29.273,18.915,8.427,-2.106
229.0,Ramping,RAMP,579.6,555.57,49.994,39.529,29.157,18.725,8.394,-2.008
229.1,Ramping,RAMP,578.42,554.25,49.81,39.663,29.392,18.871,8.413,-1.968
229.2,Ramping,RAMP,578.29,552.82,49.966,39.614,29.211,18.753,8.562,-2.085
229.3,Ramping,RAMP,578.64,554.7,50.057,39.598,29.364,18.846,8.396,-1.989
229.4,Ramping,RAMP,577.91,555.76,50.003,39.514,29.15,18.674,8.348,-1.965
229.5,Ramping,RAMP,577.28,555.4,50.024,39.447,29.199,18.86,8.407,-2.026
229.6,Ramping,RAMP,578.39,557.0,49.967,39.561,29.158,18.827,8.602,-2.038
229.7,Ramping,RAMP,578.02,554.54,49.975,39.6,29.153,18.899,8.225,-2.024
229.8,Ramping,RAMP,578.78,554.66,50.065,39.58,29.141,18.845,8.485,-1.967
229.9,Ramping,RAMP,576.42,554.58,49.936,39.639,29.173,18.867,8.529,-2.195
230.0,Ramping,RAMP,578.62,553.95,50.009,39.463,29.399,18.769,8.468,-1.993
230.1,Ramping,RAMP,577.59,554.32,49.936,39.528,29.33,18.881,8.561,-1.988
230.2,Ramping,RAMP,578.61,553.65,50.023,39.58,29.179,18.719,8.41,-2.059
230.3,Ramping,RAMP,579.53,552.16,50.035,39.614,29.224,18.935,8.398,-1.938
230.4,Ramping,RAMP,577.8,554.23,50.164,39.704,29.292,18.775,8.418,-2.106
230.5,Ramping,RAMP,579.92,554.96,50.04,39.621,29.2,18.88,8.3,-1.873
230.6,Ramping,RAMP,576.41,555.7,50.072,39.593,29.186,18.835,8.517,-1.998
230.7,Ramping,RAMP,580.37,554.27,50.012,39.6,29.339,18.765,8.39,-1.892
230.8,Ramping,RAMP,580.02,554.29,50.012,39.689,29.122,18.777,8.51,-2.066
230.9,Ramping,RAMP,577.48,556.22,49.988,39.618,29.115,18.758,8.398,-2.01
231.0,Ramping,RAMP,577.51,553.4,50.102,39.72,29.125,18.799,8.441,-1.895
231.1,Ramping,RAMP,576.78,554.81,50.057,39.619,29.246,18.842,8.31,-2.004
231.2,Ramping,RAMP,579.7,556.16,50.117,39.579,29.202,18.768,8.198,-2.02
231.3,Ramping,RAMP,578.21,554.18,50.024,39.554,29.098,18.715,8.442,-1.866
231.4,Ramping,RAMP,578.14,553.2,50.111,39.487,29.258,18.731,8.332,-2.064
231.5,Ramping,RAMP,577.29,557.09,50.056,39.671,29.181,18.776,8.414,-1.984
231.6,Ramping,RAMP,580.83,556.02,50.094,39.491,29.189,18.696,8.371,-2.05
231.7,Ramping,RAMP,577.5,556.06,49.996,39.529,29.067,18.612,8.362,-2.068
231.8,Ramping,RAMP,578.71,554.97,49.946,39.699,29.117,18.892,8.501,-2.192
231.9,Ramping,RAMP,578.95,555.86,50.007,39.56,28.952,18.661,8.431,-1.877
232.0,Ramping,RAMP,578.23,552.11,50.072,39.618,29.182,18.91,8.539,-2.088
232.1,Ramping,RAMP,578.0,554.58,49.84,39.424,29.289,18.77,8.38,-2.186
232.2,Ramping,RAMP,578.29,556.25,49.94,39.567,29.199,18.741,8.281,-2.108
232.3,Ramping,RAMP,579.43,553.45,50.097,39.61,29.23,18.7,8.126,-2.089
232.4,Ramping,RAMP,578.35,554.74,49.931,39.618,29.443,18.826,8.579,-2.004
232.5,Ramping,RAMP,580.73,555.53,49.95,39.617,29.322,18.915,8.312,-2.032
232.6,Ramping,RAMP,577.86,554.21,49.886,39.655,29.303,18.771,8.303,-2.025
232.7,Ramping,RAMP,579.71,555.17,50.033,39.595,29.192,18.752,8.435,-1.997
232.8,Ramping,RAMP,576.71,555.64,49.921,39.507,29.156,18.824,8.365,-2.11
232.9,Ramping,RAMP,577.9,555.54,50.021,39.561,29.246,18.79,8.326,-2.042
233.0,Ramping,RAMP,577.86,554.71,50.105,39.542,29.207,18.757,8.384,-2.115
233.1,Ramping,RAMP,577.53,554.2,50.009,39.676,29.099,18.655,8.245,-2.158
233.2,Ramping,RAMP,579.21,555.68,50.048,39.474,29.15,18.81,8.38,-2.097
233.3,Ramping,RAMP,578.75,555.62,50.015,39.595,29.155,18.742,8.524,-2.004
233.4,Ramping,RAMP,576.16,555.57,50.198,39.546,29.165,18.651,8.279,-1.918
233.5,Ramping,RAMP,581.3,555.37,49.958,39.739,29.072,18.672,8.315,-2.077
233.6,Ramping,RAMP,579.13,555.65,50.074,39.621,29.137,18.745,8.315,-2.147
233.7,Ramping,RAMP,578.93,556.3,49.929,39.667,29.023,18.884,8.312,-2.138
233.8,Ramping,RAMP,580.51,555.63,50.059,39.703,29.258,18.793,8.424,-2.215
233.9,Ramping,RAMP,580.14,555.38,49.958,39.511,29.266,18.721,8.404,-2.037
234.0,Ramping,RAMP,578.61,554.64,49.931,39.537,29.271,18.689,8.345,-2.144
234.1,Ramping,RAMP,576.63,556.95,49.975,39.58,29.104,18.673,8.356,-2.151
234.2,Ramping,RAMP,579.66,553.94,49.935,39.508,29.16,18.824,8.452,-2.144
234.3,Ramping,RAMP,577.84,555.05,50.172,39.502,29.252,18.69,8.261,-2.147
234.4,Ramping,RAMP,580.5,554.69,49.996,39.629,29.218,18.671,8.25,-2.162
234.5,Ramping,RAMP,578.09,553.12,49.991,39.565,29.088,18.767,8.508,-2.131
234.6,Ramping,RAMP,578.49,555.75,49.965,39.626,29.118,18.798,8.268,-1.946
234.7,Ramping,RAMP,577.43,555.08,50.028,39.532,29.115,18.702,8.434,-2.196
234.8,Ramping,RAMP,577.54,555.37,49.947,39.536,29.16,18.721,8.204,-2.128
234.9,Ramping,RAMP,578.93,555.13,49.992,39.53,29.216,18.815,8.316,-2.079
235.0,Ramping,RAMP,578.83,556.25,49.827,39.546,29.241,18.707,8.262,-1.917
235.1,Ramping,RAMP,578.51,556.41,50.146,39.617,29.251,18.561,8.256,-2.139
235.2,Ramping,RAMP,581.56,554.04,49.981,39.54,28.955,18.769,8.361,-1.974
235.3,Ramping,RAMP,579.83,557.49,49.937,39.51,28.944,18.714,8.389,-2.153
235.4,Ramping,RAMP,579.12,555.09,50.171,39.558,29.169,18.627,8.338,-2.264
235.5,Ramping,RAMP,575.81,556.09,50.055,39.636,29.266,18.654,8.327,-2.062
235.6,Ramping,RAMP,580.12,555.61,50.035,39.509,28.965,18.762,8.301,-2.154
235.7,Ramping,RAMP,582.73,555.52,50.061,39.574,29.05,18.579,8.221,-1.919
235.8,Ramping,RAMP,578.92,556.07,50.058,39.593,29.141,18.713,8.404,-2.151
235.9,Ramping,RAMP,578.19,556.99,50.046,39.549,29.31,18.791,8.409,-2.16
236.0,Ramping,RAMP,579.36,556.35,50.085,39.552,29.163,18.862,8.225,-2.099
236.1,Ramping,RAMP,577.46,555.13,50.035,39.618,29.117,18.897,8.203,-2.0
236.2,Ramping,RAMP,579.74,555.33,50.097,39.728,29.026,18.66,8.425,-2.268
236.3,Ramping,RAMP,581.0,554.76,49.871,39.537,29.168,18.856,8.29,-2.168
236.4,Ramping,RAMP,578.4,556.3,50.025,39.613,29.187,18.713,8.147,-2.194
236.5,Ramping,RAMP,578.45,556.16,50.114,39.591,29.125,18.816,8.212,-2.14
236.6,Ramping,RAMP,579.13,555.04,50.011,39.54,29.159,18.711,8.189,-2.109
236.7,Ramping,RAMP,578.63,557.05,49.894,39.588,29.26,18.703,8.206,-2.135
236.8,Ramping,RAMP,577.42,556.76,49.933,39.622,29.138,18.861,8.392,-2.139
236.9,Ramping,RAMP,578.78,557.66,50.057,39.543,29.152,18.694,8.359,-2.013
237.0,Ramping,RAMP,578.55,554.53,50.064,39.648,29.222,18.767,8.206,-1.993
237.1,Ramping,RAMP,580.9,555.36,50.144,39.555,29.118,18.771,8.34,-2.146
237.2,Ramping,RAMP,580.66,555.25,49.9,39.598,29.191,18.779,8.323,-2.153
237.3,Ramping,RAMP,580.96,558.62,50.08,39.579,29.11,18.706,8.154,-2.147
237.4,Ramping,RAMP,580.25,555.51,50.055,39.6,29.268,18.698,8.332,-2.071
237.5,Ramping,RAMP,579.54,557.02,50.187,39.584,29.062,18.787,8.441,-2.161
237.6,Ramping,RAMP,578.25,556.75,50.067,39.671,29.227,18.728,8.235,-2.143
237.7,Ramping,RAMP,580.9,555.42,50.037,39.645,29.172,18.687,8.334,-2.069
237.8,Ramping,RAMP,579.73,555.59,50.03,39.505,29.13,18.792,8.178,-2.307
237.9,Ramping,RAMP,577.83,556.15,50.121,39.613,29.192,18.63,8.347,-2.118
238.0,Ramping,RAMP,578.24,557.04,49.873,39.686,29.156,18.683,8.257,-2.303
238.1,Ramping,RAMP,577.82,555.33,50.047,39.592,29.127,18.817,8.175,-2.19
238.2,Ramping,RAMP,576.88,554.93,49.932,39.549,29.148,18.748,8.257,-2.214
238.3,Ramping,RAMP,579.82,556.67,50.135,39.764,29.153,18.652,8.402,-2.261
238.4,Ramping,RAMP,577.88,554.18,49.973,39.515,29.049,18.69,8.214,-2.145
238.5,Ramping,RAMP,578.46,555.86,50.002,39.521,29.111,18.693,8.347,-2.159
238.6,Ramping,RAMP,579.42,556.83,50.066,39.617,29.186,18.822,8.192,-2.186
238.7,Ramping,RAMP,579.16,556.08,50.141,39.549,28.915,18.694,8.291,-2.359
238.8,Ramping,RAMP,578.53,554.89,50.107,39.513,29.166,18.692,8.176,-2.236
238.9,Ramping,RAMP,581.22,554.38,49.925,39.656,29.127,18.667,8.204,-2.056
239.0,Ramping,RAMP,577.57,557.01,50.117,39.664,29.178,18.731,8.18,-2.173
239.1,Ramping,RAMP,577.63,555.38,49.945,39.423,29.223,18.652,8.373,-2.083
239.2,Ramping,RAMP,579.96,554.51,50.045,39.618,29.089,18.856,8.279,-2.131
239.3,Ramping,RAMP,578.67,556.96,49.948,39.494,29.176,18.724,8.212,-2.271
239.4,Ramping,RAMP,578.63,556.56,49.898,39.664,29.088,18.679,8.39,-2.247
239.5,Ramping,RAMP,578.14,554.34,49.942,39.507,29.266,18.865,8.334,-2.095
239.6,Ramping,RAMP,579.85,558.63,49.954,39.724,29.158,18.773,8.264,-2.181
239.7,Ramping,RAMP,579.72,554.96,50.133,39.611,29.252,18.724,8.204,-2.207
239.8,Ramping,RAMP,579.6,556.56,50.008,39.518,29.047,18.799,8.228,-2.15
239.9,Ramping,RAMP,578.76,558.0,50.024,39.521,29.251,18.613,8.291,-2.142
240.0,Ramping,RAMP,578.56,556.69,49.996,39.464,29.204,18.762,8.216,-2.106
240.1,Flowing,NORMAL,579.8,580.31,50.03,39.448,29.032,18.741,8.225,-2.295
240.2,Flowing,NORMAL,581.16,578.28,49.931,39.509,29.065,18.582,8.061,-2.159
240.3,Flowing,NORMAL,581.88,582.45,50.078,39.448,29.111,18.578,8.179,-2.277
240.4,Flowing,NORMAL,581.33,581.04,49.966,39.71,29.065,18.585,8.139,-2.166
240.5,Flowing,NORMAL,580.61,578.3,49.868,39.489,29.216,18.67,8.216,-2.079
240.6,Flowing,NORMAL,581.18,581.85,50.02,39.493,29.078,18.559,8.301,-2.204
240.7,Flowing,NORMAL,578.58,580.07,50.09,39.647,29.067,18.575,8.196,-2.32
240.8,Flowing,NORMAL,579.14,579.67,50.013,39.641,29.087,18.662,8.193,-2.186
240.9,Flowing,NORMAL,580.63,579.31,49.947,39.374,29.138,18.729,8.236,-2.301
241.0,Flowing,NORMAL,579.86,580.21,49.909,39.59,29.111,18.64,8.346,-2.326
241.1,Flowing,NORMAL,580.41,580.97,50.142,39.553,28.953,18.636,8.277,-2.279
241.2,Flowing,NORMAL,581.18,579.41,49.882,39.537,29.032,18.689,8.262,-2.334
241.3,Flowing,NORMAL,580.99,580.15,49.944,39.611,29.031,18.564,8.106,-2.222
241.4,Flowing,NORMAL,578.69,584.06,50.025,39.495,29.1,18.772,8.122,-2.406
241.5,Flowing,NORMAL,580.01,580.57,50.036,39.541,29.043,18.702,8.267,-2.426
241.6,Flowing,NORMAL,578.9,581.16,49.948,39.735,29.147,18.704,8.294,-2.248
241.7,Flowing,NORMAL,579.07,578.85,50.064,39.607,29.143,18.624,8.214,-2.297
241.8,Flowing,NORMAL,577.95,578.37,50.001,39.457,29.037,18.628,8.125,-2.29
241.9,Flowing,NORMAL,580.16,581.76,49.987,39.582,29.176,18.613,8.307,-2.175
242.0,Flowing,NORMAL,577.86,581.41,50.04,39.562,29.126,18.745,8.298,-2.143
242.1,Flowing,NORMAL,580.47,582.06,50.003,39.594,29.208,18.6,8.175,-2.248
242.2,Flowing,NORMAL,581.63,579.9,50.072,39.623,29.082,18.529,8.22,-2.323
242.3,Flowing,NORMAL,580.64,581.51,49.881,39.449,29.126,18.759,8.203,-2.233
242.4,Flowing,NORMAL,580.06,576.93,50.095,39.426,29.142,18.649,8.245,-2.288
242.5,Flowing,NORMAL,581.84,580.65,49.935,39.561,29.232,18.719,8.16,-2.357
242.6,Flowing,NORMAL,580.39,581.24,49.865,39.655,29.024,18.624,8.306,-2.379
242.7,Flowing,NORMAL,578.96,579.17,50.119,39.53,29.008,18.63,8.142,-2.215
242.8,Flowing,NORMAL,580.15,581.27,49.948,39.397,29.082,18.542,8.217,-2.345
242.9,Flowing,NORMAL,582.35,579.78,49.961,39.565,29.083,18.67,8.255,-2.342
243.0,Flowing,NORMAL,578.69,579.9,49.995,39.284,29.12,18.626,8.122,-2.225
243.1,Flowing,NORMAL,578.34,579.69,50.094,39.512,29.025,18.663,8.093,-2.303
243.2,Flowing,NORMAL,580.74,581.9,50.098,39.555,28.95,18.506,8.213,-2.181
243.3,Flowing,NORMAL,579.73,579.45,49.871,39.586,29.207,18.801,8.227,-2.209
243.4,Flowing,NORMAL,579.36,579.31,49.829,39.718,29.054,18.575,8.18,-2.129
243.5,Flowing,NORMAL,578.49,578.97,50.177,39.56,29.18,18.654,8.117,-2.132
243.6,Flowing,NORMAL,577.66,579.56,49.95,39.673,29.204,18.699,8.347,-2.071
243.7,Flowing,NORMAL,578.25,580.23,49.986,39.485,28.951,18.83,8.165,-2.159
243.8,Flowing,NORMAL,581.94,580.77,49.941,39.673,29.044,18.555,8.184,-2.292
243.9,Flowing,NORMAL,579.99,579.1,50.048,39.546,29.15,18.627,8.147,-2.296
244.0,Flowing,NORMAL,577.65,580.45,50.164,39.568,28.941,18.609,8.208,-2.102
244.1,Flowing,NORMAL,581.42,580.73,50.082,39.476,29.294,18.648,8.3,-2.342
244.2,Flowing,NORMAL,581.48,578.88,49.808,39.437,28.84,18.819,8.217,-2.324
244.3,Flowing,NORMAL,581.48,580.08,50.036,39.565,29.15,18.747,8.177,-2.32
244.4,Flowing,NORMAL,579.49,579.9,50.066,39.614,29.108,18.824,8.165,-2.322
244.5,Flowing,NORMAL,579.68,580.09,50.033,39.496,29.14,18.583,8.168,-2.099
244.6,Flowing,NORMAL,580.17,579.36,49.968,39.486,29.194,18.566,8.145,-2.204
244.7,Flowing,NORMAL,581.68,579.84,50.075,39.648,29.04,18.698,8.163,-2.298
244.8,Flowing,NORMAL,579.33,580.04,50.096,39.506,29.122,18.663,8.115,-2.172
244.9,Flowing,NORMAL,579.09,582.24,50.045,39.391,29.122,18.588,8.288,-2.365
245.0,Flowing,NORMAL,580.83,580.05,49.971,39.579,29.104,18.711,8.079,-2.118
245.1,Flowing,NORMAL,581.45,581.61,50.042,39.659,29.17,18.649,8.097,-2.295
245.2,Flowing,NORMAL,579.94,581.7,50.127,39.661,29.051,18.425,8.183,-2.273
245.3,Flowing,NORMAL,580.8,578.42,49.98,39.592,29.17,18.729,8.236,-2.394
245.4,Flowing,NORMAL,580.13,579.65,49.973,39.734,29.13,18.68,8.229,-2.217
245.5,Flowing,NORMAL,579.7,581.7,49.809,39.531,29.097,18.753,8.204,-2.381
245.6,Flowing,NORMAL,579.0,580.22,50.034,39.486,29.003,18.583,8.244,-2.149
245.7,Flowing,NORMAL,578.62,579.86,50.039,39.601,29.138,18.658,8.256,-2.443
245.8,Flowing,NORMAL,579.26,580.9,50.009,39.466,29.193,18.638,8.203,-2.37
245.9,Flowing,NORMAL,578.83,581.28,50.081,39.6,29.145,18.585,8.138,-2.232
246.0,Flowing,NORMAL,580.34,579.96,49.944,39.585,28.927,18.611,8.344,-2.215
246.1,Flowing,NORMAL,581.46,579.67,50.013,39.709,28.913,18.585,8.168,-2.181
246.2,Flowing,NORMAL,580.24,577.16,50.07,39.481,29.18,18.618,8.297,-2.332
246.3,Flowing,NORMAL,578.9,580.06,49.99,39.511,29.185,18.608,8.197,-2.209
246.4,Flowing,NORMAL,581.03,579.54,50.044,39.621,29.117,18.617,8.172,-2.248
246.5,Flowing,NORMAL,580.36,578.79,50.02,39.538,29.102,18.529,8.254,-2.235
246.6,Flowing,NORMAL,580.59,579.75,50.08,39.55,28.961,18.621,8.184,-2.19
246.7,Flowing,NORMAL,579.38,579.5,49.834,39.553,29.141,18.597,8.206,-2.3
246.8,Flowing,NORMAL,581.36,580.2,49.942,39.517,29.043,18.705,8.141,-2.322
246.9,Flowing,NORMAL,581.35,579.67,50.141,39.627,28.951,18.589,8.22,-2.224
247.0,Flowing,NORMAL,579.78,580.54,49.881,39.643,29.166,18.689,8.309,-2.214
247.1,Flowing,NORMAL,580.86,580.21,50.036,39.675,29.188,18.583,8.251,-2.303
247.2,Flowing,NORMAL,581.32,581.53,50.04,39.588,28.989,18.64,8.221,-2.285
247.3,Flowing,NORMAL,579.44,579.36,50.025,39.615,29.098,18.668,8.311,-2.212
247.4,Flowing,NORMAL,579.9,582.14,50.016,39.473,29.154,18.677,8.303,-2.246
247.5,Flowing,NORMAL,580.1,581.28,49.855,39.414,29.159,18.605,8.235,-2.241
247.6,Flowing,NORMAL,578.68,581.78,49.987,39.542,29.031,18.649,8.153,-2.28
247.7,Flowing,NORMAL,580.53,580.3,49.974,39.532,29.174,18.64,8.282,-2.127
247.8,Flowing,NORMAL,581.23,579.66,50.068,39.593,29.126,18.719,8.207,-2.171
247.9,Flowing,NORMAL,579.83,579.35,50.049,39.521,29.172,18.657,8.192,-2.288
248.0,Flowing,NORMAL,580.41,582.1,50.013,39.63,29.171,18.678,8.248,-2.148
248.1,Flowing,NORMAL,581.68,581.32,49.988,39.461,29.204,18.608,8.145,-2.393
248.2,Flowing,NORMAL,579.51,578.79,50.046,39.42,29.04,18.697,8.258,-2.302
248.3,Flowing,NORMAL,580.43,581.17,49.989,39.48,29.056,18.671,8.16,-2.269
248.4,Flowing,NORMAL,579.32,579.01,49.883,39.641,29.141,18.714,8.303,-2.316
248.5,Flowing,NORMAL,579.28,580.39,49.971,39.398,29.351,18.638,8.283,-2.349
248.6,Flowing,NORMAL,580.41,580.99,50.08,39.699,29.095,18.569,8.189,-2.428
248.7,Flowing,NORMAL,580.29,581.75,49.997,39.616,29.097,18.627,8.242,-2.201
248.8,Flowing,NORMAL,580.67,580.29,49.867,39.557,29.295,18.543,8.193,-2.094
248.9,Flowing,NORMAL,580.09,579.84,50.088,39.509,29.117,18.65,8.14,-2.256
249.0,Flowing,NORMAL,580.56,580.05,49.978,39.559,29.04,18.548,8.197,-2.113
249.1,Flowing,NORMAL,582.0,581.28,50.007,39.524,29.16,18.637,8.35,-2.25
249.2,Flowing,NORMAL,581.27,580.95,50.056,39.49,29.14,18.672,8.196,-2.29
249.3,Flowing,NORMAL,580.41,579.98,49.949,39.573,29.15,18.64,8.223,-2.253
249.4,Flowing,NORMAL,580.61,577.76,50.008,39.534,29.102,18.866,8.225,-2.198
249.5,Flowing,NORMAL,579.64,577.08,50.035,39.529,29.204,18.627,8.285,-2.277
249.6,Flowing,NORMAL,579.81,580.27,49.923,39.579,29.012,18.693,8.105,-2.275
249.7,Flowing,NORMAL,580.59,578.58,49.885,39.776,28.968,18.651,8.292,-2.167
249.8,Flowing,NORMAL,580.11,579.37,50.068,39.525,29.208,18.723,8.217,-2.231
249.9,Flowing,NORMAL,580.95,579.73,49.976,39.477,29.199,18.755,8.129,-2.262
250.0,Flowing,NORMAL,581.52,582.49,49.989,39.547,29.105,18.726,8.14,-2.317
250.1,Flowing,NORMAL,579.88,580.15,50.099,39.513,28.999,18.611,8.174,-2.125
250.2,Flowing,NORMAL,577.59,580.86,50.074,39.642,29.166,18.726,8.145,-2.266
250.3,Flowing,NORMAL,582.44,580.61,49.921,39.533,29.155,18.661,8.305,-2.341
250.4,Flowing,NORMAL,579.22,577.09,50.04,39.45,29.108,18.709,8.183,-2.206
250.5,Flowing,NORMAL,580.23,579.52,49.923,39.417,29.145,18.79,8.121,-2.152
250.6,Flowing,NORMAL,580.87,578.54,50.003,39.443,29.01,18.651,8.168,-2.355
250.7,Flowing,NORMAL,581.69,582.07,49.864,39.482,29.116,18.65,8.16,-2.234
250.8,Flowing,NORMAL,582.17,577.82,50.083,39.582,29.09,18.724,8.123,-2.268
250.9,Flowing,NORMAL,579.56,579.5,49.984,39.451,29.067,18.484,8.353,-2.325
251.0,Flowing,NORMAL,581.43,579.69,50.127,39.553,29.145,18.611,8.217,-2.198
251.1,Flowing,NORMAL,580.24,578.82,50.053,39.612,29.071,18.612,8.073,-2.208
251.2,Flowing,NORMAL,583.29,580.12,50.087,39.679,29.125,18.589,8.064,-2.166
251.3,Flowing,NORMAL,581.32,579.95,49.856,39.523,29.082,18.645,8.203,-2.239
251.4,Flowing,NORMAL,579.79,580.2,49.807,39.551,28.922,18.709,8.156,-2.422
251.5,Flowing,NORMAL,579.05,580.6,49.935,39.504,29.195,18.666,8.228,-2.155
251.6,Flowing,NORMAL,576.85,580.28,49.992,39.61,29.155,18.547,8.318,-2.363
251.7,Flowing,NORMAL,580.81,580.46,50.073,39.429,29.148,18.799,8.183,-2.27
251.8,Flowing,NORMAL,581.21,581.33,50.049,39.524,29.246,18.666,8.175,-2.293
251.9,Flowing,NORMAL,580.89,578.02,49.925,39.5,29.072,18.611,8.148,-2.082
252.0,Flowing,NORMAL,577.18,580.84,49.918,39.562,29.147,18.701,8.195,-2.269
252.1,Flowing,NORMAL,578.49,578.75,50.036,39.571,29.079,18.525,8.163,-2.341
252.2,Flowing,NORMAL,580.58,579.23,49.947,39.553,29.129,18.793,8.157,-2.188
252.3,Flowing,NORMAL,582.14,580.15,50.024,39.654,29.146,18.569,8.062,-2.225
252.4,Flowing,NORMAL,579.93,580.49,49.958,39.472,28.999,18.663,8.321,-2.282
252.5,Flowing,NORMAL,581.31,580.63,50.047,39.542,28.997,18.709,8.113,-2.248
252.6,Flowing,NORMAL,578.76,578.87,49.973,39.621,29.015,18.681,8.133,-2.291
252.7,Flowing,NORMAL,580.25,581.96,49.709,39.717,29.144,18.589,8.11,-2.289
252.8,Flowing,NORMAL,579.67,579.5,50.057,39.399,29.089,18.792,8.109,-2.243
252.9,Flowing,NORMAL,581.43,579.14,50.176,39.601,29.11,18.691,8.168,-2.146
253.0,Flowing,NORMAL,579.35,578.47,49.968,39.393,29.069,18.573,8.178,-2.27
253.1,Flowing,NORMAL,582.01,578.36,50.096,39.606,29.121,18.65,8.115,-2.424
253.2,Flowing,NORMAL,579.63,578.32,50.009,39.614,29.091,18.607,8.237,-2.256
253.3,Flowing,NORMAL,578.72,580.38,50.135,39.649,29.177,18.711,8.097,-2.197
253.4,Flowing,NORMAL,578.76,580.73,50.03,39.599,29.14,18.686,8.416,-2.256
253.5,Flowing,NORMAL,579.25,578.96,50.075,39.512,29.163,18.725,8.229,-2.116
253.6,Flowing,NORMAL,580.44,578.63,49.929,39.511,29.117,18.721,8.215,-2.147
253.7,Flowing,NORMAL,579.27,579.75,49.947,39.459,29.125,18.644,8.244,-2.252
253.8,Flowing,NORMAL,579.02,580.12,49.973,39.544,29.102,18.626,8.184,-2.282
253.9,Flowing,NORMAL,581.07,580.32,50.069,39.566,29.281,18.663,8.156,-2.036
254.0,Flowing,NORMAL,576.15,578.84,50.033,39.629,29.147,18.7,8.243,-2.338
254.1,Flowing,NORMAL,579.48,579.8,50.029,39.444,29.086,18.592,8.229,-2.223
254.2,Flowing,NORMAL,578.4,581.88,50.038,39.573,29.052,18.629,8.274,-2.164
254.3,Flowing,NORMAL,578.96,578.57,49.908,39.428,29.042,18.734,8.297,-2.324
254.4,Flowing,NORMAL,580.29,579.97,50.025,39.697,29.133,18.764,8.28,-2.323
254.5,Flowing,NORMAL,579.75,580.6,49.985,39.553,29.108,18.723,8.233,-2.485
254.6,Flowing,NORMAL,579.65,578.84,49.895,39.375,29.114,18.669,8.223,-2.326
254.7,Flowing,NORMAL,581.43,580.73,50.054,39.607,29.0,18.533,8.2,-2.106
254.8,Flowing,NORMAL,579.98,578.39,50.136,39.595,29.042,18.721,8.164,-2.311
254.9,Flowing,NORMAL,582.17,580.76,49.828,39.558,29.05,18.658,8.016,-2.236
255.0,Flowing,NORMAL,580.85,580.05,49.806,39.637,29.142,18.628,8.245,-2.328
255.1,Flowing,NORMAL,578.84,578.3,50.006,39.614,28.853,18.614,8.198,-2.265
255.2,Flowing,NORMAL,582.32,580.83,50.117,39.46,29.05,18.497,8.321,-2.269
255.3,Flowing,NORMAL,580.33,578.92,49.965,39.546,29.151,18.678,8.412,-2.213
255.4,Flowing,NORMAL,582.25,579.82,49.963,39.505,29.069,18.53,8.203,-2.187
255.5,Flowing,NORMAL,579.68,580.76,49.951,39.485,29.221,18.536,8.035,-2.342
255.6,Flowing,NORMAL,580.33,578.84,49.877,39.581,29.071,18.633,8.292,-2.305
255.7,Flowing,NORMAL,580.52,579.37,50.062,39.671,29.064,18.709,8.181,-2.176
255.8,Flowing,NORMAL,579.8,581.35,49.874,39.418,29.069,18.579,8.159,-2.267
255.9,Flowing,NORMAL,581.53,577.52,50.058,39.517,29.034,18.622,8.139,-2.324
256.0,Flowing,NORMAL,582.32,581.7,49.871,39.556,29.055,18.727,8.084,-2.293
256.1,Flowing,NORMAL,577.25,578.24,50.145,39.475,29.081,18.553,8.092,-2.126
256.2,Flowing,NORMAL,580.98,579.16,50.014,39.561,28.964,18.679,8.293,-2.158
256.3,Flowing,NORMAL,578.93,580.34,50.053,39.46,29.125,18.704,8.057,-2.339
256.4,Flowing,NORMAL,576.89,580.72,50.071,39.62,28.976,18.714,8.208,-2.187
256.5,Flowing,NORMAL,580.62,580.36,49.949,39.602,29.168,18.622,8.202,-2.302
256.6,Flowing,NORMAL,580.62,580.06,50.132,39.54,29.026,18.593,8.21,-2.19
256.7,Flowing,NORMAL,580.82,579.48,49.893,39.698,29.125,18.687,8.192,-2.248
256.8,Flowing,NORMAL,580.45,581.87,49.988,39.631,29.099,18.712,8.165,-2.234
256.9,Flowing,NORMAL,581.05,580.93,49.936,39.647,29.033,18.624,8.175,-2.278
257.0,Flowing,NORMAL,579.28,581.41,50.058,39.525,29.212,18.585,8.214,-2.312
257.1,Flowing,NORMAL,580.32,579.49,50.034,39.549,29.088,18.745,8.148,-2.203
257.2,Flowing,NORMAL,580.84,577.21,49.938,39.559,29.004,18.597,8.194,-2.105
257.3,Flowing,NORMAL,581.62,581.22,50.008,39.682,29.118,18.619,8.323,-2.215
257.4,Flowing,NORMAL,580.05,580.43,49.949,39.588,29.077,18.491,8.275,-2.162
257.5,Flowing,NORMAL,579.74,580.22,50.147,39.584,29.08,18.717,8.268,-2.119
257.6,Flowing,NORMAL,579.93,579.32,49.996,39.537,29.043,18.693,8.076,-2.188
257.7,Flowing,NORMAL,578.57,579.58,50.047,39.597,29.111,18.773,8.27,-2.298
257.8,Flowing,NORMAL,580.92,579.28,49.953,39.48,29.144,18.57,8.287,-2.144
257.9,Flowing,NORMAL,578.25,580.05,49.93,39.535,29.101,18.721,8.329,-2.385
258.0,Flowing,NORMAL,580.47,578.64,49.975,39.529,28.988,18.611,8.234,-2.272
258.1,Flowing,NORMAL,580.1,580.92,49.876,39.78,29.121,18.659,8.112,-2.229
258.2,Flowing,NORMAL,578.14,582.44,49.987,39.399,29.014,18.714,8.356,-2.22
258.3,Flowing,NORMAL,578.21,579.28,50.088,39.538,29.093,18.737,8.333,-2.146
258.4,Flowing,NORMAL,578.98,578.09,49.915,39.545,29.122,18.629,8.231,-2.184
258.5,Flowing,NORMAL,579.59,579.88,50.08,39.685,29.074,18.541,8.229,-2.099
258.6,Flowing,NORMAL,581.78,580.38,49.962,39.605,29.156,18.665,8.201,-2.324
258.7,Flowing,NORMAL,579.87,580.54,49.817,39.461,29.069,18.738,8.192,-2.291
258.8,Flowing,NORMAL,580.66,581.92,49.929,39.603,29.209,18.735,8.249,-2.368
258.9,Flowing,NORMAL,581.52,580.98,49.972,39.706,29.19,18.527,8.196,-2.221
259.0,Flowing,NORMAL,581.29,577.83,49.939,39.365,29.108,18.587,8.137,-2.278
259.1,Flowing,NORMAL,579.99,578.52,49.989,39.549,29.029,18.633,8.06,-2.225
259.2,Flowing,NORMAL,579.15,580.49,49.771,39.527,29.174,18.565,8.257,-2.157
259.3,Flowing,NORMAL,580.6,579.46,49.735,39.538,28.87,18.641,8.2,-2.448
259.4,Flowing,NORMAL,579.18,581.82,50.154,39.573,29.032,18.767,8.057,-2.348
259.5,Flowing,NORMAL,582.18,578.88,49.816,39.694,29.127,18.703,8.224,-2.204
259.6,Flowing,NORMAL,581.04,581.15,50.006,39.572,29.109,18.601,8.196,-2.228
259.7,Flowing,NORMAL,580.25,579.22,50.009,39.432,28.992,18.737,8.176,-2.203
259.8,Flowing,NORMAL,580.62,580.31,49.913,39.432,29.033,18.632,8.147,-2.146
259.9,Flowing,NORMAL,580.21,579.01,50.014,39.698,29.132,18.457,8.285,-2.371
260.0,Flowing,TRANSIENT,579.56,580.67,50.018,39.488,29.272,18.765,8.141,-2.26
260.1,Flowing,TRANSIENT,580.6,581.29,50.47,39.619,29.102,18.568,8.143,-2.25
260.2,Flowing,TRANSIENT,579.71,580.3,50.948,39.584,29.038,18.702,8.169,-2.179
260.3,Flowing,TRANSIENT,582.32,582.29,51.39,39.521,29.164,18.591,8.191,-2.247
260.4,Flowing,TRANSIENT,579.17,579.14,51.443,39.747,29.076,18.697,8.046,-2.215
260.5,Flowing,TRANSIENT,580.61,580.12,51.747,39.508,28.899,18.647,8.202,-2.192
260.6,Flowing,TRANSIENT,579.06,581.02,51.94,39.52,29.032,18.557,8.216,-2.211
260.7,Flowing,TRANSIENT,579.05,578.86,51.786,39.612,29.137,18.654,8.128,-2.288
260.8,Flowing,TRANSIENT,577.86,580.07,51.617,39.569,29.102,18.665,8.241,-2.219
260.9,Flowing,TRANSIENT,580.49,580.8,51.722,39.554,28.988,18.603,8.204,-2.309
261.0,Flowing,TRANSIENT,579.36,581.12,51.663,39.497,29.117,18.659,8.26,-2.178
261.1,Flowing,TRANSIENT,581.3,581.37,51.466,39.382,29.196,18.772,8.162,-2.231
261.2,Flowing,TRANSIENT,580.5,578.96,51.121,39.394,29.041,18.607,8.172,-2.326
261.3,Flowing,TRANSIENT,580.18,580.35,50.889,39.549,29.038,18.694,8.255,-2.059
261.4,Flowing,TRANSIENT,578.31,578.42,50.778,39.569,29.05,18.674,8.226,-2.291
261.5,Flowing,TRANSIENT,580.7,579.13,50.487,39.438,29.081,18.695,8.177,-2.266
261.6,Flowing,TRANSIENT,579.21,579.79,50.154,39.483,29.194,18.569,8.226,-2.217
261.7,Flowing,TRANSIENT,578.28,581.37,49.845,39.556,29.027,18.761,8.109,-2.302
261.8,Flowing,TRANSIENT,580.52,580.63,49.599,39.441,29.227,18.694,8.211,-2.302
261.9,Flowing,TRANSIENT,578.49,580.05,49.575,39.484,29.164,18.58,8.149,-2.189
262.0,Flowing,TRANSIENT,577.49,580.54,49.409,39.598,29.016,18.614,8.213,-2.318
262.1,Flowing,TRANSIENT,581.56,580.63,49.323,39.358,29.038,18.609,7.973,-2.361
262.2,Flowing,TRANSIENT,579.33,580.44,49.174,39.552,29.226,18.774,8.235,-2.225
262.3,Flowing,TRANSIENT,577.91,579.31,49.079,39.338,28.989,18.658,8.249,-2.227
262.4,Flowing,TRANSIENT,578.84,578.85,48.988,39.625,29.219,18.725,8.279,-2.295
262.5,Flowing,TRANSIENT,579.13,579.73,49.166,39.562,29.141,18.679,8.19,-2.319
262.6,Flowing,TRANSIENT,581.37,579.05,49.125,39.629,29.065,18.722,8.259,-2.274
262.7,Flowing,TRANSIENT,578.0,580.75,49.322,39.522,29.221,18.685,8.199,-2.321
262.8,Flowing,TRANSIENT,578.39,581.83,49.304,39.534,28.999,18.633,8.136,-2.203
262.9,Flowing,TRANSIENT,581.18,580.68,49.533,39.452,29.237,18.64,8.122,-2.189
263.0,Flowing,TRANSIENT,579.46,577.83,49.522,39.544,29.068,18.585,8.258,-2.273
263.1,Flowing,TRANSIENT,580.27,579.24,49.577,39.594,29.004,18.558,8.296,-2.345
263.2,Flowing,TRANSIENT,579.41,580.02,49.642,39.6,29.076,18.633,8.175,-2.231
263.3,Flowing,TRANSIENT,582.42,578.28,49.898,39.668,28.982,18.686,8.252,-2.311
263.4,Flowing,TRANSIENT,578.45,580.04,49.999,39.631,29.021,18.602,8.271,-2.247
263.5,Flowing,TRANSIENT,580.34,580.56,50.047,39.69,29.058,18.618,8.221,-2.2
263.6,Flowing,TRANSIENT,581.8,581.69,50.442,39.417,29.166,18.71,8.189,-2.187
263.7,Flowing,TRANSIENT,579.55,582.18,50.437,39.439,29.24,18.525,8.109,-2.271
263.8,Flowing,TRANSIENT,579.1,578.57,50.575,39.525,29.098,18.765,8.176,-2.344
263.9,Flowing,TRANSIENT,580.92,579.86,50.427,39.66,29.106,18.805,8.259,-2.301
264.0,Flowing,TRANSIENT,581.2,579.88,50.484,39.482,29.047,19.008,8.282,-2.181
264.1,Flowing,TRANSIENT,579.04,579.14,50.431,39.676,29.188,18.801,8.347,-2.368
264.2,Flowing,TRANSIENT,581.75,580.12,50.376,39.47,29.025,18.676,8.155,-2.084
264.3,Flowing,TRANSIENT,580.06,579.9,50.586,39.55,29.257,18.769,8.164,-2.411
264.4,Flowing,TRANSIENT,580.61,580.74,50.372,39.498,29.117,18.657,8.205,-2.208
264.5,Flowing,TRANSIENT,581.79,581.63,50.237,39.583,29.065,18.666,8.277,-2.348
264.6,Flowing,TRANSIENT,580.92,580.16,50.249,39.541,29.059,18.722,8.143,-2.294
264.7,Flowing,TRANSIENT,580.0,579.41,50.148,39.637,29.061,18.687,8.358,-2.256
264.8,Flowing,TRANSIENT,579.19,578.77,50.224,39.684,29.182,18.649,8.252,-2.353
264.9,Flowing,TRANSIENT,583.25,582.45,50.004,39.502,29.279,18.585,8.134,-2.333
265.0,Flowing,TRANSIENT,579.05,581.09,50.045,39.561,29.187,18.704,8.09,-2.314
265.1,Flowing,TRANSIENT,580.38,580.48,50.048,39.534,29.195,18.638,8.123,-2.274
265.2,Flowing,TRANSIENT,580.61,579.8,49.808,39.505,29.116,18.691,8.073,-2.251
265.3,Flowing,TRANSIENT,580.67,581.93,49.792,39.498,29.111,18.606,8.311,-2.155
265.4,Flowing,TRANSIENT,582.55,579.81,49.897,39.51,29.023,18.657,8.188,-2.298
265.5,Flowing,TRANSIENT,580.06,577.95,49.682,39.547,29.068,18.705,8.253,-2.162
265.6,Flowing,TRANSIENT,579.89,580.32,49.658,39.582,29.042,18.553,8.166,-2.164
265.7,Flowing,TRANSIENT,581.86,578.53,49.723,39.675,29.144,18.619,8.293,-2.214
265.8,Flowing,TRANSIENT,579.84,580.32,49.68,39.699,29.121,18.652,8.132,-2.155
265.9,Flowing,TRANSIENT,581.05,581.61,49.807,39.6,29.059,18.717,8.273,-2.303
266.0,Flowing,TRANSIENT,580.23,577.99,49.671,39.597,28.974,18.662,8.164,-2.152
266.1,Flowing,TRANSIENT,581.11,578.92,49.778,39.639,29.059,18.73,8.365,-2.335
266.2,Flowing,TRANSIENT,580.87,581.04,49.862,39.77,29.105,18.655,8.263,-2.246
266.3,Flowing,TRANSIENT,579.52,579.4,49.735,39.641,28.94,18.617,8.297,-2.278
266.4,Flowing,TRANSIENT,577.79,580.5,49.851,39.62,29.032,18.552,8.222,-2.264
266.5,Flowing,TRANSIENT,577.99,580.5,49.843,39.601,29.137,18.621,8.177,-2.212
266.6,Flowing,TRANSIENT,577.79,581.07,50.073,39.527,29.152,18.695,8.271,-2.247
266.7,Flowing,TRANSIENT,579.89,579.22,49.938,39.513,29.128,18.796,8.161,-2.185
266.8,Flowing,TRANSIENT,577.18,576.94,50.015,39.559,29.221,18.711,8.101,-2.296
266.9,Flowing,TRANSIENT,579.81,580.48,50.168,39.561,29.008,18.585,8.256,-2.17
267.0,Flowing,TRANSIENT,580.16,578.12,50.091,39.748,29.166,18.631,8.135,-2.328
267.1,Flowing,TRANSIENT,581.03,581.12,50.133,39.511,29.234,18.767,8.251,-2.344
267.2,Flowing,TRANSIENT,580.61,579.95,50.065,39.651,29.055,18.74,8.238,-2.246
267.3,Flowing,TRANSIENT,581.08,579.64,50.069,39.543,29.115,18.733,8.129,-2.271
267.4,Flowing,TRANSIENT,580.5,580.83,50.131,39.603,29.027,18.545,8.254,-2.371
267.5,Flowing,TRANSIENT,579.61,577.91,50.227,39.538,28.976,18.612,8.231,-2.292
267.6,Flowing,TRANSIENT,579.87,579.76,50.119,39.609,29.084,18.575,8.176,-2.137
267.7,Flowing,TRANSIENT,578.98,580.54,50.242,39.388,29.187,18.67,8.274,-2.294
267.8,Flowing,TRANSIENT,580.27,580.3,49.952,39.597,29.025,18.539,8.095,-2.202
267.9,Flowing,TRANSIENT,578.1,579.41,50.088,39.613,29.154,18.616,8.195,-2.291
268.0,Flowing,TRANSIENT,581.28,579.43,50.043,39.473,29.131,18.736,8.135,-2.147
268.1,Flowing,TRANSIENT,578.85,581.85,50.051,39.569,28.964,18.506,8.212,-2.187
268.2,Flowing,TRANSIENT,580.18,581.1,49.97,39.684,29.159,18.577,8.203,-2.052
268.3,Flowing,TRANSIENT,580.39,579.2,49.906,39.592,29.074,18.707,8.302,-2.281
268.4,Flowing,TRANSIENT,581.4,581.62,50.079,39.728,29.105,18.713,8.153,-2.248
268.5,Flowing,TRANSIENT,577.98,580.91,49.96,39.614,29.196,18.641,8.323,-2.127
268.6,Flowing,TRANSIENT,579.61,580.59,50.029,39.509,29.051,18.585,8.276,-2.347
268.7,Flowing,TRANSIENT,580.66,580.63,50.005,39.464,29.166,18.652,8.307,-2.158
268.8,Flowing,TRANSIENT,582.1,578.62,50.058,39.667,29.112,18.557,8.116,-2.417
268.9,Flowing,TRANSIENT,579.95,581.81,49.851,39.556,29.055,18.636,8.24,-2.274
269.0,Flowing,TRANSIENT,579.29,581.14,49.845,39.546,29.028,18.628,8.308,-2.271
269.1,Flowing,TRANSIENT,582.43,580.29,50.077,39.665,29.054,18.561,8.196,-2.158
269.2,Flowing,TRANSIENT,580.96,580.29,49.898,39.623,29.197,18.588,8.146,-2.193
269.3,Flowing,TRANSIENT,581.65,579.89,49.953,39.495,29.072,18.644,8.075,-2.189
269.4,Flowing,TRANSIENT,578.55,579.32,49.909,39.327,29.098,18.591,8.335,-2.297
269.5,Flowing,TRANSIENT,580.63,580.64,49.867,39.591,29.047,18.588,8.241,-2.333
269.6,Flowing,TRANSIENT,578.7,579.05,49.847,39.688,29.146,18.629,8.2,-2.209
269.7,Flowing,TRANSIENT,578.43,580.18,50.05,39.49,29.129,18.61,8.185,-2.237
269.8,Flowing,TRANSIENT,580.7,580.12,49.981,39.609,29.139,18.529,8.092,-2.279
269.9,Flowing,TRANSIENT,580.78,580.46,50.137,39.482,29.083,18.607,8.156,-2.236
270.0,Flowing,TRANSIENT,579.42,581.13,50.112,39.587,29.036,18.87,8.206,-2.296
270.1,Flowing,TRANSIENT,581.72,580.48,50.121,39.513,29.233,18.58,8.315,-2.234
270.2,Flowing,TRANSIENT,579.56,580.83,50.119,39.702,29.009,18.752,8.087,-2.334
270.3,Flowing,TRANSIENT,579.68,577.67,49.957,39.59,29.103,18.637,8.212,-2.202
270.4,Flowing,TRANSIENT,579.96,580.55,50.08,39.638,29.246,18.648,8.158,-2.201
270.5,Flowing,TRANSIENT,579.71,580.09,49.939,39.496,29.18,18.64,8.104,-2.369
270.6,Flowing,TRANSIENT,581.53,580.45,50.036,39.641,29.19,18.659,8.361,-2.258
270.7,Flowing,TRANSIENT,578.75,579.37,50.022,39.345,29.064,18.718,8.325,-2.316
270.8,Flowing,TRANSIENT,579.09,581.38,50.07,39.634,29.101,18.467,8.22,-2.189
270.9,Flowing,TRANSIENT,578.57,580.3,49.956,39.53,29.008,18.445,8.282,-2.25
271.0,Flowing,TRANSIENT,582.26,579.11,50.157,39.619,29.072,18.643,8.245,-2.172
271.1,Flowing,TRANSIENT,579.61,579.32,50.052,39.638,29.076,18.57,8.195,-2.233
271.2,Flowing,TRANSIENT,579.08,581.08,49.926,39.443,29.136,18.618,8.187,-2.279
271.3,Flowing,TRANSIENT,579.66,579.9,50.139,39.651,29.001,18.608,8.268,-2.202
271.4,Flowing,TRANSIENT,581.02,579.99,50.009,39.459,29.045,18.609,8.222,-2.113
271.5,Flowing,TRANSIENT,580.8,579.76,49.953,39.468,29.091,18.733,8.084,-2.133
271.6,Flowing,TRANSIENT,579.31,581.21,49.989,39.491,28.972,18.707,8.186,-2.236
271.7,Flowing,TRANSIENT,579.52,580.58,49.926,39.525,29.061,18.642,8.147,-2.373
271.8,Flowing,TRANSIENT,578.25,578.58,50.213,39.441,29.115,18.508,8.04,-2.242
271.9,Flowing,TRANSIENT,580.17,578.83,50.005,39.651,29.132,18.638,8.124,-2.13
272.0,Flowing,TRANSIENT,581.54,580.01,50.062,39.45,29.103,18.662,8.173,-2.188
272.1,Flowing,TRANSIENT,579.3,579.23,50.052,39.535,29.078,18.77,8.275,-2.244
272.2,Flowing,TRANSIENT,580.76,577.41,49.854,39.578,29.156,18.43,8.22,-2.283
272.3,Flowing,TRANSIENT,579.3,579.11,49.965,39.477,29.088,18.761,8.164,-2.173
272.4,Flowing,TRANSIENT,578.69,579.67,49.918,39.611,29.1,18.678,8.201,-2.198
272.5,Flowing,TRANSIENT,580.82,579.52,49.778,39.436,29.133,18.487,8.158,-2.254
272.6,Flowing,TRANSIENT,582.82,580.86,49.918,39.495,29.122,18.731,8.124,-2.296
272.7,Flowing,TRANSIENT,580.65,577.32,49.927,39.356,29.111,18.725,8.282,-2.319
272.8,Flowing,TRANSIENT,579.5,579.07,49.887,39.552,29.166,18.663,8.223,-2.158
272.9,Flowing,TRANSIENT,579.58,580.95,49.93,39.532,29.231,18.634,8.099,-2.303
273.0,Flowing,TRANSIENT,582.29,579.2,49.917,39.579,29.028,18.672,8.141,-2.42
273.1,Flowing,TRANSIENT,580.37,578.55,50.019,39.562,29.142,18.596,8.138,-2.218
273.2,Flowing,TRANSIENT,579.08,579.18,50.118,39.551,29.134,18.624,8.077,-2.172
273.3,Flowing,TRANSIENT,579.93,580.54,50.072,39.607,29.086,18.698,8.272,-2.12
273.4,Flowing,TRANSIENT,580.26,579.7,50.081,39.555,28.995,18.663,8.221,-2.193
273.5,Flowing,TRANSIENT,580.56,579.13,50.112,39.542,29.268,18.509,8.234,-2.314
273.6,Flowing,TRANSIENT,581.81,580.58,49.853,39.534,28.984,18.637,8.203,-2.16
273.7,Flowing,TRANSIENT,581.53,580.45,49.886,39.623,29.108,18.732,8.166,-2.356
273.8,Flowing,TRANSIENT,580.24,578.48,49.91,39.447,29.138,18.768,8.155,-2.199
273.9,Flowing,TRANSIENT,579.95,580.11,49.887,39.564,29.154,18.534,8.184,-2.192
274.0,Flowing,TRANSIENT,580.48,578.44,49.774,39.657,29.128,18.707,8.167,-2.388
274.1,Flowing,TRANSIENT,579.27,581.4,50.052,39.543,29.103,18.737,8.261,-2.096
274.2,Flowing,TRANSIENT,581.18,581.48,50.021,39.495,29.085,18.683,8.281,-2.367
274.3,Flowing,TRANSIENT,579.76,579.65,50.009,39.679,29.081,18.725,8.24,-2.173
274.4,Flowing,TRANSIENT,580.59,581.28,49.942,39.486,29.102,18.528,8.179,-2.23
274.5,Flowing,TRANSIENT,582.06,579.09,50.149,39.582,29.15,18.743,8.123,-2.263
274.6,Flowing,TRANSIENT,580.66,579.83,50.199,39.544,29.189,18.727,8.082,-2.225
274.7,Flowing,TRANSIENT,580.28,579.3,50.015,39.576,29.04,18.561,8.162,-2.258
274.8,Flowing,TRANSIENT,579.38,579.97,50.097,39.695,29.212,18.719,8.12,-2.282
274.9,Flowing,TRANSIENT,579.91,580.08,50.018,39.499,29.146,18.708,8.243,-2.168
275.0,Flowing,TRANSIENT,578.64,580.0,49.928,39.625,29.044,18.575,8.243,-2.152
275.1,Flowing,NORMAL,580.64,579.89,50.039,39.552,29.125,18.661,8.11,-2.349
275.2,Flowing,NORMAL,577.44,580.15,49.994,39.556,29.101,18.704,8.183,-2.205
275.3,Flowing,NORMAL,581.16,581.51,49.988,39.696,29.107,18.837,8.228,-2.267
275.4,Flowing,NORMAL,580.88,577.59,49.928,39.435,29.021,18.58,8.232,-2.292
275.5,Flowing,NORMAL,580.12,582.31,50.015,39.653,29.093,18.816,8.106,-2.262
275.6,Flowing,NORMAL,579.36,579.58,49.957,39.625,28.921,18.535,8.192,-2.126
275.7,Flowing,NORMAL,579.98,579.91,50.018,39.442,29.004,18.784,8.15,-2.325
275.8,Flowing,NORMAL,577.87,581.6,50.118,39.631,29.202,18.574,8.078,-2.239
275.9,Flowing,NORMAL,580.99,580.73,50.027,39.579,29.218,18.511,8.269,-2.337
276.0,Flowing,NORMAL,579.8,580.64,50.068,39.512,29.035,18.601,8.085,-2.247
276.1,Flowing,NORMAL,581.82,581.49,49.938,39.613,29.151,18.785,8.229,-2.208
276.2,Flowing,NORMAL,580.47,579.8,50.112,39.5,28.981,18.666,8.086,-2.053
276.3,Flowing,NORMAL,580.28,581.1,50.116,39.723,29.105,18.694,8.163,-2.179
276.4,Flowing,NORMAL,580.48,578.49,49.903,39.347,29.037,18.534,8.318,-2.105
276.5,Flowing,NORMAL,578.83,580.5,49.888,39.653,29.176,18.525,8.169,-2.296
276.6,Flowing,NORMAL,579.46,580.67,50.06,39.452,29.092,18.595,8.238,-2.267
276.7,Flowing,NORMAL,580.16,581.38,49.957,39.533,29.263,18.617,8.117,-2.203
276.8,Flowing,NORMAL,579.64,580.85,49.989,39.437,29.279,18.622,8.17,-2.237
276.9,Flowing,NORMAL,579.31,580.25,50.138,39.416,29.122,18.817,8.21,-2.349
277.0,Flowing,NORMAL,579.66,579.62,49.951,39.567,29.207,18.623,8.266,-2.365
277.1,Flowing,NORMAL,580.05,579.61,49.885,39.511,29.215,18.656,8.223,-2.228
277.2,Flowing,NORMAL,582.78,579.62,50.089,39.501,29.155,18.584,8.359,-2.314
277.3,Flowing,NORMAL,579.61,578.44,49.929,39.594,29.106,18.676,8.218,-2.337
277.4,Flowing,NORMAL,579.19,582.09,50.129,39.622,29.209,18.608,8.234,-2.234
277.5,Flowing,NORMAL,579.82,581.2,50.09,39.643,29.116,18.529,8.343,-2.205
277.6,Flowing,NORMAL,581.8,580.31,49.951,39.583,28.979,18.735,8.082,-2.267
277.7,Flowing,NORMAL,581.89,580.98,50.02,39.633,29.109,18.701,8.198,-2.252
277.8,Flowing,NORMAL,582.34,580.9,50.007,39.535,28.965,18.589,8.22,-2.27
277.9,Flowing,NORMAL,580.07,578.81,49.988,39.524,29.031,18.611,8.176,-2.249
278.0,Flowing,NORMAL,580.77,580.76,50.031,39.536,29.018,18.538,8.408,-2.34
278.1,Flowing,NORMAL,578.74,581.52,49.959,39.591,29.129,18.692,8.165,-2.231
278.2,Flowing,NORMAL,579.58,579.19,50.005,39.525,29.12,18.735,8.198,-2.251
278.3,Flowing,NORMAL,578.66,578.16,50.085,39.627,29.227,18.51,8.273,-2.202
278.4,Flowing,NORMAL,580.57,578.61,49.929,39.57,29.184,18.584,8.236,-2.18
278.5,Flowing,NORMAL,580.05,579.88,49.914,39.539,29.124,18.586,8.13,-2.261
278.6,Flowing,NORMAL,580.27,578.54,50.064,39.602,29.031,18.702,8.133,-2.379
278.7,Flowing,NORMAL,578.98,579.79,49.971,39.64,29.153,18.65,8.167,-2.281
278.8,Flowing,NORMAL,581.02,579.21,50.009,39.465,29.072,18.633,8.092,-2.317
278.9,Flowing,NORMAL,577.11,580.0,50.033,39.551,29.075,18.577,8.326,-2.317
279.0,Flowing,NORMAL,579.7,579.39,50.02,39.511,29.103,18.687,8.091,-2.25
279.1,Flowing,NORMAL,579.87,579.96,50.095,39.691,29.09,18.653,8.377,-2.159
279.2,Flowing,NORMAL,577.57,580.72,49.951,39.501,29.177,18.569,8.287,-2.223
279.3,Flowing,NORMAL,580.46,578.85,50.041,39.53,29.05,18.767,8.18,-2.283
279.4,Flowing,NORMAL,579.79,580.34,49.994,39.565,29.018,18.605,8.151,-2.182
279.5,Flowing,NORMAL,580.67,578.98,49.929,39.41,28.943,18.533,8.309,-2.248
279.6,Flowing,NORMAL,582.4,579.99,50.04,39.593,29.105,18.644,8.284,-2.238
279.7,Flowing,NORMAL,580.39,579.9,50.112,39.6,29.051,18.61,8.142,-2.152
279.8,Flowing,NORMAL,581.17,580.43,49.968,39.486,29.126,18.642,8.224,-2.099
279.9,Flowing,NORMAL,581.66,580.22,50.073,39.552,28.987,18.61,8.257,-2.343
280.0,Flowing,NORMAL,580.59,581.49,50.171,39.551,29.104,18.597,8.24,-2.342
280.1,Flowing,NORMAL,578.96,579.97,50.173,39.655,29.179,18.539,8.217,-2.153
280.2,Flowing,NORMAL,578.03,579.25,50.047,39.47,29.048,18.614,8.152,-2.127
280.3,Flowing,NORMAL,580.45,581.12,49.846,39.603,28.997,18.573,8.039,-2.294
280.4,Flowing,NORMAL,579.52,580.4,50.121,39.571,29.004,18.732,8.299,-2.241
280.5,Flowing,NORMAL,581.54,581.06,50.163,39.616,29.155,18.586,8.25,-2.232
280.6,Flowing,NORMAL,579.43,579.86,50.042,39.495,29.11,18.585,8.028,-2.17
280.7,Flowing,NORMAL,579.98,578.43,49.88,39.559,29.127,18.676,8.178,-2.228
280.8,Flowing,NORMAL,578.61,582.69,50.038,39.609,29.239,18.669,8.205,-2.322
280.9,Flowing,NORMAL,579.59,579.28,50.035,39.603,29.085,18.694,8.177,-2.196
281.0,Flowing,NORMAL,578.87,578.61,50.073,39.622,29.11,18.567,8.151,-2.202
281.1,Flowing,NORMAL,578.98,580.86,50.196,39.523,29.137,18.606,8.122,-2.304
281.2,Flowing,NORMAL,579.94,578.87,49.833,39.658,28.922,18.629,8.106,-2.321
281.3,Flowing,NORMAL,579.27,579.53,50.11,39.566,29.023,18.603,8.139,-2.253
281.4,Flowing,NORMAL,583.16,580.15,50.014,39.702,28.947,18.647,8.175,-2.174
281.5,Flowing,NORMAL,581.0,579.83,50.028,39.597,29.128,18.576,8.297,-2.186
281.6,Flowing,NORMAL,581.3,579.56,50.073,39.651,29.134,18.769,8.23,-2.267
281.7,Flowing,NORMAL,579.87,581.91,49.999,39.548,29.059,18.781,8.224,-2.242
281.8,Flowing,NORMAL,580.13,579.87,50.031,39.788,29.01,18.583,8.09,-2.268
281.9,Flowing,NORMAL,579.48,578.92,50.02,39.513,29.057,18.662,8.16,-2.225
282.0,Flowing,NORMAL,583.15,581.17,50.089,39.604,29.171,18.737,8.223,-2.262
282.1,Flowing,NORMAL,579.87,579.13,49.938,39.519,29.058,18.709,8.228,-2.194
282.2,Flowing,NORMAL,579.28,579.87,49.907,39.665,29.066,18.562,8.165,-2.051
282.3,Flowing,NORMAL,579.1,578.91,49.969,39.524,29.085,18.638,8.138,-2.238
282.4,Flowing,NORMAL,580.4,580.25,50.086,39.575,29.011,18.623,8.156,-2.246
282.5,Flowing,NORMAL,581.71,580.05,50.106,39.538,29.093,18.792,8.27,-2.204
282.6,Flowing,NORMAL,581.3,579.97,50.157,39.589,28.941,18.717,8.073,-2.214
282.7,Flowing,NORMAL,579.09,580.18,49.863,39.513,29.071,18.589,8.172,-2.167
282.8,Flowing,NORMAL,579.06,580.98,49.943,39.594,29.023,18.635,8.226,-2.329
282.9,Flowing,NORMAL,581.5,580.84,49.895,39.589,29.19,18.644,8.164,-2.237
283.0,Flowing,NORMAL,582.52,578.75,50.004,39.569,28.898,18.565,8.133,-2.238
283.1,Flowing,NORMAL,579.83,579.19,50.015,39.601,29.121,18.546,8.316,-2.148
283.2,Flowing,NORMAL,581.45,581.11,49.899,39.577,29.052,18.661,8.284,-2.079
283.3,Flowing,NORMAL,578.24,579.06,50.06,39.574,29.073,18.665,8.309,-2.253
283.4,Flowing,NORMAL,578.99,580.59,49.929,39.42,29.141,18.67,8.149,-2.168
283.5,Flowing,NORMAL,578.79,581.01,49.966,39.539,29.099,18.622,8.219,-2.158
283.6,Flowing,NORMAL,580.49,578.03,49.909,39.589,29.114,18.662,8.27,-2.246
283.7,Flowing,NORMAL,579.79,579.51,50.038,39.607,29.06,18.674,8.18,-2.26
283.8,Flowing,NORMAL,580.29,580.98,49.974,39.588,29.107,18.682,8.199,-2.378
283.9,Flowing,NORMAL,581.46,579.82,50.003,39.555,29.12,18.603,8.105,-2.2
284.0,Flowing,NORMAL,579.22,579.51,49.978,39.564,29.078,18.65,8.164,-2.327
284.1,Flowing,NORMAL,580.11,581.0,50.038,39.502,29.113,18.683,8.153,-2.346
284.2,Flowing,NORMAL,578.39,581.32,50.194,39.508,29.15,18.805,8.263,-2.274
284.3,Flowing,NORMAL,581.4,579.19,49.995,39.483,29.171,18.695,8.159,-2.333
284.4,Flowing,NORMAL,581.32,582.12,49.894,39.629,29.11,18.667,8.134,-2.367
284.5,Flowing,NORMAL,580.43,577.86,50.077,39.553,29.173,18.619,8.181,-2.193
284.6,Flowing,NORMAL,580.14,578.19,50.059,39.614,29.076,18.699,8.289,-2.258
284.7,Flowing,NORMAL,579.39,579.45,49.959,39.657,29.048,18.7,8.196,-2.397
284.8,Flowing,NORMAL,578.33,579.6,50.09,39.329,28.941,18.692,8.242,-2.301
284.9,Flowing,NORMAL,580.37,579.65,50.012,39.348,29.157,18.67,8.197,-2.248
285.0,Flowing,NORMAL,580.91,579.36,50.039,39.548,28.95,18.826,8.296,-2.353
285.1,Flowing,NORMAL,582.42,579.13,49.972,39.531,29.186,18.477,8.16,-2.391
285.2,Flowing,NORMAL,579.53,579.74,49.977,39.512,29.106,18.602,8.14,-2.2
285.3,Flowing,NORMAL,580.32,579.29,50.036,39.594,29.086,18.604,8.191,-2.21
285.4,Flowing,NORMAL,581.34,580.82,49.826,39.582,29.125,18.655,8.188,-2.455
285.5,Flowing,NORMAL,581.37,580.04,49.965,39.693,29.101,18.626,8.202,-2.221
285.6,Flowing,NORMAL,579.25,579.73,50.053,39.532,29.134,18.784,8.281,-2.063
285.7,Flowing,NORMAL,579.67,579.91,49.947,39.684,29.037,18.678,8.259,-2.291
285.8,Flowing,NORMAL,579.37,581.34,50.007,39.623,29.043,18.784,8.089,-2.095
285.9,Flowing,NORMAL,578.92,579.42,50.08,39.543,29.068,18.61,8.189,-2.254
286.0,Flowing,NORMAL,581.77,578.47,50.1,39.708,29.116,18.582,8.157,-2.264
286.1,Flowing,NORMAL,580.08,578.83,49.918,39.456,29.268,18.674,8.134,-2.184
286.2,Flowing,NORMAL,579.91,579.72,49.906,39.462,29.036,18.782,8.18,-2.445
286.3,Flowing,NORMAL,580.3,580.58,50.097,39.526,28.952,18.625,8.242,-2.217
286.4,Flowing,NORMAL,580.06,581.06,50.144,39.482,29.104,18.594,8.077,-2.179
286.5,Flowing,NORMAL,579.73,581.98,50.037,39.573,29.134,18.595,8.12,-2.247
286.6,Flowing,NORMAL,579.09,580.89,50.093,39.679,29.164,18.652,8.222,-2.249
286.7,Flowing,NORMAL,581.88,578.94,49.918,39.552,28.993,18.64,8.331,-2.184
286.8,Flowing,NORMAL,579.32,579.76,49.926,39.544,29.033,18.645,8.283,-2.198
286.9,Flowing,NORMAL,578.88,577.4,50.199,39.645,29.116,18.704,8.184,-2.34
287.0,Flowing,NORMAL,579.9,579.63,50.104,39.631,29.081,18.672,8.299,-2.182
287.1,Flowing,NORMAL,582.59,579.27,49.883,39.57,29.087,18.739,8.283,-2.144
287.2,Flowing,NORMAL,579.01,577.22,49.911,39.487,29.189,18.603,8.078,-2.207
287.3,Flowing,NORMAL,580.85,582.53,49.956,39.693,29.124,18.663,8.171,-2.123
287.4,Flowing,NORMAL,579.7,579.55,50.029,39.517,29.037,18.644,8.122,-2.167
287.5,Flowing,NORMAL,580.29,577.47,49.855,39.539,29.149,18.678,8.143,-2.197
287.6,Flowing,NORMAL,581.11,579.67,49.929,39.548,29.152,18.687,8.146,-2.154
287.7,Flowing,NORMAL,577.94,581.98,50.007,39.609,29.222,18.74,8.29,-2.234
287.8,Flowing,NORMAL,578.92,582.29,50.064,39.567,29.003,18.674,8.221,-2.203
287.9,Flowing,NORMAL,581.09,580.07,49.99,39.489,29.153,18.545,8.317,-2.268
288.0,Flowing,NORMAL,580.12,580.12,50.02,39.595,29.147,18.537,8.266,-2.226
288.1,Flowing,NORMAL,580.25,581.47,49.949,39.49,29.073,18.546,8.338,-2.131
288.2,Flowing,NORMAL,580.85,579.82,50.036,39.532,29.084,18.711,8.341,-2.295
288.3,Flowing,NORMAL,578.93,580.55,49.911,39.674,28.957,18.569,8.18,-2.375
288.4,Flowing,NORMAL,581.27,581.01,50.089,39.619,29.054,18.753,8.316,-2.259
288.5,Flowing,NORMAL,580.98,578.71,49.964,39.731,29.158,18.671,8.309,-2.226
288.6,Flowing,NORMAL,580.29,581.84,49.96,39.556,29.183,18.491,8.177,-2.139
288.7,Flowing,NORMAL,580.56,578.94,49.959,39.674,29.213,18.645,8.155,-2.273
288.8,Flowing,NORMAL,581.4,579.24,50.213,39.7,29.11,18.601,8.21,-2.23
288.9,Flowing,NORMAL,579.29,580.12,49.901,39.556,29.206,18.506,8.266,-2.14
289.0,Flowing,NORMAL,580.79,581.13,49.955,39.686,29.045,18.685,8.176,-2.274
289.1,Flowing,NORMAL,582.09,580.81,49.951,39.606,29.168,18.645,8.091,-2.218
289.2,Flowing,NORMAL,580.77,579.94,50.034,39.533,29.249,18.525,8.023,-2.308
289.3,Flowing,NORMAL,579.73,580.34,50.057,39.466,29.022,18.726,8.237,-2.22
289.4,Flowing,NORMAL,582.78,581.29,50.063,39.516,29.07,18.715,8.093,-2.421
289.5,Flowing,NORMAL,580.28,580.01,49.965,39.625,29.121,18.719,8.039,-2.225
289.6,Flowing,NORMAL,581.68,579.03,50.052,39.442,29.169,18.641,8.446,-2.424
289.7,Flowing,NORMAL,579.49,579.28,50.11,39.519,28.971,18.608,8.222,-2.167
289.8,Flowing,NORMAL,581.28,581.09,50.138,39.664,29.023,18.741,8.231,-2.302
289.9,Flowing,NORMAL,579.34,579.03,49.983,39.493,29.103,18.592,8.118,-2.211
290.0,Flowing,NORMAL,580.39,578.12,50.05,39.535,29.21,18.629,8.176,-2.197
290.1,Flowing,NORMAL,579.27,579.63,49.989,39.557,28.898,18.651,8.054,-2.347
290.2,Flowing,NORMAL,582.28,579.91,49.893,39.467,29.056,18.611,8.253,-2.232
290.3,Flowing,NORMAL,579.73,581.03,49.848,39.557,29.126,18.624,8.195,-2.235
290.4,Flowing,NORMAL,578.67,578.25,50.061,39.424,29.081,18.771,8.314,-2.182
290.5,Flowing,NORMAL,580.11,580.42,50.043,39.682,29.254,18.64,8.123,-2.271
290.6,Flowing,NORMAL,580.64,581.38,50.248,39.424,29.062,18.537,8.21,-2.346
290.7,Flowing,NORMAL,579.97,579.02,49.991,39.394,29.15,18.748,8.169,-2.261
290.8,Flowing,NORMAL,579.02,580.1,49.987,39.565,29.097,18.712,8.299,-2.315
290.9,Flowing,NORMAL,581.24,577.42,49.975,39.622,28.986,18.492,8.218,-2.21
291.0,Flowing,NORMAL,581.51,581.05,49.942,39.504,29.039,18.581,8.256,-2.344
291.1,Flowing,NORMAL,578.02,580.95,49.979,39.478,28.984,18.72,8.159,-2.235
291.2,Flowing,NORMAL,578.95,579.98,49.879,39.491,29.161,18.857,8.042,-2.266
291.3,Flowing,NORMAL,579.81,578.41,50.033,39.501,29.168,18.581,8.212,-2.292
291.4,Flowing,NORMAL,579.36,580.8,50.098,39.496,29.072,18.726,8.118,-2.244
291.5,Flowing,NORMAL,580.63,579.71,49.854,39.463,29.131,18.571,8.157,-2.21
291.6,Flowing,NORMAL,582.21,576.66,49.954,39.616,29.117,18.685,8.299,-2.224
291.7,Flowing,NORMAL,579.54,580.93,50.123,39.623,29.058,18.754,8.221,-2.281
291.8,Flowing,NORMAL,581.89,581.4,50.022,39.639,29.136,18.796,8.287,-2.208
291.9,Flowing,NORMAL,578.24,581.61,49.918,39.536,29.106,18.706,8.251,-2.236
292.0,Flowing,NORMAL,580.55,578.47,50.01,39.608,29.031,18.786,8.036,-2.133
292.1,Flowing,NORMAL,579.29,577.7,49.996,39.63,29.129,18.678,8.245,-2.185
292.2,Flowing,NORMAL,580.57,579.51,49.974,39.633,29.013,18.65,8.267,-2.17
292.3,Flowing,NORMAL,577.89,580.62,50.037,39.519,29.172,18.597,8.34,-2.257
292.4,Flowing,NORMAL,578.46,578.87,49.877,39.454,29.104,18.661,8.358,-2.333
292.5,Flowing,NORMAL,580.57,578.09,50.003,39.465,29.061,18.785,8.109,-2.203
292.6,Flowing,NORMAL,579.24,580.87,50.031,39.548,29.142,18.557,8.333,-2.096
292.7,Flowing,NORMAL,579.61,579.59,50.004,39.744,29.068,18.682,8.315,-2.286
292.8,Flowing,NORMAL,582.2,580.75,49.889,39.421,29.265,18.608,8.185,-2.339
292.9,Flowing,NORMAL,580.17,580.02,50.076,39.488,29.061,18.674,8.115,-2.264
293.0,Flowing,NORMAL,581.08,579.8,50.112,39.584,29.111,18.667,8.169,-2.09
293.1,Flowing,NORMAL,579.09,579.92,49.935,39.567,29.109,18.731,8.288,-2.252
293.2,Flowing,NORMAL,578.39,579.57,50.023,39.576,28.918,18.523,8.152,-2.295
293.3,Flowing,NORMAL,579.9,579.45,49.904,39.61,29.1,18.633,8.1,-2.253
293.4,Flowing,NORMAL,578.21,578.68,49.79,39.537,29.105,18.669,8.075,-2.232
293.5,Flowing,NORMAL,579.16,580.58,49.917,39.485,29.158,18.811,8.204,-2.315
293.6,Flowing,NORMAL,580.29,581.5,50.015,39.625,29.15,18.87,8.143,-2.23
293.7,Flowing,NORMAL,579.87,579.4,50.124,39.669,28.944,18.65,8.319,-2.019
293.8,Flowing,NORMAL,580.4,582.24,50.056,39.521,29.019,18.828,8.258,-2.318
293.9,Flowing,NORMAL,580.72,580.45,49.984,39.575,29.144,18.578,8.151,-2.382
294.0,Flowing,NORMAL,578.57,580.31,50.083,39.523,29.137,18.764,8.218,-2.259
294.1,Flowing,NORMAL,578.87,580.79,50.016,39.555,29.2,18.675,8.157,-2.166
294.2,Flowing,NORMAL,577.39,581.17,50.098,39.443,29.223,18.679,8.223,-2.169
294.3,Flowing,NORMAL,579.56,579.45,49.955,39.626,29.07,18.532,8.12,-2.204
294.4,Flowing,NORMAL,580.88,580.67,49.924,39.679,29.195,18.757,8.21,-2.229
294.5,Flowing,NORMAL,581.79,581.26,49.905,39.63,29.13,18.696,8.335,-2.298
294.6,Flowing,NORMAL,580.23,579.54,49.99,39.576,29.025,18.635,8.24,-2.276
294.7,Flowing,NORMAL,581.65,580.01,50.105,39.429,29.19,18.703,8.155,-2.324
294.8,Flowing,NORMAL,580.46,579.08,49.834,39.486,29.184,18.646,8.293,-2.299
294.9,Flowing,NORMAL,580.13,579.41,50.057,39.493,29.023,18.642,8.147,-2.373
295.0,Flowing,NORMAL,579.27,579.58,49.985,39.559,29.202,18.725,8.298,-2.192
295.1,Flowing,NORMAL,577.14,578.91,50.027,39.452,29.112,18.698,8.317,-2.195
295.2,Flowing,NORMAL,581.47,579.92,50.099,39.467,29.074,18.684,8.293,-2.261
295.3,Flowing,NORMAL,579.94,580.4,49.993,39.605,29.01,18.779,8.13,-2.403
295.4,Flowing,NORMAL,581.67,580.51,50.001,39.686,29.147,18.71,8.203,-2.262
295.5,Flowing,NORMAL,578.86,579.03,49.876,39.369,29.116,18.755,8.228,-2.2
295.6,Flowing,NORMAL,582.91,579.27,50.127,39.576,29.09,18.585,8.362,-2.208
295.7,Flowing,NORMAL,579.7,581.02,49.925,39.456,29.2,18.567,8.348,-2.47
295.8,Flowing,NORMAL,579.17,579.27,50.114,39.589,29.11,18.636,8.351,-2.193
295.9,Flowing,NORMAL,579.74,580.99,49.928,39.413,29.114,18.65,8.079,-2.254
296.0,Flowing,NORMAL,580.2,579.12,49.954,39.551,29.158,18.77,8.273,-2.307
296.1,Flowing,NORMAL,579.92,580.45,50.03,39.555,28.994,18.682,8.349,-2.247
296.2,Flowing,NORMAL,579.38,580.9,49.872,39.552,29.003,18.719,8.242,-2.263
296.3,Flowing,NORMAL,577.84,576.82,49.974,39.533,29.101,18.588,8.089,-2.159
296.4,Flowing,NORMAL,579.03,581.04,49.969,39.563,29.123,18.676,8.106,-2.384
296.5,Flowing,NORMAL,581.29,581.56,49.953,39.582,29.042,18.622,8.37,-2.397
296.6,Flowing,NORMAL,578.94,579.63,49.94,39.702,29.097,18.594,8.294,-2.245
296.7,Flowing,NORMAL,577.94,580.41,49.972,39.565,29.047,18.569,8.191,-2.331
296.8,Flowing,NORMAL,578.73,578.99,50.001,39.578,29.168,18.74,8.168,-2.21
296.9,Flowing,NORMAL,579.89,580.44,50.039,39.576,29.062,18.568,8.24,-2.386
297.0,Flowing,NORMAL,579.09,582.95,49.979,39.346,28.993,18.58,8.288,-2.195
297.1,Flowing,NORMAL,579.66,577.36,49.956,39.608,29.171,18.637,8.089,-2.266
297.2,Flowing,NORMAL,579.04,579.4,49.992,39.451,29.129,18.673,8.236,-2.227
297.3,Flowing,NORMAL,581.21,580.96,50.058,39.536,29.116,18.618,8.153,-2.143
297.4,Flowing,NORMAL,580.59,581.51,49.836,39.62,29.05,18.59,8.221,-2.369
297.5,Flowing,NORMAL,582.66,578.34,49.935,39.482,29.082,18.586,8.328,-2.106
297.6,Flowing,NORMAL,579.54,579.23,49.838,39.594,29.169,18.694,8.148,-2.269
297.7,Flowing,NORMAL,579.66,579.3,49.94,39.516,29.003,18.641,8.08,-2.266
297.8,Flowing,NORMAL,581.42,579.22,49.9,39.567,29.046,18.673,8.287,-2.123
297.9,Flowing,NORMAL,580.47,579.86,49.798,39.483,29.076,18.687,8.068,-2.328
298.0,Flowing,NORMAL,578.87,578.29,50.01,39.557,29.13,18.686,8.227,-2.234
298.1,Flowing,NORMAL,580.67,579.69,50.004,39.603,28.921,18.774,8.024,-2.336
298.2,Flowing,NORMAL,580.48,578.88,49.982,39.604,28.86,18.648,8.264,-2.17
298.3,Flowing,NORMAL,577.85,579.92,49.944,39.526,29.051,18.619,8.118,-2.321
298.4,Flowing,NORMAL,579.22,579.15,50.035,39.561,29.139,18.667,8.257,-2.18
298.5,Flowing,NORMAL,580.23,579.8,49.861,39.482,29.082,18.648,8.147,-2.177
298.6,Flowing,NORMAL,581.74,578.76,50.158,39.565,29.107,18.718,8.051,-2.247
298.7,Flowing,NORMAL,580.84,581.14,50.078,39.499,29.002,18.635,8.195,-2.322
298.8,Flowing,NORMAL,579.32,579.61,50.168,39.512,29.008,18.643,8.273,-2.248
298.9,Flowing,NORMAL,579.15,580.02,50.039,39.48,29.219,18.695,8.284,-2.221
299.0,Flowing,NORMAL,580.96,579.83,50.066,39.48,29.061,18.758,8.325,-2.342
299.1,Flowing,NORMAL,577.09,580.01,50.02,39.516,29.044,18.673,8.291,-2.214
299.2,Flowing,NORMAL,579.03,580.0,49.974,39.591,29.071,18.683,8.312,-2.416
299.3,Flowing,NORMAL,581.69,580.97,50.064,39.427,29.198,18.599,8.103,-2.194
299.4,Flowing,NORMAL,580.36,579.66,50.029,39.47,29.0,18.635,8.104,-2.335
299.5,Flowing,NORMAL,579.09,579.14,50.009,39.473,29.134,18.769,8.188,-2.239
299.6,Flowing,NORMAL,578.56,580.05,50.161,39.455,29.195,18.736,8.269,-2.146
299.7,Flowing,NORMAL,581.01,579.26,50.022,39.503,29.188,18.741,8.289,-2.246
299.8,Flowing,NORMAL,580.09,579.91,49.943,39.565,29.175,18.732,8.166,-2.225
299.9,Flowing,NORMAL,579.74,578.74,49.895,39.629,29.037,18.713,8.108,-2.167
300.0,Flowing,NORMAL,500.45,501.26,50.026,41.937,34.055,25.953,18.06,9.978
300.1,Flowing,NORMAL,500.2,499.06,49.862,41.921,33.966,26.109,18.072,10.13
300.2,Flowing,NORMAL,500.11,501.44,50.132,41.957,33.985,25.967,17.946,9.853
300.3,Flowing,NORMAL,498.41,499.93,49.999,41.897,33.997,26.169,17.959,10.016
300.4,Flowing,NORMAL,498.77,501.03,50.073,42.022,34.023,25.971,17.981,9.923
300.5,Flowing,NORMAL,500.9,499.08,50.068,41.861,34.078,25.888,18.077,9.972
300.6,Flowing,NORMAL,500.67,497.64,49.901,42.046,34.074,25.965,18.058,9.817
300.7,Flowing,NORMAL,500.46,498.02,49.894,42.103,33.982,25.851,17.944,9.926
300.8,Flowing,NORMAL,499.3,503.0,49.987,41.97,34.014,25.994,18.109,10.034
300.9,Flowing,NORMAL,500.92,499.28,50.037,42.093,33.969,25.899,18.097,10.011
301.0,Flowing,NORMAL,499.56,501.32,50.011,41.949,33.951,26.068,18.079,10.063
301.1,Flowing,NORMAL,501.56,498.44,50.063,42.046,34.011,25.986,18.097,9.97
301.2,Flowing,NORMAL,499.1,500.21,50.03,41.936,33.947,25.981,17.936,10.064
301.3,Flowing,NORMAL,499.37,500.42,49.892,42.008,34.011,25.855,17.965,10.02
301.4,Flowing,NORMAL,499.82,503.4,50.034,41.984,34.054,25.991,18.001,10.02
301.5,Flowing,NORMAL,501.02,499.62,50.074,41.946,33.961,25.946,17.973,10.114
301.6,Flowing,NORMAL,499.96,499.15,50.046,41.91,33.952,26.03,17.927,9.942
301.7,Flowing,NORMAL,500.05,500.42,50.108,41.951,34.076,26.1,17.941,9.929
301.8,Flowing,NORMAL,499.53,498.89,49.978,41.913,34.01,25.984,18.029,10.112
301.9,Flowing,NORMAL,500.32,500.49,50.065,42.039,33.843,26.035,18.138,9.759
302.0,Flowing,NORMAL,499.92,499.94,50.055,41.987,33.932,26.064,18.137,10.062
302.1,Flowing,NORMAL,499.06,499.1,49.97,41.925,34.012,26.07,17.969,9.977
302.2,Flowing,NORMAL,500.15,500.59,50.226,42.086,34.092,25.883,17.943,10.006
302.3,Flowing,NORMAL,500.18,500.13,49.92,42.128,34.113,25.957,18.143,10.0
302.4,Flowing,NORMAL,502.82,500.91,50.207,42.012,34.046,26.112,18.102,10.041
302.5,Flowing,NORMAL,499.27,501.98,49.989,42.041,33.935,26.012,17.911,9.858
302.6,Flowing,NORMAL,498.99,499.4,50.004,42.101,34.074,25.993,18.14,9.954
302.7,Flowing,NORMAL,500.33,499.51,49.847,41.825,33.906,26.065,17.949,10.037
302.8,Flowing,NORMAL,498.81,498.39,50.132,41.912,34.038,26.043,17.931,10.108
302.9,Flowing,NORMAL,498.71,500.63,49.977,41.969,34.169,26.042,18.074,10.108
303.0,Flowing,NORMAL,498.28,499.23,49.948,42.1,33.96,25.956,17.978,9.95
303.1,Flowing,NORMAL,499.07,500.41,50.066,42.021,33.961,26.054,17.978,9.974
303.2,Flowing,NORMAL,499.1,501.4,50.004,42.037,34.031,25.971,18.068,9.982
303.3,Flowing,NORMAL,498.46,499.18,49.948,41.883,34.079,26.001,18.017,10.084
303.4,Flowing,NORMAL,499.7,499.43,49.962,41.89,34.006,26.025,17.979,10.118
303.5,Flowing,NORMAL,497.16,501.22,49.801,42.09,34.063,26.037,17.733,10.103
303.6,Flowing,NORMAL,500.59,500.85,49.918,41.959,33.986,26.033,18.051,10.071
303.7,Flowing,NORMAL,499.33,500.72,50.065,42.02,34.033,25.913,17.94,10.072
303.8,Flowing,NORMAL,499.51,499.53,50.067,42.058,33.959,26.073,17.907,10.086
303.9,Flowing,NORMAL,500.7,498.28,49.979,42.135,33.878,26.141,17.971,9.97
304.0,Flowing,NORMAL,500.45,499.15,50.016,41.944,33.994,25.941,17.944,10.039
304.1,Flowing,NORMAL,499.24,498.79,49.928,41.939,33.89,25.96,18.105,9.932
304.2,Flowing,NORMAL,500.54,500.7,49.941,42.016,33.97,26.178,17.987,10.027
304.3,Flowing,NORMAL,501.86,500.34,50.076,42.074,34.019,25.987,18.162,9.992
304.4,Flowing,NORMAL,498.79,499.28,49.965,41.948,33.862,26.066,17.812,10.0
304.5,Flowing,NORMAL,500.9,499.49,49.984,42.179,33.853,25.928,17.989,9.984
304.6,Flowing,NORMAL,498.66,500.57,49.956,41.994,33.899,26.029,17.814,9.998
304.7,Flowing,NORMAL,501.41,499.62,49.952,42.081,34.14,25.974,18.111,9.975
304.8,Flowing,NORMAL,499.15,499.3,49.923,42.14,34.042,26.0,18.055,10.022
304.9,Flowing,NORMAL,499.1,502.37,49.994,41.894,33.978,26.05,17.99,10.072
305.0,Flowing,NORMAL,501.38,499.34,50.031,41.93,33.894,25.987,17.958,10.027
305.1,Flowing,NORMAL,500.87,500.8,49.943,41.951,34.084,26.012,17.944,10.001
305.2,Flowing,NORMAL,499.19,500.47,50.11,42.024,34.047,25.94,18.082,10.185
305.3,Flowing,NORMAL,500.15,498.17,49.937,41.905,34.014,26.07,17.993,9.916
305.4,Flowing,NORMAL,499.15,499.19,49.991,42.048,33.967,26.049,18.093,10.019
305.5,Flowing,NORMAL,498.09,500.98,49.998,42.066,33.932,25.924,17.979,9.961
305.6,Flowing,NORMAL,500.23,499.84,49.936,42.146,34.174,25.972,18.007,9.985
305.7,Flowing,NORMAL,499.57,498.24,50.089,42.104,33.858,26.038,17.895,10.141
305.8,Flowing,NORMAL,498.86,500.47,50.035,41.934,33.981,25.977,18.042,10.083
305.9,Flowing,NORMAL,501.57,499.3,49.908,42.147,34.128,25.93,18.006,10.137
306.0,Flowing,NORMAL,498.91,500.52,50.099,41.973,34.065,26.24,18.008,9.949
306.1,Flowing,NORMAL,500.17,503.23,50.014,42.02,33.958,26.035,17.9,9.947
306.2,Flowing,NORMAL,501.3,500.46,50.061,41.86,34.072,25.839,17.861,9.96
306.3,Flowing,NORMAL,499.69,500.73,50.023,42.106,34.005,25.98,18.046,9.93
306.4,Flowing,NORMAL,499.12,499.7,50.011,41.904,34.007,25.99,17.936,10.013
306.5,Flowing,NORMAL,500.36,498.66,50.013,42.094,33.872,25.994,17.939,10.07
306.6,Flowing,NORMAL,500.55,501.23,50.06,42.041,33.944,26.071,17.878,9.861
306.7,Flowing,NORMAL,501.05,499.27,49.898,41.997,34.054,25.762,18.106,10.01
306.8,Flowing,NORMAL,502.25,499.72,49.875,42.008,34.087,26.048,18.088,9.891
306.9,Flowing,NORMAL,499.45,502.15,49.967,41.926,34.137,26.051,18.228,9.963
307.0,Flowing,NORMAL,500.24,499.59,49.942,41.989,34.11,25.971,18.01,10.008
307.1,Flowing,NORMAL,498.48,501.46,50.003,41.948,33.989,25.986,17.999,10.075
307.2,Flowing,NORMAL,500.8,500.46,50.141,41.933,33.969,25.934,18.015,9.957
307.3,Flowing,NORMAL,500.22,499.34,50.019,42.088,33.798,26.039,17.963,10.037
307.4,Flowing,NORMAL,499.79,500.41,49.928,42.096,34.073,26.045,18.063,9.94
307.5,Flowing,NORMAL,499.26,499.14,49.95,42.06,33.939,26.116,17.974,10.04
307.6,Flowing,NORMAL,499.58,501.09,50.168,41.944,34.006,26.084,18.076,9.974
307.7,Flowing,NORMAL,500.28,501.5,49.959,41.981,34.116,25.978,18.006,9.966
307.8,Flowing,NORMAL,498.84,500.06,50.056,42.012,33.92,25.922,17.84,9.933
307.9,Flowing,NORMAL,499.63,501.61,50.064,42.106,34.055,26.044,17.99,10.062
308.0,Flowing,NORMAL,500.02,500.19,50.023,42.144,33.992,26.107,18.07,10.059
308.1,Flowing,NORMAL,498.15,501.1,49.839,42.074,33.99,25.964,17.881,10.0
308.2,Flowing,NORMAL,498.74,503.54,50.003,41.896,33.882,26.039,18.07,10.015
308.3,Flowing,NORMAL,499.21,502.97,50.092,41.993,33.996,25.927,17.875,10.148
308.4,Flowing,NORMAL,501.88,499.78,50.091,41.889,34.012,25.992,17.978,9.967
308.5,Flowing,NORMAL,499.0,500.35,50.031,42.065,34.032,25.99,17.987,10.075
308.6,Flowing,NORMAL,499.93,498.74,50.037,42.006,33.997,26.028,17.963,10.066
308.7,Flowing,NORMAL,498.75,500.96,49.914,41.967,34.049,25.909,17.874,10.005
308.8,Flowing,NORMAL,499.07,500.47,49.864,41.896,34.061,25.984,18.103,9.904
308.9,Flowing,NORMAL,498.27,499.07,49.992,42.032,33.906,26.083,18.041,9.871
309.0,Flowing,NORMAL,500.8,501.42,49.997,42.031,33.953,25.882,18.022,10.177
309.1,Flowing,NORMAL,498.41,499.68,49.969,42.126,33.94,26.017,18.062,9.999
309.2,Flowing,NORMAL,501.09,499.37,49.976,42.058,34.151,26.024,17.959,9.985
309.3,Flowing,NORMAL,500.56,500.48,50.202,42.011,33.952,25.908,17.854,10.029
309.4,Flowing,NORMAL,499.91,499.44,50.052,41.968,33.999,25.906,18.011,10.039
309.5,Flowing,NORMAL,501.13,499.96,49.957,42.135,33.933,26.023,18.068,9.994
309.6,Flowing,NORMAL,503.72,502.1,49.985,41.886,34.109,25.986,18.043,10.054
309.7,Flowing,NORMAL,500.57,499.26,49.95,41.984,34.107,25.911,18.17,9.94
309.8,Flowing,NORMAL,498.66,500.81,49.906,42.011,34.177,25.847,17.989,10.038
309.9,Flowing,NORMAL,501.79,499.3,50.003,42.031,33.943,25.952,17.988,9.91
310.0,Flowing,NORMAL,500.22,498.83,49.996,41.969,33.962,26.026,17.854,9.982
310.1,Flowing,NORMAL,502.53,499.9,50.185,41.913,34.103,26.004,17.952,9.894
310.2,Flowing,NORMAL,499.39,503.22,50.011,42.116,33.969,25.994,18.081,10.027
310.3,Flowing,NORMAL,501.54,500.94,49.874,42.008,34.121,25.997,17.781,10.031
310.4,Flowing,NORMAL,500.0,500.55,49.984,41.854,33.866,26.078,17.941,9.927
310.5,Flowing,NORMAL,503.19,499.37,49.997,41.948,34.008,25.984,17.904,9.959
310.6,Flowing,NORMAL,499.66,499.54,50.035,42.003,33.993,26.155,18.058,10.068
310.7,Flowing,NORMAL,503.6,498.22,49.987,42.018,33.966,26.062,17.991,10.018
310.8,Flowing,NORMAL,500.53,502.15,50.013,41.999,34.235,25.947,17.946,10.056
310.9,Flowing,NORMAL,501.02,500.32,49.952,41.977,33.913,26.039,18.04,9.975
311.0,Flowing,NORMAL,502.04,500.22,50.057,41.851,33.943,25.986,17.906,9.86
311.1,Flowing,NORMAL,499.05,500.24,49.975,42.056,34.103,25.956,18.059,10.051
311.2,Flowing,NORMAL,501.16,502.51,50.097,41.972,33.856,26.006,17.919,9.942
311.3,Flowing,NORMAL,499.65,500.36,49.976,41.973,34.011,26.056,17.971,10.032
311.4,Flowing,NORMAL,500.18,499.77,50.001,42.075,33.985,25.994,17.97,9.987
311.5,Flowing,NORMAL,500.1,502.16,49.937,41.929,34.062,25.913,17.974,10.081
311.6,Flowing,NORMAL,500.69,499.84,49.972,42.066,33.953,25.916,17.872,10.105
311.7,Flowing,NORMAL,500.64,497.97,49.909,42.06,33.92,26.105,18.177,9.865
311.8,Flowing,NORMAL,499.31,498.17,49.913,42.062,34.041,26.062,17.954,10.159
311.9,Flowing,NORMAL,500.15,499.77,50.009,41.903,33.98,25.904,18.127,9.947
312.0,Flowing,NORMAL,497.2,500.35,50.039,41.962,33.951,25.847,18.048,10.104
312.1,Flowing,NORMAL,501.19,500.99,49.927,41.876,34.064,25.868,18.098,9.928
312.2,Flowing,NORMAL,502.03,498.9,49.912,42.02,33.917,25.943,18.028,9.806
312.3,Flowing,NORMAL,500.23,499.73,50.131,42.003,33.897,25.919,18.079,10.048
312.4,Flowing,NORMAL,498.07,499.03,50.111,41.945,34.024,26.034,18.056,10.09
312.5,Flowing,NORMAL,500.89,501.34,49.943,41.991,33.951,25.996,18.056,9.868
312.6,Flowing,NORMAL,499.08,501.54,50.089,41.909,33.975,26.1,18.026,10.027
312.7,Flowing,NORMAL,500.22,502.35,49.906,41.916,34.075,25.953,17.96,10.077
312.8,Flowing,NORMAL,500.82,500.42,49.916,42.022,34.003,26.0,17.959,9.954
312.9,Flowing,NORMAL,500.66,502.24,49.914,42.039,33.947,26.077,17.982,9.915
313.0,Flowing,NORMAL,501.3,499.17,49.981,41.967,34.081,25.97,17.978,10.113
313.1,Flowing,NORMAL,500.18,500.26,50.041,42.133,34.101,25.929,18.079,10.122
313.2,Flowing,NORMAL,500.21,498.73,50.123,42.079,34.077,25.976,17.933,9.972
313.3,Flowing,NORMAL,500.88,500.69,49.867,42.107,33.977,26.103,17.901,10.087
313.4,Flowing,NORMAL,499.91,500.34,49.96,41.897,34.13,26.089,18.017,10.003
313.5,Flowing,NORMAL,499.17,497.06,50.035,42.016,33.937,25.967,18.157,10.214
313.6,Flowing,NORMAL,500.54,501.33,50.125,42.038,33.973,25.936,17.941,9.956
313.7,Flowing,NORMAL,498.65,501.03,50.172,42.145,34.06,25.923,18.071,9.981
313.8,Flowing,NORMAL,499.9,499.33,49.828,42.023,33.933,25.935,17.98,9.96
313.9,Flowing,NORMAL,498.35,500.34,49.997,41.993,33.85,26.122,17.921,9.924
314.0,Flowing,NORMAL,499.33,498.21,49.974,41.991,34.117,26.022,18.045,10.022
314.1,Flowing,NORMAL,499.38,499.08,50.019,42.025,33.845,25.98,18.093,10.315
314.2,Flowing,NORMAL,498.82,502.0,49.904,42.034,33.954,26.164,17.892,10.05
314.3,Flowing,NORMAL,501.32,498.61,49.887,41.975,33.997,26.086,17.914,10.053
314.4,Flowing,NORMAL,501.22,500.01,50.002,42.022,34.077,25.897,18.065,9.954
314.5,Flowing,NORMAL,501.58,498.32,50.088,42.027,33.983,25.953,18.066,10.101
314.6,Flowing,NORMAL,499.77,500.41,49.957,41.909,34.056,25.884,17.896,9.915
314.7,Flowing,NORMAL,499.48,500.68,49.967,41.893,33.845,25.909,18.051,9.898
314.8,Flowing,NORMAL,500.96,500.87,49.973,42.156,33.996,26.027,17.924,10.173
314.9,Flowing,NORMAL,500.15,500.56,49.957,41.982,34.105,25.985,18.004,9.977
315.0,Flowing,NORMAL,500.15,501.71,49.978,42.03,34.044,25.949,17.939,9.951
315.1,Flowing,NORMAL,496.95,499.34,49.888,41.873,34.024,26.075,18.07,9.809
315.2,Flowing,NORMAL,500.91,498.73,49.98,41.912,34.011,25.967,18.047,9.998
315.3,Flowing,NORMAL,500.75,499.3,49.848,41.923,34.0,26.007,17.888,9.877
315.4,Flowing,NORMAL,499.99,498.38,50.004,41.888,33.867,25.964,17.961,9.93
315.5,Flowing,NORMAL,500.98,500.09,49.944,42.001,33.942,26.006,17.97,10.013
315.6,Flowing,NORMAL,500.72,499.83,50.07,42.067,34.103,26.067,18.019,9.965
315.7,Flowing,NORMAL,499.16,500.57,49.969,41.93,34.0,26.056,17.942,9.997
315.8,Flowing,NORMAL,499.74,498.06,49.946,42.017,33.956,25.941,17.946,10.04
315.9,Flowing,NORMAL,498.79,499.98,49.992,41.966,34.021,25.967,18.09,9.922
316.0,Flowing,NORMAL,501.75,501.46,49.985,41.888,33.972,25.866,18.06,10.061
316.1,Flowing,NORMAL,501.17,500.69,50.063,42.002,33.93,25.936,18.122,10.115
316.2,Flowing,NORMAL,499.02,497.73,50.01,41.959,34.109,25.944,18.018,10.108
316.3,Flowing,NORMAL,500.74,499.99,49.933,42.066,34.042,25.997,17.921,9.942
316.4,Flowing,NORMAL,500.33,499.12,50.023,41.886,34.01,26.043,18.079,9.888
316.5,Flowing,NORMAL,499.18,500.02,50.105,42.136,34.033,25.917,17.974,9.996
316.6,Flowing,NORMAL,500.15,499.54,50.022,42.002,34.022,25.993,18.021,9.963
316.7,Flowing,NORMAL,501.03,502.09,49.973,41.954,34.153,26.117,18.044,10.106
316.8,Flowing,NORMAL,501.13,500.1,50.064,42.015,33.88,25.979,17.973,9.909
316.9,Flowing,NORMAL,502.8,500.38,49.881,42.039,34.026,25.907,17.94,10.093
317.0,Flowing,NORMAL,500.11,499.95,49.93,42.014,33.985,26.041,17.932,10.007
317.1,Flowing,NORMAL,499.71,500.57,50.013,42.018,34.006,26.028,18.175,10.205
317.2,Flowing,NORMAL,500.67,499.74,49.949,41.815,34.048,26.015,18.085,10.023
317.3,Flowing,NORMAL,499.78,500.93,50.005,42.09,34.102,25.889,17.935,9.992
317.4,Flowing,NORMAL,499.3,499.53,50.008,41.982,34.035,26.08,18.138,10.046
317.5,Flowing,NORMAL,498.89,501.65,49.932,41.988,33.994,26.041,18.031,10.164
317.6,Flowing,NORMAL,495.89,500.6,49.963,42.031,34.188,25.953,18.012,9.924
317.7,Flowing,NORMAL,500.88,499.82,50.007,41.938,34.084,26.012,17.925,10.067
317.8,Flowing,NORMAL,498.03,501.01,50.014,42.076,33.908,26.03,18.062,9.966
317.9,Flowing,NORMAL,498.94,500.59,49.899,41.997,34.098,26.09,17.966,9.897
318.0,Flowing,NORMAL,500.35,500.99,49.966,41.963,34.036,25.992,17.94,10.088
318.1,Flowing,NORMAL,499.61,500.1,50.011,42.035,33.862,25.806,17.885,9.962
318.2,Flowing,NORMAL,502.58,499.71,50.046,41.813,34.127,26.014,18.109,9.929
318.3,Flowing,NORMAL,498.19,500.16,50.04,42.007,34.065,25.981,18.038,10.088
318.4,Flowing,NORMAL,502.69,499.4,49.948,42.019,33.849,26.056,18.156,9.9
318.5,Flowing,NORMAL,501.66,501.18,49.993,42.07,34.003,26.013,17.969,9.966
318.6,Flowing,NORMAL,501.09,501.76,49.993,42.003,33.905,25.995,18.125,9.966
318.7,Flowing,NORMAL,501.73,500.69,49.901,41.988,33.943,25.893,18.011,9.943
318.8,Flowing,NORMAL,500.49,501.7,49.95,42.012,33.877,25.861,18.054,9.846
318.9,Flowing,NORMAL,497.96,501.35,49.922,41.856,33.961,26.034,18.009,10.191
319.0,Flowing,NORMAL,500.62,499.68,50.087,41.926,33.904,26.217,18.085,10.047
319.1,Flowing,NORMAL,498.22,501.0,50.006,42.022,33.881,26.013,18.006,9.928
319.2,Flowing,NORMAL,499.37,498.46,49.957,42.121,33.99,26.166,17.861,9.958
319.3,Flowing,NORMAL,499.91,500.22,49.876,41.903,33.934,26.025,18.021,9.946
319.4,Flowing,NORMAL,498.91,498.58,49.822,42.118,33.977,25.911,18.022,10.016
319.5,Flowing,NORMAL,501.14,499.87,49.974,42.012,33.908,26.061,17.92,9.952
319.6,Flowing,NORMAL,499.74,498.27,50.052,42.096,34.127,26.084,17.974,9.877
319.7,Flowing,NORMAL,500.49,501.31,50.112,42.11,33.946,26.074,17.973,10.12
319.8,Flowing,NORMAL,499.99,499.53,49.959,42.158,34.063,26.144,17.963,10.032
319.9,Flowing,NORMAL,500.15,501.09,49.922,42.068,34.072,26.192,18.039,10.058
320.0,Flowing,NORMAL,498.94,499.91,49.962,42.043,33.97,26.009,18.014,9.972
320.1,Flowing,NORMAL,498.59,497.79,50.005,41.97,33.97,26.086,18.014,10.028
320.2,Flowing,NORMAL,499.82,499.42,49.883,42.034,34.042,25.968,18.167,9.817
320.3,Flowing,NORMAL,498.84,499.36,50.063,42.057,34.043,26.014,18.044,10.069
320.4,Flowing,NORMAL,501.67,499.98,49.942,42.024,33.985,25.912,18.057,9.955
320.5,Flowing,NORMAL,498.35,501.81,49.88,41.957,33.936,26.082,18.012,10.111
320.6,Flowing,NORMAL,502.8,502.01,49.947,42.07,34.227,26.028,18.069,10.055
320.7,Flowing,NORMAL,500.36,499.72,49.886,42.047,34.025,25.979,17.929,10.056
320.8,Flowing,NORMAL,500.08,498.49,49.922,42.171,34.009,25.902,17.959,9.978
320.9,Flowing,NORMAL,499.35,499.11,50.193,41.929,33.991,25.957,18.04,9.958
321.0,Flowing,NORMAL,500.79,500.58,49.909,41.984,33.976,25.953,17.957,10.095
321.1,Flowing,NORMAL,499.75,499.87,49.974,41.909,33.963,26.004,17.893,10.13
321.2,Flowing,NORMAL,500.36,498.11,50.069,42.114,34.031,25.833,18.123,9.931
321.3,Flowing,NORMAL,501.01,499.4,49.937,42.013,34.11,26.084,18.073,9.975
321.4,Flowing,NORMAL,500.8,501.57,49.974,42.028,33.99,26.071,18.066,10.047
321.5,Flowing,NORMAL,501.49,500.35,49.798,42.01,33.991,26.013,17.94,9.894
321.6,Flowing,NORMAL,500.65,500.06,50.037,41.971,34.046,25.946,18.113,10.08
321.7,Flowing,NORMAL,498.86,499.53,50.024,41.983,34.068,26.031,18.019,10.083
321.8,Flowing,NORMAL,497.5,499.45,50.114,41.9,33.916,25.938,17.88,9.995
321.9,Flowing,NORMAL,500.25,500.65,50.048,41.998,33.957,26.09,18.011,10.027
322.0,Flowing,NORMAL,500.27,500.17,50.092,41.99,34.165,25.964,18.16,9.922
322.1,Flowing,NORMAL,502.31,500.93,50.041,41.949,34.09,25.962,18.023,9.948
322.2,Flowing,NORMAL,499.86,500.66,50.075,41.948,34.135,25.92,17.892,10.076
322.3,Flowing,NORMAL,500.45,500.02,49.953,41.999,33.974,25.895,17.994,10.101
322.4,Flowing,NORMAL,500.93,500.46,50.08,42.019,34.089,25.915,17.974,10.032
322.5,Flowing,NORMAL,500.62,499.29,49.99,41.98,33.904,25.833,18.065,10.019
322.6,Flowing,NORMAL,501.01,499.94,50.072,41.965,33.943,26.001,18.068,9.981
322.7,Flowing,NORMAL,499.02,501.61,50.064,41.919,33.987,25.994,18.098,10.017
322.8,Flowing,NORMAL,498.83,500.01,50.14,41.892,34.01,26.014,18.05,9.935
322.9,Flowing,NORMAL,499.66,499.74,50.135,42.001,33.913,25.999,17.975,10.223
323.0,Flowing,NORMAL,497.39,500.25,50.084,42.004,33.991,26.076,18.08,9.767
323.1,Flowing,NORMAL,499.95,498.6,50.051,42.002,33.895,26.07,18.18,10.045
323.2,Flowing,NORMAL,499.21,500.27,50.088,42.144,33.934,25.851,18.053,9.98
323.3,Flowing,NORMAL,500.39,502.04,49.89,41.994,34.058,25.988,17.937,9.982
323.4,Flowing,NORMAL,499.68,499.03,49.998,41.846,33.989,25.892,18.053,9.875
323.5,Flowing,NORMAL,498.78,500.32,50.081,41.967,33.957,26.024,17.931,10.022
323.6,Flowing,NORMAL,501.57,499.97,49.941,41.955,34.032,25.909,17.899,10.02
323.7,Flowing,NORMAL,500.1,499.94,49.998,42.013,34.026,26.005,18.049,10.008
323.8,Flowing,NORMAL,501.04,499.92,49.839,41.86,34.154,26.0,18.076,9.972
323.9,Flowing,NORMAL,500.22,500.86,49.995,41.964,34.197,26.02,17.957,9.868
324.0,Flowing,NORMAL,500.56,498.68,50.158,41.987,34.06,26.068,17.963,10.054
324.1,Flowing,NORMAL,498.37,500.83,49.952,41.921,34.093,25.987,18.041,10.033
324.2,Flowing,NORMAL,501.53,500.08,50.051,41.875,33.953,25.974,17.933,10.034
324.3,Flowing,NORMAL,501.05,497.88,50.095,42.108,33.973,26.023,18.036,10.05
324.4,Flowing,NORMAL,499.98,500.46,49.93,42.146,34.074,26.076,18.096,10.043
324.5,Flowing,NORMAL,500.35,500.14,49.918,41.989,33.868,26.033,17.986,9.997
324.6,Flowing,NORMAL,501.2,498.95,50.096,41.963,33.98,26.002,17.853,9.979
324.7,Flowing,NORMAL,499.55,500.19,49.801,41.953,34.068,26.036,17.952,10.003
324.8,Flowing,NORMAL,498.1,498.42,49.914,42.0,34.234,26.148,18.004,10.013
324.9,Flowing,NORMAL,499.58,499.18,49.922,41.936,34.029,25.958,18.072,10.126
325.0,Flowing,NORMAL,500.18,500.04,50.027,42.008,33.866,26.06,17.909,9.967
325.1,Flowing,NORMAL,499.96,497.98,50.077,42.082,33.963,25.967,17.944,9.904
325.2,Flowing,NORMAL,501.58,498.62,49.949,41.871,34.055,26.032,18.045,9.924
325.3,Flowing,NORMAL,498.85,498.8,49.904,42.004,34.005,25.988,17.977,10.137
325.4,Flowing,NORMAL,499.0,500.1,50.034,42.158,34.102,26.136,17.914,10.047
325.5,Flowing,NORMAL,498.73,500.53,49.965,41.867,34.12,25.977,17.916,9.967
325.6,Flowing,NORMAL,500.51,498.93,49.936,41.945,33.982,26.138,17.947,10.133
325.7,Flowing,NORMAL,498.17,498.86,50.068,42.032,34.06,26.001,18.103,10.045
325.8,Flowing,NORMAL,500.89,500.17,49.867,42.024,34.063,25.977,18.01,9.951
325.9,Flowing,NORMAL,498.88,500.13,49.89,41.876,33.877,26.054,17.801,9.947
326.0,Flowing,NORMAL,499.07,499.16,49.939,41.977,33.851,26.032,17.898,10.091
326.1,Flowing,NORMAL,502.12,502.19,49.95,41.992,34.0,26.02,18.003,9.966
326.2,Flowing,NORMAL,501.48,500.22,50.027,42.037,33.939,26.034,18.095,10.056
326.3,Flowing,NORMAL,500.14,499.8,50.075,42.014,33.925,25.935,18.026,10.075
326.4,Flowing,NORMAL,498.43,499.54,50.223,42.079,33.906,25.939,18.182,9.983
326.5,Flowing,NORMAL,502.42,501.21,50.004,41.923,34.125,26.04,17.938,9.92
326.6,Flowing,NORMAL,499.76,500.65,50.025,42.004,34.067,26.044,17.979,9.956
326.7,Flowing,NORMAL,500.3,497.91,49.987,41.956,33.99,26.001,17.928,10.05
326.8,Flowing,NORMAL,501.09,499.17,49.97,41.933,33.972,26.019,18.007,10.034
326.9,Flowing,NORMAL,497.64,499.46,50.072,42.104,34.023,25.914,17.978,9.92
327.0,Flowing,NORMAL,499.23,499.99,50.136,42.159,34.052,26.069,18.02,10.029
327.1,Flowing,NORMAL,499.92,500.75,49.872,41.994,33.93,26.023,17.995,10.156
327.2,Flowing,NORMAL,500.16,498.72,50.073,42.023,33.979,26.134,17.998,10.027
327.3,Flowing,NORMAL,498.44,499.9,50.003,41.968,34.003,25.843,17.876,10.028
327.4,Flowing,NORMAL,500.39,502.04,50.125,42.028,33.942,25.885,18.063,9.955
327.5,Flowing,NORMAL,500.04,500.03,50.051,42.031,34.038,26.003,18.031,9.99
327.6,Flowing,NORMAL,502.0,499.17,49.949,41.923,33.809,25.986,18.122,10.058
327.7,Flowing,NORMAL,501.2,498.4,50.018,41.941,34.08,25.99,18.126,9.922
327.8,Flowing,NORMAL,499.68,499.42,49.94,41.932,33.881,25.925,18.008,9.943
327.9,Flowing,NORMAL,499.76,498.71,49.691,42.086,33.865,26.047,18.002,10.169
328.0,Flowing,NORMAL,501.22,499.53,50.08,41.96,33.944,26.12,17.882,10.015
328.1,Flowing,NORMAL,500.34,500.65,49.99,41.973,34.028,26.015,18.037,10.011
328.2,Flowing,NORMAL,498.35,500.04,50.033,42.007,33.947,26.0,17.943,9.938
328.3,Flowing,NORMAL,502.51,499.42,49.973,41.99,34.003,26.073,17.96,10.016
328.4,Flowing,NORMAL,498.81,497.85,50.009,41.951,34.006,26.08,18.015,10.018
328.5,Flowing,NORMAL,502.97,501.0,49.944,42.158,33.948,25.867,18.069,9.991
328.6,Flowing,NORMAL,500.51,499.58,49.976,41.956,34.15,26.028,18.044,10.013
328.7,Flowing,NORMAL,499.24,500.13,50.022,42.112,33.98,25.883,18.069,10.04
328.8,Flowing,NORMAL,497.16,498.91,50.009,42.038,33.97,26.002,17.989,9.953
328.9,Flowing,NORMAL,500.93,499.51,50.095,41.887,34.189,26.07,17.858,9.982
329.0,Flowing,NORMAL,498.14,499.3,49.987,42.031,33.921,26.003,17.99,9.941
329.1,Flowing,NORMAL,500.43,498.4,49.93,42.074,33.864,26.038,18.064,9.983
329.2,Flowing,NORMAL,502.32,498.91,50.004,42.093,33.944,25.952,17.96,10.093
329.3,Flowing,NORMAL,498.63,499.98,50.103,41.888,34.08,26.066,18.124,10.031
329.4,Flowing,NORMAL,500.89,500.36,49.996,42.092,34.056,26.18,18.077,10.012
329.5,Flowing,NORMAL,499.03,499.18,49.906,41.954,33.885,25.983,18.074,10.0
329.6,Flowing,NORMAL,501.36,498.56,50.082,42.027,33.968,26.007,18.038,10.011
329.7,Flowing,NORMAL,500.08,499.57,50.012,41.938,33.965,26.181,18.098,9.882
329.8,Flowing,NORMAL,499.98,500.94,49.811,42.006,34.071,25.958,18.082,10.005
329.9,Flowing,NORMAL,501.45,498.87,49.987,42.06,33.957,25.977,18.054,9.997
330.0,Flowing,SMALL_LEAK,500.75,500.02,50.153,42.056,34.05,25.966,17.84,9.544
330.1,Flowing,SMALL_LEAK,499.03,499.1,50.022,41.926,34.082,25.988,17.924,9.756
330.2,Flowing,SMALL_LEAK,502.14,501.14,50.059,42.003,33.922,26.032,17.777,9.603
330.3,Flowing,SMALL_LEAK,498.16,499.07,50.135,41.931,33.923,25.936,17.821,9.599
330.4,Flowing,SMALL_LEAK,500.33,500.37,49.924,42.057,33.9,25.883,17.741,9.506
330.5,Flowing,SMALL_LEAK,499.01,500.68,50.066,42.018,34.136,25.925,17.735,9.642
330.6,Flowing,SMALL_LEAK,498.22,501.21,49.987,42.114,34.037,25.752,17.834,9.613
330.7,Flowing,SMALL_LEAK,498.64,497.63,50.069,41.84,33.94,25.888,17.668,9.674
330.8,Flowing,SMALL_LEAK,499.94,497.47,49.991,41.989,34.036,25.976,17.463,9.478
330.9,Flowing,SMALL_LEAK,500.42,500.44,49.878,42.023,33.968,25.926,17.559,9.5
331.0,Flowing,SMALL_LEAK,501.27,500.14,50.079,42.103,34.048,25.813,17.821,9.578
331.1,Flowing,SMALL_LEAK,501.77,498.09,49.98,41.827,34.065,25.868,17.743,9.52
331.2,Flowing,SMALL_LEAK,500.33,494.84,50.111,41.978,33.987,26.036,17.657,9.575
331.3,Flowing,SMALL_LEAK,499.47,498.71,49.971,41.907,33.987,25.96,17.813,9.623
331.4,Flowing,SMALL_LEAK,501.25,496.69,49.962,41.907,33.961,25.805,17.683,9.473
331.5,Flowing,SMALL_LEAK,499.26,497.41,50.043,41.809,33.926,25.837,17.79,9.406
331.6,Flowing,SMALL_LEAK,498.09,498.51,50.002,41.974,34.067,25.938,17.7,9.446
331.7,Flowing,SMALL_LEAK,501.13,498.57,49.835,42.003,34.025,25.759,17.586,9.505
331.8,Flowing,SMALL_LEAK,501.59,499.98,50.009,41.903,33.936,25.733,17.79,9.376
331.9,Flowing,SMALL_LEAK,499.01,497.53,50.024,41.978,34.084,25.812,17.68,9.339
332.0,Flowing,SMALL_LEAK,502.35,496.7,49.825,42.028,33.837,25.852,17.751,9.53
332.1,Flowing,SMALL_LEAK,500.7,498.86,49.926,41.852,34.02,25.972,17.612,9.401
332.2,Flowing,SMALL_LEAK,500.52,498.11,49.936,42.024,34.076,25.761,17.54,9.647
332.3,Flowing,SMALL_LEAK,499.38,497.11,49.963,41.997,33.922,25.894,17.732,9.479
332.4,Flowing,SMALL_LEAK,501.22,497.48,50.115,41.95,33.955,25.869,17.687,9.468
332.5,Flowing,SMALL_LEAK,498.17,496.88,49.872,42.0,33.945,25.799,17.648,9.368
332.6,Flowing,SMALL_LEAK,499.59,498.06,49.883,41.765,34.114,25.884,17.631,9.387
332.7,Flowing,SMALL_LEAK,499.12,499.15,49.743,41.915,34.03,25.91,17.686,9.448
332.8,Flowing,SMALL_LEAK,498.43,496.14,50.076,41.946,34.059,25.799,17.56,9.35
332.9,Flowing,SMALL_LEAK,501.04,497.41,49.886,42.024,33.912,25.742,17.682,9.451
333.0,Flowing,SMALL_LEAK,500.41,494.96,50.047,42.011,33.91,25.826,17.63,9.346
333.1,Flowing,SMALL_LEAK,500.97,495.41,49.881,41.915,34.132,25.782,17.714,9.378
333.2,Flowing,SMALL_LEAK,499.67,497.26,50.039,42.04,34.044,25.841,17.72,9.44
333.3,Flowing,SMALL_LEAK,501.18,496.4,50.104,41.837,33.995,25.828,17.53,9.451
333.4,Flowing,SMALL_LEAK,500.09,495.04,49.847,41.914,33.806,25.925,17.581,9.573
333.5,Flowing,SMALL_LEAK,499.43,496.28,50.029,42.001,33.918,25.711,17.637,9.389
333.6,Flowing,SMALL_LEAK,499.23,497.21,49.857,41.843,33.887,25.936,17.767,9.406
333.7,Flowing,SMALL_LEAK,497.62,494.32,49.975,41.936,33.888,25.895,17.735,9.314
333.8,Flowing,SMALL_LEAK,501.4,498.04,49.955,41.926,33.928,25.875,17.475,9.417
333.9,Flowing,SMALL_LEAK,501.26,496.53,50.019,41.95,34.032,25.787,17.672,9.253
334.0,Flowing,SMALL_LEAK,503.51,496.44,49.932,41.954,33.746,25.683,17.505,9.446
334.1,Flowing,SMALL_LEAK,499.6,495.63,49.902,41.894,34.024,25.636,17.399,9.336
334.2,Flowing,SMALL_LEAK,499.2,497.62,49.842,41.845,34.004,25.83,17.623,9.449
334.3,Flowing,SMALL_LEAK,497.96,496.57,50.056,41.787,33.993,25.713,17.495,9.4
334.4,Flowing,SMALL_LEAK,501.15,494.87,49.818,41.816,34.007,25.789,17.561,9.28
334.5,Flowing,SMALL_LEAK,500.88,496.11,50.015,42.009,33.962,25.651,17.511,9.412
334.6,Flowing,SMALL_LEAK,501.86,494.21,50.06,41.928,33.934,25.727,17.562,9.294
334.7,Flowing,SMALL_LEAK,498.9,494.65,49.721,42.048,34.097,25.686,17.45,9.324
334.8,Flowing,SMALL_LEAK,500.86,496.64,49.937,42.032,33.956,25.667,17.425,9.399
334.9,Flowing,SMALL_LEAK,499.37,495.24,49.999,42.036,33.874,25.872,17.386,9.382
335.0,Flowing,SMALL_LEAK,501.61,495.46,49.797,41.887,34.075,25.787,17.476,9.278
335.1,Flowing,SMALL_LEAK,500.64,495.96,49.957,41.99,34.049,25.679,17.386,9.328
335.2,Flowing,SMALL_LEAK,498.13,495.11,49.911,41.844,33.972,25.693,17.535,9.238
335.3,Flowing,SMALL_LEAK,499.84,493.37,49.986,41.842,33.881,25.686,17.644,9.368
335.4,Flowing,SMALL_LEAK,497.66,496.23,50.032,42.059,34.234,25.703,17.614,9.381
335.5,Flowing,SMALL_LEAK,498.6,494.75,50.025,42.087,33.911,25.655,17.521,9.28
335.6,Flowing,SMALL_LEAK,498.68,494.73,49.969,42.069,33.906,25.666,17.504,9.272
335.7,Flowing,SMALL_LEAK,499.23,493.99,49.79,41.897,33.998,25.8,17.393,9.192
335.8,Flowing,SMALL_LEAK,499.68,495.15,49.944,41.776,33.906,25.541,17.59,9.218
335.9,Flowing,SMALL_LEAK,500.2,496.0,50.073,42.03,33.889,25.589,17.46,9.267
336.0,Flowing,SMALL_LEAK,500.14,493.15,49.968,41.878,34.0,25.691,17.443,9.213
336.1,Flowing,SMALL_LEAK,499.97,494.77,49.924,41.874,33.944,25.672,17.486,9.406
336.2,Flowing,SMALL_LEAK,500.4,493.43,49.927,42.018,33.956,25.641,17.45,9.255
336.3,Flowing,SMALL_LEAK,498.5,490.88,49.959,41.86,33.82,25.707,17.527,9.315
336.4,Flowing,SMALL_LEAK,500.09,491.49,49.948,41.997,33.993,25.713,17.381,9.162
336.5,Flowing,SMALL_LEAK,501.72,493.58,49.904,41.934,33.916,25.495,17.583,9.223
336.6,Flowing,SMALL_LEAK,499.8,494.17,49.948,42.034,33.746,25.599,17.409,9.213
336.7,Flowing,SMALL_LEAK,500.59,493.58,49.919,42.049,33.987,25.712,17.439,9.123
336.8,Flowing,SMALL_LEAK,500.48,493.67,49.766,41.81,33.961,25.633,17.413,9.201
336.9,Flowing,SMALL_LEAK,501.03,495.75,50.092,41.865,34.005,25.625,17.42,9.319
337.0,Flowing,SMALL_LEAK,500.34,493.17,50.047,41.911,33.994,25.649,17.421,9.236
337.1,Flowing,SMALL_LEAK,501.01,492.11,49.874,41.905,33.883,25.687,17.407,9.111
337.2,Flowing,SMALL_LEAK,500.61,492.17,49.87,41.672,33.888,25.613,17.399,9.368
337.3,Flowing,SMALL_LEAK,500.79,494.18,49.973,41.969,33.796,25.576,17.366,9.142
337.4,Flowing,SMALL_LEAK,500.53,490.58,49.862,41.781,33.824,25.67,17.389,9.159
337.5,Flowing,SMALL_LEAK,498.79,493.49,49.925,42.018,33.925,25.638,17.327,9.146
337.6,Flowing,SMALL_LEAK,498.6,491.91,49.952,42.075,34.038,25.637,17.402,9.302
337.7,Flowing,SMALL_LEAK,499.58,490.79,49.987,41.74,33.839,25.612,17.242,9.113
337.8,Flowing,SMALL_LEAK,501.86,489.94,49.866,41.902,33.899,25.557,17.446,9.159
337.9,Flowing,SMALL_LEAK,499.79,493.35,49.89,41.813,34.003,25.521,17.288,9.192
338.0,Flowing,SMALL_LEAK,500.37,490.44,49.859,41.878,33.941,25.544,17.555,9.164
338.1,Flowing,SMALL_LEAK,497.64,491.43,49.968,41.764,33.85,25.478,17.289,9.198
338.2,Flowing,SMALL_LEAK,500.23,490.08,50.001,41.946,33.9,25.51,17.449,9.326
338.3,Flowing,SMALL_LEAK,500.1,493.51,49.928,41.992,33.944,25.615,17.262,9.116
338.4,Flowing,SMALL_LEAK,496.79,491.16,49.948,42.013,33.851,25.387,17.31,9.231
338.5,Flowing,SMALL_LEAK,500.35,489.32,49.788,41.821,33.927,25.536,17.393,9.047
338.6,Flowing,SMALL_LEAK,498.02,490.31,49.888,42.01,33.819,25.658,17.255,9.208
338.7,Flowing,SMALL_LEAK,499.13,492.39,49.883,41.821,33.873,25.579,17.334,9.224
338.8,Flowing,SMALL_LEAK,501.19,489.44,50.027,41.817,33.811,25.426,17.258,9.218
338.9,Flowing,SMALL_LEAK,500.19,490.07,49.956,41.867,33.91,25.637,17.478,9.146
339.0,Flowing,SMALL_LEAK,499.46,491.82,49.697,41.934,33.985,25.538,17.378,9.149
339.1,Flowing,SMALL_LEAK,499.36,490.7,49.81,41.838,33.883,25.6,17.254,9.151
339.2,Flowing,SMALL_LEAK,499.5,488.72,49.932,42.035,33.905,25.37,17.362,9.281
339.3,Flowing,SMALL_LEAK,500.19,490.35,49.964,41.844,33.82,25.429,17.465,9.079
339.4,Flowing,SMALL_LEAK,498.56,489.79,49.853,41.893,33.881,25.625,17.219,9.194
339.5,Flowing,SMALL_LEAK,501.35,489.93,49.915,42.002,34.032,25.502,17.27,9.1
339.6,Flowing,SMALL_LEAK,498.62,490.9,49.896,41.771,34.028,25.51,17.197,8.925
339.7,Flowing,SMALL_LEAK,497.93,489.94,49.717,41.965,33.853,25.449,17.324,9.044
339.8,Flowing,SMALL_LEAK,501.19,489.44,49.946,41.91,33.895,25.354,17.214,9.128
339.9,Flowing,SMALL_LEAK,499.48,489.27,49.846,41.997,34.089,25.528,17.394,9.133
340.0,Flowing,SMALL_LEAK,500.08,490.63,49.857,41.916,34.061,25.428,17.187,8.979
340.1,Flowing,SMALL_LEAK,500.79,488.36,49.882,41.819,34.033,25.482,17.343,9.041
340.2,Flowing,SMALL_LEAK,499.14,486.52,49.807,41.793,33.825,25.488,17.302,9.108
340.3,Flowing,SMALL_LEAK,500.16,488.74,49.778,41.897,33.815,25.487,17.293,8.961
340.4,Flowing,SMALL_LEAK,500.78,489.36,49.973,42.083,33.963,25.437,17.225,9.033
340.5,Flowing,SMALL_LEAK,501.97,488.3,49.834,41.915,33.804,25.294,17.263,9.047
340.6,Flowing,SMALL_LEAK,499.39,488.06,49.848,41.791,33.917,25.361,17.229,9.181
340.7,Flowing,SMALL_LEAK,499.44,488.15,49.945,41.783,33.791,25.447,17.125,8.875
340.8,Flowing,SMALL_LEAK,500.68,488.45,49.935,41.918,33.928,25.451,17.225,8.977
340.9,Flowing,SMALL_LEAK,500.25,486.82,49.932,42.013,33.851,25.343,17.134,8.956
341.0,Flowing,SMALL_LEAK,499.84,489.06,49.906,41.719,33.925,25.472,17.076,8.942
341.1,Flowing,SMALL_LEAK,501.91,484.97,49.895,41.878,33.931,25.404,17.316,8.989
341.2,Flowing,SMALL_LEAK,497.98,488.7,49.809,41.803,33.947,25.412,17.261,9.059
341.3,Flowing,SMALL_LEAK,498.29,488.32,49.725,41.796,33.805,25.34,17.171,9.085
341.4,Flowing,SMALL_LEAK,497.99,488.44,49.982,41.863,33.866,25.344,17.207,9.016
341.5,Flowing,SMALL_LEAK,501.44,485.42,49.95,41.949,33.701,25.383,17.306,8.96
341.6,Flowing,SMALL_LEAK,500.62,487.98,49.975,41.859,33.898,25.299,17.102,9.048
341.7,Flowing,SMALL_LEAK,498.36,486.87,49.954,41.885,33.785,25.389,17.286,9.124
341.8,Flowing,SMALL_LEAK,499.85,489.34,49.857,41.749,33.949,25.358,17.255,9.002
341.9,Flowing,SMALL_LEAK,499.97,487.74,49.81,41.886,33.986,25.363,17.092,8.848
342.0,Flowing,SMALL_LEAK,497.35,485.79,49.818,41.847,33.946,25.28,17.294,8.863
342.1,Flowing,SMALL_LEAK,500.23,485.06,50.066,42.017,33.89,25.233,17.161,8.934
342.2,Flowing,SMALL_LEAK,498.59,486.25,49.776,41.901,33.812,25.303,17.144,8.914
342.3,Flowing,SMALL_LEAK,500.85,487.85,50.043,41.834,33.912,25.367,17.183,8.989
342.4,Flowing,SMALL_LEAK,498.62,488.16,49.947,41.897,33.894,25.355,17.139,8.877
342.5,Flowing,SMALL_LEAK,500.26,486.88,49.87,41.894,33.907,25.359,17.126,8.94
342.6,Flowing,SMALL_LEAK,501.55,486.66,49.83,41.899,33.856,25.354,17.22,8.883
342.7,Flowing,SMALL_LEAK,501.17,486.05,49.921,41.876,34.035,25.318,17.191,8.936
342.8,Flowing,SMALL_LEAK,500.61,486.32,49.761,41.83,33.942,25.295,16.952,8.927
342.9,Flowing,SMALL_LEAK,499.9,487.7,49.784,41.882,33.995,25.387,17.248,8.88
343.0,Flowing,SMALL_LEAK,498.2,485.72,49.859,41.786,33.815,25.246,17.015,9.029
343.1,Flowing,SMALL_LEAK,499.47,486.82,49.702,41.979,33.969,25.355,17.026,8.788
343.2,Flowing,SMALL_LEAK,499.73,485.29,49.824,41.918,33.868,25.227,17.202,9.045
343.3,Flowing,SMALL_LEAK,499.64,487.03,49.849,41.876,33.746,25.272,17.146,8.933
343.4,Flowing,SMALL_LEAK,498.16,486.4,49.825,41.844,33.83,25.278,17.134,8.743
343.5,Flowing,SMALL_LEAK,500.52,486.77,49.859,41.893,33.819,25.257,17.059,8.857
343.6,Flowing,SMALL_LEAK,498.58,487.75,49.864,41.874,33.696,25.342,17.067,9.045
343.7,Flowing,SMALL_LEAK,501.86,482.29,49.768,41.794,33.847,25.318,16.929,8.819
343.8,Flowing,SMALL_LEAK,500.18,486.18,49.909,41.786,33.972,25.244,17.008,8.929
343.9,Flowing,SMALL_LEAK,501.18,485.74,49.99,41.894,33.962,25.409,17.001,8.95
344.0,Flowing,SMALL_LEAK,501.15,485.6,49.738,41.894,33.854,25.369,17.164,8.916
344.1,Flowing,SMALL_LEAK,502.49,485.25,49.883,41.9,33.864,25.26,17.18,8.99
344.2,Flowing,SMALL_LEAK,500.22,485.14,49.847,41.877,33.865,25.131,17.033,8.988
344.3,Flowing,SMALL_LEAK,499.53,485.15,49.797,42.026,33.951,25.287,17.1,8.782
344.4,Flowing,SMALL_LEAK,499.56,485.73,49.835,41.971,33.807,25.335,16.94,8.754
344.5,Flowing,SMALL_LEAK,501.8,485.52,50.007,41.854,33.812,25.354,17.145,8.919
344.6,Flowing,SMALL_LEAK,498.42,484.4,49.808,41.831,33.879,25.296,16.999,8.854
344.7,Flowing,SMALL_LEAK,498.95,484.1,49.874,41.956,33.913,25.114,17.018,8.761
344.8,Flowing,SMALL_LEAK,500.28,484.24,49.897,41.926,33.86,25.209,17.036,8.847
344.9,Flowing,SMALL_LEAK,499.82,483.61,49.8,41.754,33.687,25.326,17.065,8.854
345.0,Flowing,SMALL_LEAK,501.16,486.14,49.951,41.75,33.711,25.251,17.043,8.681
345.1,Flowing,SMALL_LEAK,498.39,482.48,49.879,41.818,33.785,25.193,16.825,8.773
345.2,Flowing,SMALL_LEAK,499.92,484.9,49.794,41.895,33.837,25.271,16.816,8.753
345.3,Flowing,SMALL_LEAK,499.78,484.89,49.894,41.825,33.918,25.076,17.078,8.769
345.4,Flowing,SMALL_LEAK,498.71,483.36,49.791,41.929,33.943,25.303,17.183,8.921
345.5,Flowing,SMALL_LEAK,501.05,484.36,49.786,41.861,33.821,25.382,17.108,8.805
345.6,Flowing,SMALL_LEAK,499.89,485.52,49.92,41.751,33.87,25.145,16.885,8.883
345.7,Flowing,SMALL_LEAK,499.84,483.6,49.923,41.887,33.835,25.119,16.927,8.742
345.8,Flowing,SMALL_LEAK,499.01,485.57,49.831,41.936,33.935,25.088,16.965,8.762
345.9,Flowing,SMALL_LEAK,499.56,485.34,49.647,41.895,33.83,25.211,17.128,8.827
346.0,Flowing,SMALL_LEAK,498.77,483.15,49.816,41.896,33.935,25.244,17.075,8.808
346.1,Flowing,SMALL_LEAK,501.04,482.67,49.843,41.859,33.79,25.175,17.13,8.981
346.2,Flowing,SMALL_LEAK,501.24,484.2,49.977,41.744,33.736,25.125,17.031,8.595
346.3,Flowing,SMALL_LEAK,502.02,482.51,49.803,41.963,33.929,25.179,16.985,8.865
346.4,Flowing,SMALL_LEAK,500.52,480.51,49.925,41.807,33.831,25.175,16.913,8.802
346.5,Flowing,SMALL_LEAK,499.59,483.41,49.826,41.749,33.902,25.259,17.076,8.759
346.6,Flowing,SMALL_LEAK,499.44,486.61,49.691,41.887,33.797,25.149,16.919,8.798
346.7,Flowing,SMALL_LEAK,500.59,483.46,49.976,41.81,33.763,25.272,17.034,8.65
346.8,Flowing,SMALL_LEAK,500.24,484.46,49.903,42.02,33.642,25.121,16.792,8.814
346.9,Flowing,SMALL_LEAK,499.79,484.84,49.929,41.858,33.961,25.286,17.156,8.913
347.0,Flowing,SMALL_LEAK,499.69,483.95,49.818,41.855,33.781,25.202,17.025,8.813
347.1,Flowing,SMALL_LEAK,501.41,483.6,49.957,41.824,33.775,25.15,17.072,8.708
347.2,Flowing,SMALL_LEAK,499.48,485.47,49.834,41.956,33.873,25.214,17.017,8.738
347.3,Flowing,SMALL_LEAK,501.62,484.05,49.781,41.834,33.872,25.296,17.027,8.928
347.4,Flowing,SMALL_LEAK,500.22,483.89,49.978,41.914,33.948,25.141,16.928,8.861
347.5,Flowing,SMALL_LEAK,499.56,484.96,49.743,41.827,33.912,25.333,17.0,8.768
347.6,Flowing,SMALL_LEAK,499.06,482.76,49.876,41.764,33.836,25.219,17.018,8.827
347.7,Flowing,SMALL_LEAK,499.81,482.48,49.783,41.792,33.79,25.09,17.047,8.892
347.8,Flowing,SMALL_LEAK,500.6,482.05,49.914,41.829,33.785,25.28,17.071,8.837
347.9,Flowing,SMALL_LEAK,499.55,484.68,49.99,41.848,33.829,25.188,16.895,8.873
348.0,Flowing,SMALL_LEAK,501.02,483.8,49.842,41.891,33.997,25.189,16.833,8.858
348.1,Flowing,SMALL_LEAK,499.49,484.99,49.863,41.791,33.882,25.283,16.944,8.796
348.2,Flowing,SMALL_LEAK,499.85,484.06,49.968,41.792,33.855,25.01,16.901,8.833
348.3,Flowing,SMALL_LEAK,498.46,482.35,49.948,41.741,33.856,25.19,17.096,8.723
348.4,Flowing,SMALL_LEAK,500.67,483.57,49.884,41.798,33.868,25.226,17.0,8.858
348.5,Flowing,SMALL_LEAK,499.68,485.08,49.853,41.839,33.821,25.226,17.038,8.741
348.6,Flowing,SMALL_LEAK,501.89,483.69,49.822,41.766,33.847,25.173,17.082,8.874
348.7,Flowing,SMALL_LEAK,500.85,485.42,49.776,41.85,33.901,25.206,16.962,8.733
348.8,Flowing,SMALL_LEAK,500.1,483.46,49.918,41.922,33.833,25.281,16.783,8.926
348.9,Flowing,SMALL_LEAK,501.47,484.86,49.837,41.861,33.824,25.332,16.935,8.938
349.0,Flowing,SMALL_LEAK,500.49,481.86,49.882,41.9,33.824,25.115,17.094,8.845
349.1,Flowing,SMALL_LEAK,501.21,483.73,49.959,41.834,33.816,25.331,17.173,8.821
349.2,Flowing,SMALL_LEAK,498.97,483.54,49.79,41.915,33.83,25.268,16.999,8.945
349.3,Flowing,SMALL_LEAK,500.55,482.32,49.794,41.888,33.811,25.197,16.987,8.879
349.4,Flowing,SMALL_LEAK,500.6,485.33,49.923,41.895,33.841,25.231,17.092,8.894
349.5,Flowing,SMALL_LEAK,498.15,483.23,49.635,41.828,33.832,25.274,17.015,8.878
349.6,Flowing,SMALL_LEAK,501.81,483.11,49.764,41.871,33.922,25.102,17.221,8.915
349.7,Flowing,SMALL_LEAK,498.61,485.56,49.85,41.784,33.836,25.227,17.055,8.94
349.8,Flowing,SMALL_LEAK,498.44,484.19,49.812,41.895,33.747,25.187,17.05,8.875
349.9,Flowing,SMALL_LEAK,496.58,484.94,49.79,41.815,33.967,25.313,17.037,8.641
350.0,Flowing,SMALL_LEAK,500.57,481.96,50.051,41.848,33.825,25.178,17.05,8.851
350.1,Flowing,SMALL_LEAK,498.03,483.04,49.926,41.776,33.825,25.382,17.038,8.806
350.2,Flowing,SMALL_LEAK,499.38,486.5,49.775,41.89,33.932,25.29,16.999,8.849
350.3,Flowing,SMALL_LEAK,501.01,485.02,49.984,41.936,33.787,25.016,17.044,8.884
350.4,Flowing,SMALL_LEAK,500.23,482.71,49.763,41.849,33.829,25.228,16.976,8.923
350.5,Flowing,SMALL_LEAK,499.25,484.27,49.862,41.78,33.923,25.119,17.123,8.899
350.6,Flowing,SMALL_LEAK,498.09,482.81,49.961,41.837,33.81,25.227,17.013,8.768
350.7,Flowing,SMALL_LEAK,499.87,485.67,49.806,41.821,33.756,25.274,17.016,8.795
350.8,Flowing,SMALL_LEAK,501.03,481.28,49.761,41.757,34.005,25.17,17.069,8.833
350.9,Flowing,SMALL_LEAK,500.84,484.33,49.628,41.993,33.905,25.159,17.018,8.728
351.0,Flowing,SMALL_LEAK,502.14,484.31,49.996,41.777,33.808,25.162,17.026,8.93
351.1,Flowing,SMALL_LEAK,499.22,482.66,49.993,41.818,33.88,25.227,16.941,9.014
351.2,Flowing,SMALL_LEAK,498.42,483.67,49.959,41.865,33.977,25.317,17.027,8.846
351.3,Flowing,SMALL_LEAK,500.37,484.45,49.971,41.774,33.984,25.202,17.142,8.82
351.4,Flowing,SMALL_LEAK,500.25,481.87,49.877,41.847,33.807,25.198,17.13,8.635
351.5,Flowing,SMALL_LEAK,499.99,482.46,49.751,41.792,33.764,25.341,17.121,8.867
351.6,Flowing,SMALL_LEAK,499.1,483.81,49.799,41.957,33.723,25.391,16.965,8.799
351.7,Flowing,SMALL_LEAK,496.82,483.0,49.816,41.764,34.004,25.283,17.117,8.722
351.8,Flowing,SMALL_LEAK,498.79,483.44,49.864,41.892,33.872,25.127,17.106,8.83
351.9,Flowing,SMALL_LEAK,500.67,483.98,49.774,41.702,33.899,25.416,16.939,8.834
352.0,Flowing,SMALL_LEAK,500.34,482.91,49.939,41.748,33.812,25.151,17.099,8.926
352.1,Flowing,SMALL_LEAK,501.16,483.97,49.863,41.783,33.815,25.17,16.942,8.812
352.2,Flowing,SMALL_LEAK,500.41,484.36,49.896,41.889,33.849,25.225,17.013,8.716
352.3,Flowing,SMALL_LEAK,500.88,484.93,49.863,41.803,33.742,25.25,16.971,8.838
352.4,Flowing,SMALL_LEAK,500.92,482.51,49.918,41.774,33.857,25.075,17.143,8.711
352.5,Flowing,SMALL_LEAK,500.02,483.25,49.809,41.957,33.831,25.124,17.077,8.875
352.6,Flowing,SMALL_LEAK,500.03,484.71,49.799,41.808,33.815,25.203,16.869,8.805
352.7,Flowing,SMALL_LEAK,496.51,482.22,49.993,41.778,33.803,25.125,17.069,8.916
352.8,Flowing,SMALL_LEAK,499.21,484.13,49.944,41.75,33.89,25.335,17.061,8.858
352.9,Flowing,SMALL_LEAK,499.26,484.03,49.812,41.868,33.949,25.246,16.92,8.784
353.0,Flowing,SMALL_LEAK,499.87,480.9,49.947,41.876,33.86,25.176,17.115,8.953
353.1,Flowing,SMALL_LEAK,498.88,483.41,49.951,41.965,33.821,25.18,17.007,8.823
353.2,Flowing,SMALL_LEAK,501.13,484.4,49.964,41.943,33.893,25.106,16.885,8.839
353.3,Flowing,SMALL_LEAK,498.94,483.75,49.92,41.844,34.003,25.133,16.923,8.767
353.4,Flowing,SMALL_LEAK,501.32,483.43,49.794,41.892,33.816,25.096,17.091,8.679
353.5,Flowing,SMALL_LEAK,498.85,484.19,49.764,41.72,33.867,25.235,17.173,8.893
353.6,Flowing,SMALL_LEAK,499.28,485.19,49.965,41.873,33.772,25.23,17.067,8.876
353.7,Flowing,SMALL_LEAK,499.18,484.65,49.812,41.889,33.775,25.137,16.931,8.822
353.8,Flowing,SMALL_LEAK,499.4,483.09,49.756,41.816,33.922,25.138,16.98,8.826
353.9,Flowing,SMALL_LEAK,501.41,482.25,49.87,41.81,33.913,25.267,17.111,8.813
354.0,Flowing,SMALL_LEAK,499.61,484.62,49.809,41.795,33.875,25.19,16.974,8.784
354.1,Flowing,SMALL_LEAK,499.64,482.59,49.795,41.866,33.737,25.244,17.074,8.774
354.2,Flowing,SMALL_LEAK,499.11,483.37,50.004,41.851,33.725,25.198,17.025,8.856
354.3,Flowing,SMALL_LEAK,499.69,484.24,49.829,41.769,33.762,25.168,16.975,8.729
354.4,Flowing,SMALL_LEAK,500.26,485.38,49.791,41.903,33.982,25.28,17.124,8.898
354.5,Flowing,SMALL_LEAK,499.74,485.54,49.917,41.823,33.861,25.186,17.002,8.825
354.6,Flowing,SMALL_LEAK,499.82,484.07,49.907,41.884,33.837,25.224,17.055,8.873
354.7,Flowing,SMALL_LEAK,501.22,483.39,49.728,41.764,33.939,25.215,16.986,8.799
354.8,Flowing,SMALL_LEAK,500.33,482.56,49.829,41.895,33.761,25.222,17.04,8.852
354.9,Flowing,SMALL_LEAK,498.62,486.35,49.868,41.891,33.804,25.145,17.217,8.796
355.0,Flowing,SMALL_LEAK,499.9,483.65,49.835,41.904,33.978,25.176,16.94,8.721
355.1,Flowing,SMALL_LEAK,499.35,484.81,49.977,41.767,33.848,25.142,16.904,8.797
355.2,Flowing,SMALL_LEAK,500.63,484.24,49.775,41.795,34.01,25.254,17.095,8.886
355.3,Flowing,SMALL_LEAK,500.12,483.41,49.842,41.815,33.87,25.233,16.974,8.83
355.4,Flowing,SMALL_LEAK,501.36,483.35,49.793,41.836,33.823,25.118,16.832,8.745
355.5,Flowing,SMALL_LEAK,499.11,482.34,49.994,41.825,33.912,25.05,16.939,8.712
355.6,Flowing,SMALL_LEAK,499.77,485.35,49.834,42.044,33.887,25.356,17.0,8.929
355.7,Flowing,SMALL_LEAK,498.72,483.86,50.016,41.841,33.807,25.115,16.995,8.827
355.8,Flowing,SMALL_LEAK,499.95,485.72,50.012,41.746,33.855,25.075,16.986,8.845
355.9,Flowing,SMALL_LEAK,498.16,483.46,49.891,41.897,33.882,25.266,17.024,8.736
356.0,Flowing,SMALL_LEAK,500.39,483.64,49.702,41.806,33.839,25.32,17.012,8.804
356.1,Flowing,SMALL_LEAK,499.93,482.64,49.881,41.828,33.915,25.378,17.195,8.828
356.2,Flowing,SMALL_LEAK,500.19,483.63,49.877,41.976,33.838,25.274,16.929,8.795
356.3,Flowing,SMALL_LEAK,500.95,482.51,49.942,41.793,33.84,25.094,17.18,8.921
356.4,Flowing,SMALL_LEAK,500.27,484.48,49.865,41.891,33.882,25.331,16.978,8.879
356.5,Flowing,SMALL_LEAK,498.47,484.13,49.936,41.947,33.669,25.172,16.938,8.832
356.6,Flowing,SMALL_LEAK,499.33,485.77,49.689,41.686,34.024,25.269,17.03,8.849
356.7,Flowing,SMALL_LEAK,499.9,482.25,49.862,41.93,33.799,25.235,17.038,8.736
356.8,Flowing,SMALL_LEAK,499.61,485.46,49.952,41.814,33.931,25.229,17.151,8.737
356.9,Flowing,SMALL_LEAK,499.75,482.83,49.763,41.778,33.861,25.343,17.147,8.635
357.0,Flowing,SMALL_LEAK,501.95,484.41,49.87,41.593,33.914,25.309,17.017,8.827
357.1,Flowing,SMALL_LEAK,500.12,482.63,49.856,41.787,33.885,25.201,17.094,8.811
357.2,Flowing,SMALL_LEAK,500.46,484.24,49.781,41.727,33.701,25.325,16.983,8.847
357.3,Flowing,SMALL_LEAK,497.59,480.99,49.993,41.805,33.8,25.209,17.022,8.971
357.4,Flowing,SMALL_LEAK,500.9,483.2,49.975,41.9,33.966,25.206,17.044,8.796
357.5,Flowing,SMALL_LEAK,503.42,484.13,49.747,41.946,33.893,25.221,17.02,8.7
357.6,Flowing,SMALL_LEAK,501.61,486.11,49.772,41.877,33.808,25.203,17.012,8.765
357.7,Flowing,SMALL_LEAK,499.47,481.45,49.773,41.721,33.838,25.269,16.889,8.818
357.8,Flowing,SMALL_LEAK,502.74,484.0,49.872,41.771,33.964,25.189,17.012,8.807
357.9,Flowing,SMALL_LEAK,500.03,483.38,49.708,41.931,33.774,25.201,17.068,8.937
358.0,Flowing,SMALL_LEAK,500.37,481.7,49.764,41.814,33.961,25.257,17.074,8.736
358.1,Flowing,SMALL_LEAK,499.68,482.65,49.82,41.837,33.781,25.086,16.979,8.928
358.2,Flowing,SMALL_LEAK,499.65,483.43,49.855,41.96,33.864,25.159,17.122,8.837
358.3,Flowing,SMALL_LEAK,497.3,484.56,49.927,41.765,33.933,25.306,17.043,8.755
358.4,Flowing,SMALL_LEAK,500.94,484.11,49.846,41.899,33.869,25.268,17.101,8.768
358.5,Flowing,SMALL_LEAK,499.64,482.43,49.758,41.847,33.824,25.283,16.934,8.902
358.6,Flowing,SMALL_LEAK,499.77,481.8,49.958,41.85,33.855,25.159,16.977,8.787
358.7,Flowing,SMALL_LEAK,500.33,484.5,49.965,41.844,33.744,25.24,17.086,8.818
358.8,Flowing,SMALL_LEAK,499.5,483.77,49.968,41.912,33.766,25.176,17.038,8.687
358.9,Flowing,SMALL_LEAK,500.32,485.93,49.877,41.709,33.932,25.293,17.06,8.766
359.0,Flowing,SMALL_LEAK,501.44,483.58,49.864,41.809,33.768,25.193,17.076,8.824
359.1,Flowing,SMALL_LEAK,500.49,485.37,49.966,41.911,33.903,25.091,16.997,8.735
359.2,Flowing,SMALL_LEAK,499.82,484.65,49.835,41.795,33.82,25.305,17.058,8.901
359.3,Flowing,SMALL_LEAK,499.85,484.99,49.722,41.855,33.927,25.341,16.896,8.792
359.4,Flowing,SMALL_LEAK,500.24,484.52,49.933,41.835,33.777,25.096,16.944,8.685
359.5,Flowing,SMALL_LEAK,499.0,484.55,49.855,41.922,33.749,25.241,17.088,8.82
359.6,Flowing,SMALL_LEAK,500.25,481.25,49.721,41.881,33.846,25.207,16.976,8.827
359.7,Flowing,SMALL_LEAK,500.82,483.72,49.891,42.041,33.859,25.341,17.049,8.812
359.8,Flowing,SMALL_LEAK,500.11,483.2,49.862,41.752,33.874,25.061,16.951,8.829
359.9,Flowing,SMALL_LEAK,499.49,485.52,49.946,41.964,33.831,25.232,17.099,8.714
360.0,Flowing,SMALL_LEAK,499.66,482.8,49.882,41.784,33.836,25.183,17.055,8.864
360.1,Flowing,SMALL_LEAK,500.78,483.66,49.921,41.878,33.864,25.368,16.898,8.956
360.2,Flowing,SMALL_LEAK,498.68,484.96,49.827,41.896,33.824,25.164,17.059,8.903
360.3,Flowing,SMALL_LEAK,499.02,484.36,49.888,41.807,34.139,25.316,17.095,8.792
360.4,Flowing,SMALL_LEAK,498.07,484.2,49.8,41.828,33.937,25.141,16.935,8.863
360.5,Flowing,SMALL_LEAK,500.04,485.33,49.876,41.788,33.763,25.335,17.049,8.711
360.6,Flowing,SMALL_LEAK,501.03,484.31,49.747,41.821,33.909,25.268,17.111,8.701
360.7,Flowing,SMALL_LEAK,501.6,483.35,49.868,41.964,33.957,25.249,17.208,8.869
360.8,Flowing,SMALL_LEAK,501.86,482.44,49.933,41.854,33.788,25.15,17.035,8.803
360.9,Flowing,SMALL_LEAK,499.17,484.58,49.709,41.768,33.825,25.278,17.019,8.814
361.0,Flowing,SMALL_LEAK,500.3,483.08,49.771,41.852,33.956,25.232,16.899,8.72
361.1,Flowing,SMALL_LEAK,499.52,483.71,49.897,41.832,33.844,25.171,17.06,8.796
361.2,Flowing,SMALL_LEAK,501.98,485.29,49.835,41.782,33.924,25.202,17.069,8.725
361.3,Flowing,SMALL_LEAK,501.56,483.73,49.989,41.952,33.697,25.156,17.058,8.714
361.4,Flowing,SMALL_LEAK,500.2,483.47,49.839,41.884,33.835,25.263,16.965,8.64
361.5,Flowing,SMALL_LEAK,499.26,483.66,49.929,41.928,34.05,25.043,17.08,8.663
361.6,Flowing,SMALL_LEAK,495.86,483.7,49.991,41.889,33.774,25.282,16.976,8.844
361.7,Flowing,SMALL_LEAK,498.28,482.81,49.866,41.99,33.995,25.172,17.105,8.848
361.8,Flowing,SMALL_LEAK,497.78,486.01,49.737,41.794,34.037,25.249,17.1,8.803
361.9,Flowing,SMALL_LEAK,498.26,483.34,49.807,41.852,33.829,25.101,16.94,8.877
362.0,Flowing,SMALL_LEAK,502.25,484.94,49.82,41.852,33.869,25.245,17.112,8.732
362.1,Flowing,SMALL_LEAK,498.45,482.78,49.896,41.91,33.929,25.107,17.04,8.957
362.2,Flowing,SMALL_LEAK,498.73,484.66,49.842,41.889,33.912,25.138,17.167,8.86
362.3,Flowing,SMALL_LEAK,498.9,484.2,49.892,41.717,33.914,25.261,17.15,8.795
362.4,Flowing,SMALL_LEAK,503.12,484.03,49.771,41.795,33.81,25.13,17.123,8.926
362.5,Flowing,SMALL_LEAK,499.93,484.21,49.834,41.819,33.705,25.276,17.152,8.769
362.6,Flowing,SMALL_LEAK,501.19,484.5,49.841,41.885,33.988,25.236,17.036,8.834
362.7,Flowing,SMALL_LEAK,500.21,483.73,49.736,41.734,33.785,25.301,16.993,8.778
362.8,Flowing,SMALL_LEAK,497.62,483.79,49.806,41.839,33.986,25.208,16.957,8.822
362.9,Flowing,SMALL_LEAK,501.84,484.69,49.99,41.81,33.756,25.18,17.03,8.875
363.0,Flowing,SMALL_LEAK,500.48,482.63,49.931,41.766,33.774,25.194,17.075,8.719
363.1,Flowing,SMALL_LEAK,499.85,482.44,49.801,41.803,33.925,25.262,17.092,8.927
363.2,Flowing,SMALL_LEAK,502.11,484.21,49.826,41.755,33.756,25.073,16.983,8.789
363.3,Flowing,SMALL_LEAK,499.58,481.59,49.913,41.851,33.811,25.211,16.937,8.902
363.4,Flowing,SMALL_LEAK,499.83,481.98,49.787,41.759,33.915,25.266,16.882,8.888
363.5,Flowing,SMALL_LEAK,499.59,486.17,49.791,41.82,33.865,25.267,17.056,8.816
363.6,Flowing,SMALL_LEAK,501.29,485.86,49.816,41.883,33.841,25.364,17.067,8.746
363.7,Flowing,SMALL_LEAK,500.98,483.32,49.812,41.854,33.954,25.333,16.988,8.745
363.8,Flowing,SMALL_LEAK,500.33,485.2,49.765,41.87,34.034,25.263,16.892,8.762
363.9,Flowing,SMALL_LEAK,498.74,485.24,49.8,41.784,33.819,25.25,17.075,8.907
364.0,Flowing,SMALL_LEAK,499.56,484.57,49.892,41.694,33.765,25.207,17.032,8.889
364.1,Flowing,SMALL_LEAK,498.74,483.91,49.853,41.854,33.869,25.2,17.027,8.91
364.2,Flowing,SMALL_LEAK,501.39,484.75,49.843,41.848,33.847,25.324,16.931,8.962
364.3,Flowing,SMALL_LEAK,498.11,484.96,49.756,41.798,33.91,25.302,16.908,8.733
364.4,Flowing,SMALL_LEAK,501.91,484.77,49.872,42.038,33.95,25.2,16.826,8.827
364.5,Flowing,SMALL_LEAK,501.55,482.14,49.879,41.819,33.782,25.233,16.945,8.97
364.6,Flowing,SMALL_LEAK,498.9,486.44,49.971,41.903,33.857,25.167,17.018,8.951
364.7,Flowing,SMALL_LEAK,499.5,486.88,49.919,41.866,33.924,25.264,17.052,8.898
364.8,Flowing,SMALL_LEAK,499.15,481.71,49.891,41.919,33.863,25.2,16.976,8.767
364.9,Flowing,SMALL_LEAK,500.52,484.61,49.722,41.777,33.775,25.179,17.145,8.807
365.0,Flowing,SMALL_LEAK,501.69,486.45,49.869,41.872,33.977,25.174,17.002,8.812
365.1,Flowing,SMALL_LEAK,501.42,485.2,49.941,41.958,33.888,25.319,17.034,8.806
365.2,Flowing,SMALL_LEAK,499.48,485.22,49.944,41.889,33.791,25.3,17.003,8.794
365.3,Flowing,SMALL_LEAK,501.51,482.27,49.921,41.843,33.881,25.273,16.957,8.851
365.4,Flowing,SMALL_LEAK,501.41,484.95,49.958,41.773,33.886,25.154,17.102,8.901
365.5,Flowing,SMALL_LEAK,499.77,484.29,49.822,42.027,33.939,25.277,17.072,8.899
365.6,Flowing,SMALL_LEAK,499.99,484.94,49.77,41.866,33.881,25.188,17.057,8.919
365.7,Flowing,SMALL_LEAK,501.85,482.76,49.816,41.846,33.784,25.077,17.082,8.818
365.8,Flowing,SMALL_LEAK,501.27,482.71,49.854,41.771,33.835,25.308,17.02,8.822
365.9,Flowing,SMALL_LEAK,501.47,483.83,49.867,41.751,33.9,25.12,16.945,8.736
366.0,Flowing,SMALL_LEAK,503.1,483.54,49.836,41.822,33.85,25.148,17.1,8.887
366.1,Flowing,SMALL_LEAK,500.66,483.81,49.836,41.812,33.804,25.195,16.908,8.743
366.2,Flowing,SMALL_LEAK,500.39,483.42,49.919,41.874,33.981,25.196,16.991,8.787
366.3,Flowing,SMALL_LEAK,501.63,483.76,49.824,41.797,33.872,25.222,16.979,8.92
366.4,Flowing,SMALL_LEAK,502.39,483.2,50.002,41.943,33.895,25.281,17.169,8.881
366.5,Flowing,SMALL_LEAK,499.27,483.94,49.803,41.881,33.9,25.14,16.997,8.908
366.6,Flowing,SMALL_LEAK,499.76,482.29,49.704,41.75,33.836,25.248,16.911,8.81
366.7,Flowing,SMALL_LEAK,498.78,484.62,49.942,41.855,33.925,25.173,16.955,8.888
366.8,Flowing,SMALL_LEAK,500.41,484.31,49.88,41.755,33.786,25.345,16.946,8.895
366.9,Flowing,SMALL_LEAK,501.07,482.49,49.812,41.85,33.874,25.052,16.903,8.827
367.0,Flowing,SMALL_LEAK,498.86,485.59,49.792,41.93,33.722,25.265,16.91,8.792
367.1,Flowing,SMALL_LEAK,501.36,483.01,49.765,42.002,33.743,25.21,16.882,8.948
367.2,Flowing,SMALL_LEAK,499.46,485.43,49.882,41.861,33.968,25.232,17.038,8.831
367.3,Flowing,SMALL_LEAK,499.36,484.4,49.895,41.811,33.833,25.285,17.042,8.811
367.4,Flowing,SMALL_LEAK,501.36,485.2,49.738,41.97,33.797,25.299,17.034,8.717
367.5,Flowing,SMALL_LEAK,499.25,484.21,49.95,41.87,33.957,25.205,17.076,8.679
367.6,Flowing,SMALL_LEAK,498.32,484.68,49.81,41.748,33.82,25.258,16.972,8.889
367.7,Flowing,SMALL_LEAK,500.89,485.19,49.781,41.921,33.955,25.301,16.992,8.65
367.8,Flowing,SMALL_LEAK,499.84,486.29,49.897,41.84,33.772,25.175,17.135,8.729
367.9,Flowing,SMALL_LEAK,501.44,485.29,49.887,41.867,33.821,25.272,17.151,8.796
368.0,Flowing,SMALL_LEAK,501.0,484.54,49.831,41.9,33.923,25.21,16.996,8.643
368.1,Flowing,SMALL_LEAK,497.9,482.38,49.788,41.759,33.905,25.2,16.997,8.819
368.2,Flowing,SMALL_LEAK,501.58,481.1,49.78,41.974,33.954,25.349,17.075,8.818
368.3,Flowing,SMALL_LEAK,502.28,483.84,49.979,41.796,33.78,25.172,17.062,8.759
368.4,Flowing,SMALL_LEAK,501.24,483.14,49.838,41.722,33.888,25.099,16.945,8.917
368.5,Flowing,SMALL_LEAK,501.29,483.19,49.944,41.88,33.872,25.178,16.958,8.791
368.6,Flowing,SMALL_LEAK,499.7,483.9,49.729,41.87,33.854,25.145,17.145,8.869
368.7,Flowing,SMALL_LEAK,499.43,484.8,49.905,41.811,33.85,25.27,17.032,8.948
368.8,Flowing,SMALL_LEAK,500.25,483.25,49.834,41.81,33.901,25.119,17.094,8.716
368.9,Flowing,SMALL_LEAK,501.1,485.07,49.901,41.798,33.888,25.293,17.032,8.724
369.0,Flowing,SMALL_LEAK,501.07,484.04,49.778,41.792,33.698,25.31,17.029,8.729
369.1,Flowing,SMALL_LEAK,499.47,484.05,49.966,41.794,33.87,25.154,16.859,8.711
369.2,Flowing,SMALL_LEAK,499.35,486.25,49.814,41.922,33.878,25.231,16.859,8.922
369.3,Flowing,SMALL_LEAK,498.21,484.21,49.868,41.84,33.941,25.32,17.112,8.8
369.4,Flowing,SMALL_LEAK,500.78,483.94,49.77,41.929,33.741,25.376,17.022,8.735
369.5,Flowing,SMALL_LEAK,499.53,484.63,49.751,41.748,33.861,25.219,16.921,8.791
369.6,Flowing,SMALL_LEAK,499.64,486.16,49.741,41.897,33.846,25.19,16.917,8.796
369.7,Flowing,SMALL_LEAK,502.07,483.94,49.817,41.875,33.863,25.283,16.981,8.671
369.8,Flowing,SMALL_LEAK,500.72,484.53,49.929,41.775,33.761,25.217,17.044,8.778
369.9,Flowing,SMALL_LEAK,500.39,483.87,49.807,41.819,33.963,25.22,16.943,8.743
370.0,Flowing,SMALL_LEAK,501.0,483.88,49.83,41.869,33.889,25.23,16.953,8.786
370.1,Flowing,SMALL_LEAK,501.7,483.41,49.909,41.758,33.813,25.268,17.09,8.805
370.2,Flowing,SMALL_LEAK,498.06,483.33,49.817,41.744,33.892,25.326,17.225,8.851
370.3,Flowing,SMALL_LEAK,499.32,486.04,49.846,41.776,33.7,25.234,17.208,8.922
370.4,Flowing,SMALL_LEAK,499.72,483.34,49.939,41.87,33.879,25.026,17.081,8.774
370.5,Flowing,SMALL_LEAK,498.83,482.15,49.794,41.824,33.821,25.163,17.021,8.775
370.6,Flowing,SMALL_LEAK,499.68,484.15,49.858,41.731,33.833,25.132,16.969,8.831
370.7,Flowing,SMALL_LEAK,498.14,485.22,49.722,41.784,33.896,25.107,17.162,8.916
370.8,Flowing,SMALL_LEAK,501.11,485.49,49.81,41.787,33.866,25.104,16.86,8.783
370.9,Flowing,SMALL_LEAK,499.38,482.57,49.839,41.858,33.801,25.322,16.9,8.729
371.0,Flowing,SMALL_LEAK,500.24,485.34,49.889,41.757,33.754,25.23,16.936,8.809
371.1,Flowing,SMALL_LEAK,500.06,486.47,49.794,41.781,33.682,25.231,16.92,8.807
371.2,Flowing,SMALL_LEAK,500.67,483.18,49.809,41.833,33.838,25.235,16.962,8.919
371.3,Flowing,SMALL_LEAK,497.05,483.79,49.702,41.832,33.917,25.258,16.942,8.755
371.4,Flowing,SMALL_LEAK,500.54,482.52,49.769,41.898,33.791,25.24,17.041,9.009
371.5,Flowing,SMALL_LEAK,499.67,486.22,49.875,41.785,33.733,25.198,17.01,8.643
371.6,Flowing,SMALL_LEAK,500.49,482.21,49.793,41.874,33.807,25.297,16.895,8.874
371.7,Flowing,SMALL_LEAK,498.58,483.52,49.923,41.927,33.725,25.245,16.966,8.708
371.8,Flowing,SMALL_LEAK,500.5,484.94,49.817,41.778,33.924,25.261,16.928,8.762
371.9,Flowing,SMALL_LEAK,501.56,483.18,49.82,41.844,33.931,25.275,17.024,8.799
372.0,Flowing,SMALL_LEAK,500.23,482.81,49.708,41.953,33.814,25.344,17.036,8.982
372.1,Flowing,SMALL_LEAK,499.14,483.94,49.899,41.735,33.801,25.206,16.95,8.79
372.2,Flowing,SMALL_LEAK,499.19,486.87,49.741,41.85,33.869,25.14,17.175,8.825
372.3,Flowing,SMALL_LEAK,500.69,483.69,49.785,41.72,33.855,25.199,17.083,8.809
372.4,Flowing,SMALL_LEAK,500.68,483.75,49.755,41.984,33.885,25.2,17.033,8.858
372.5,Flowing,SMALL_LEAK,500.43,482.66,49.736,41.863,33.814,25.261,16.961,8.772
372.6,Flowing,SMALL_LEAK,499.95,484.46,49.983,41.948,33.586,25.313,17.014,8.763
372.7,Flowing,SMALL_LEAK,500.24,485.06,49.769,41.774,33.796,25.13,16.912,8.737
372.8,Flowing,SMALL_LEAK,499.92,483.27,49.876,41.854,33.894,25.215,16.915,8.86
372.9,Flowing,SMALL_LEAK,499.54,484.64,49.77,41.902,33.757,25.165,16.991,8.874
373.0,Flowing,SMALL_LEAK,500.91,483.28,49.864,41.852,34.001,25.073,16.937,8.734
373.1,Flowing,SMALL_LEAK,500.37,481.73,49.708,41.792,33.905,25.173,16.993,8.682
373.2,Flowing,SMALL_LEAK,501.55,484.55,49.786,41.813,33.901,25.086,16.984,8.907
373.3,Flowing,SMALL_LEAK,501.34,486.49,49.814,41.681,33.952,25.279,17.09,8.68
373.4,Flowing,SMALL_LEAK,500.33,482.56,49.971,41.788,33.809,25.164,17.096,8.806
373.5,Flowing,SMALL_LEAK,500.71,484.22,49.889,41.856,33.842,25.144,17.165,8.703
373.6,Flowing,SMALL_LEAK,498.85,485.57,49.883,41.88,33.942,25.331,17.009,8.862
373.7,Flowing,SMALL_LEAK,499.91,483.88,49.991,41.845,33.765,25.189,16.916,8.85
373.8,Flowing,SMALL_LEAK,500.41,482.29,49.935,41.84,33.72,25.302,16.878,8.696
373.9,Flowing,SMALL_LEAK,498.1,484.05,49.836,41.87,33.884,25.215,17.161,8.825
374.0,Flowing,SMALL_LEAK,500.52,485.79,49.933,41.913,33.747,25.206,17.19,8.78
374.1,Flowing,SMALL_LEAK,498.85,483.39,49.796,41.864,33.813,25.157,16.981,8.935
374.2,Flowing,SMALL_LEAK,498.98,484.28,49.839,41.744,33.729,25.397,17.002,8.855
374.3,Flowing,SMALL_LEAK,499.36,482.74,49.788,41.876,33.967,25.168,17.057,8.708
374.4,Flowing,SMALL_LEAK,499.96,483.88,50.012,41.871,33.817,25.196,16.979,8.783
374.5,Flowing,SMALL_LEAK,498.41,484.46,49.654,41.842,33.839,25.259,16.978,8.758
374.6,Flowing,SMALL_LEAK,501.03,484.15,49.849,41.721,33.861,25.071,17.11,8.875
374.7,Flowing,SMALL_LEAK,500.21,483.48,49.776,41.903,33.859,25.139,16.858,8.845
374.8,Flowing,SMALL_LEAK,502.31,484.53,49.786,41.938,33.851,25.164,17.164,8.866
374.9,Flowing,SMALL_LEAK,500.36,484.8,49.558,41.811,33.739,25.156,17.008,8.848
375.0,Flowing,SMALL_LEAK,500.68,484.88,49.871,41.936,33.901,25.266,17.036,8.923
375.1,Flowing,SMALL_LEAK,498.98,483.65,49.825,41.827,33.698,25.304,17.014,9.055
375.2,Flowing,SMALL_LEAK,498.58,483.25,49.818,41.857,33.894,25.132,17.049,8.823
375.3,Flowing,SMALL_LEAK,500.74,486.36,49.826,41.944,33.778,25.242,17.136,8.763
375.4,Flowing,SMALL_LEAK,498.69,484.17,49.826,42.038,33.888,25.18,17.084,8.775
375.5,Flowing,SMALL_LEAK,500.77,483.69,49.725,41.96,33.762,25.416,16.981,8.991
375.6,Flowing,SMALL_LEAK,502.05,482.23,49.741,41.932,33.89,25.287,17.097,8.78
375.7,Flowing,SMALL_LEAK,501.13,482.88,49.745,41.846,33.868,25.182,17.042,8.846
375.8,Flowing,SMALL_LEAK,500.68,483.23,49.777,41.882,33.829,25.164,17.083,8.758
375.9,Flowing,SMALL_LEAK,500.32,484.53,49.813,41.856,33.96,25.235,17.062,8.796
376.0,Flowing,SMALL_LEAK,499.54,483.57,49.844,41.846,33.873,25.196,17.127,8.79
376.1,Flowing,SMALL_LEAK,499.86,484.02,49.713,42.069,33.824,25.325,17.132,8.896
376.2,Flowing,SMALL_LEAK,499.32,482.28,49.834,41.873,33.748,25.379,16.952,8.8
376.3,Flowing,SMALL_LEAK,498.42,485.69,49.858,41.841,33.797,25.332,17.096,8.846
376.4,Flowing,SMALL_LEAK,500.04,483.12,49.818,41.935,33.813,25.346,17.029,8.918
376.5,Flowing,SMALL_LEAK,501.33,484.28,49.841,41.856,33.948,25.396,17.145,8.89
376.6,Flowing,SMALL_LEAK,498.45,483.36,49.897,41.809,33.874,25.147,17.05,8.855
376.7,Flowing,SMALL_LEAK,501.68,483.62,49.693,41.853,33.883,25.213,17.049,8.713
376.8,Flowing,SMALL_LEAK,501.46,483.05,49.788,41.933,33.85,25.247,16.976,8.822
376.9,Flowing,SMALL_LEAK,500.48,484.36,49.666,41.918,33.995,25.135,16.945,8.855
377.0,Flowing,SMALL_LEAK,500.49,482.82,49.968,41.85,33.752,25.203,16.938,8.766
377.1,Flowing,SMALL_LEAK,499.78,484.38,49.826,41.776,33.788,25.226,17.037,8.706
377.2,Flowing,SMALL_LEAK,500.05,483.86,49.882,41.819,33.908,25.282,16.976,8.869
377.3,Flowing,SMALL_LEAK,499.44,484.76,49.783,41.956,33.786,25.248,17.005,8.739
377.4,Flowing,SMALL_LEAK,500.04,484.87,49.922,41.801,33.714,24.989,16.95,8.93
377.5,Flowing,SMALL_LEAK,500.17,483.62,49.951,41.793,33.82,25.183,16.913,8.744
377.6,Flowing,SMALL_LEAK,502.26,484.44,49.928,41.89,33.872,25.113,17.028,8.636
377.7,Flowing,SMALL_LEAK,500.68,483.46,49.917,41.871,33.742,25.349,16.876,8.862
377.8,Flowing,SMALL_LEAK,499.75,485.58,49.894,41.751,33.847,25.089,16.792,8.735
377.9,Flowing,SMALL_LEAK,499.88,483.57,49.801,41.902,33.855,25.227,16.939,8.778
378.0,Flowing,SMALL_LEAK,499.14,483.76,49.776,41.752,33.803,25.226,16.974,8.794
378.1,Flowing,SMALL_LEAK,499.34,483.44,49.906,41.81,33.743,25.265,17.041,8.846
378.2,Flowing,SMALL_LEAK,501.09,483.12,49.9,41.887,33.852,25.411,16.917,8.773
378.3,Flowing,SMALL_LEAK,499.41,486.44,49.927,41.861,33.911,25.234,17.13,8.739
378.4,Flowing,SMALL_LEAK,499.26,484.58,49.957,41.944,33.753,25.27,17.017,8.771
378.5,Flowing,SMALL_LEAK,499.29,484.08,49.699,41.769,33.907,25.285,17.003,8.885
378.6,Flowing,SMALL_LEAK,499.12,483.43,49.926,41.862,33.792,25.255,17.059,8.874
378.7,Flowing,SMALL_LEAK,501.35,485.34,49.919,41.741,33.809,25.068,17.08,8.803
378.8,Flowing,SMALL_LEAK,500.17,483.35,49.884,41.732,33.962,25.124,17.082,8.829
378.9,Flowing,SMALL_LEAK,499.66,484.14,49.835,41.828,33.799,25.324,17.021,8.718
379.0,Flowing,SMALL_LEAK,500.04,486.64,49.819,41.86,33.922,25.172,16.977,8.822
379.1,Flowing,SMALL_LEAK,500.26,482.85,49.92,41.74,33.89,25.183,16.994,8.98
379.2,Flowing,SMALL_LEAK,499.1,484.65,49.834,41.91,33.908,25.126,16.872,8.886
379.3,Flowing,SMALL_LEAK,498.33,484.35,49.763,41.717,33.932,25.138,16.958,8.978
379.4,Flowing,SMALL_LEAK,501.61,484.63,49.717,41.749,33.813,25.201,16.949,8.727
379.5,Flowing,SMALL_LEAK,501.19,483.66,49.971,41.871,33.897,25.209,17.043,8.895
379.6,Flowing,SMALL_LEAK,500.45,483.29,49.77,41.871,33.906,25.344,17.176,8.826
379.7,Flowing,SMALL_LEAK,501.1,484.27,49.941,41.636,33.974,25.162,17.001,8.855
379.8,Flowing,SMALL_LEAK,502.3,483.45,49.838,41.866,33.977,25.189,16.933,8.965
379.9,Flowing,SMALL_LEAK,499.36,481.2,49.892,42.004,33.919,25.114,17.072,8.741
380.0,Flowing,SMALL_LEAK,498.66,483.01,49.851,41.844,33.721,25.155,17.196,8.839
380.1,Flowing,SMALL_LEAK,500.79,483.62,49.836,41.995,33.818,25.213,17.099,8.788
380.2,Flowing,SMALL_LEAK,498.24,482.71,49.79,41.67,33.775,25.144,17.033,8.771
380.3,Flowing,SMALL_LEAK,500.05,484.18,50.023,41.765,33.962,25.238,17.085,8.88
380.4,Flowing,SMALL_LEAK,499.64,483.09,49.673,41.849,33.829,25.129,17.057,8.957
380.5,Flowing,SMALL_LEAK,500.81,483.95,49.636,41.807,33.75,25.226,16.994,8.772
380.6,Flowing,SMALL_LEAK,499.42,486.6,49.905,41.981,34.063,25.161,16.874,8.865
380.7,Flowing,SMALL_LEAK,501.44,485.47,49.979,41.915,33.979,25.202,16.971,8.829
380.8,Flowing,SMALL_LEAK,499.1,484.71,49.824,41.903,33.928,25.304,17.061,8.84
380.9,Flowing,SMALL_LEAK,500.85,486.17,49.914,41.693,33.867,25.224,17.037,8.813
381.0,Flowing,SMALL_LEAK,499.2,483.91,49.885,41.804,33.94,25.258,17.032,8.764
381.1,Flowing,SMALL_LEAK,500.66,483.93,49.915,41.867,33.79,25.215,17.07,8.864
381.2,Flowing,SMALL_LEAK,498.78,482.73,49.889,41.857,33.932,25.319,17.079,8.773
381.3,Flowing,SMALL_LEAK,499.97,485.53,49.765,41.806,34.006,25.243,17.19,8.81
381.4,Flowing,SMALL_LEAK,501.59,486.35,49.829,41.844,33.843,25.158,16.928,8.86
381.5,Flowing,SMALL_LEAK,500.14,485.09,49.934,42.046,33.815,25.192,16.958,8.91
381.6,Flowing,SMALL_LEAK,501.42,485.71,49.915,41.78,33.778,25.296,17.051,8.881
381.7,Flowing,SMALL_LEAK,499.97,480.72,49.779,41.7,33.78,25.275,17.189,8.786
381.8,Flowing,SMALL_LEAK,499.39,486.81,50.032,41.916,33.739,25.237,17.089,8.626
381.9,Flowing,SMALL_LEAK,500.21,483.87,49.902,41.944,33.882,25.215,17.006,8.801
382.0,Flowing,SMALL_LEAK,500.74,486.83,49.756,41.795,33.817,25.229,16.975,8.75
382.1,Flowing,SMALL_LEAK,497.71,486.08,49.911,41.88,33.807,25.261,16.984,8.825
382.2,Flowing,SMALL_LEAK,500.63,484.93,49.928,41.802,33.756,25.208,16.911,8.798
382.3,Flowing,SMALL_LEAK,498.87,483.59,49.828,41.653,33.892,25.205,17.115,8.837
382.4,Flowing,SMALL_LEAK,498.57,484.19,49.909,41.945,33.839,25.22,16.894,8.919
382.5,Flowing,SMALL_LEAK,500.65,481.71,49.838,41.77,33.909,25.046,16.986,8.893
382.6,Flowing,SMALL_LEAK,501.61,485.12,49.815,41.793,33.817,25.059,17.077,8.81
382.7,Flowing,SMALL_LEAK,500.26,480.93,49.828,41.829,33.851,25.272,17.016,8.711
382.8,Flowing,SMALL_LEAK,498.37,483.64,49.896,41.89,33.866,25.306,17.022,8.909
382.9,Flowing,SMALL_LEAK,499.2,485.85,49.963,41.897,33.79,25.21,17.119,8.7
383.0,Flowing,SMALL_LEAK,499.5,484.86,49.819,41.823,33.781,25.29,17.05,8.763
383.1,Flowing,SMALL_LEAK,500.24,482.16,49.898,41.837,33.779,25.163,17.055,8.895
383.2,Flowing,SMALL_LEAK,499.91,482.39,49.811,41.894,33.977,25.119,17.048,8.886
383.3,Flowing,SMALL_LEAK,500.59,483.28,49.842,41.949,34.026,25.247,17.001,8.898
383.4,Flowing,SMALL_LEAK,501.2,484.09,49.917,41.648,33.85,25.188,17.052,8.805
383.5,Flowing,SMALL_LEAK,500.41,485.05,49.843,41.781,33.909,25.352,16.952,8.708
383.6,Flowing,SMALL_LEAK,501.08,484.72,49.852,41.848,33.944,25.122,16.977,8.648
383.7,Flowing,SMALL_LEAK,499.68,482.73,49.96,41.87,33.813,25.114,16.922,8.853
383.8,Flowing,SMALL_LEAK,503.96,484.74,49.761,41.858,34.013,25.192,16.943,8.851
383.9,Flowing,SMALL_LEAK,500.66,484.87,49.752,41.988,33.962,25.207,16.948,8.786
384.0,Flowing,SMALL_LEAK,500.82,484.59,49.826,41.881,33.933,25.137,17.101,8.869
384.1,Flowing,SMALL_LEAK,502.11,486.97,49.809,41.763,33.859,25.135,17.102,8.73
384.2,Flowing,SMALL_LEAK,500.11,484.87,49.894,41.844,33.805,25.212,17.106,8.725
384.3,Flowing,SMALL_LEAK,499.23,485.16,49.817,41.79,33.847,25.165,16.879,8.736
384.4,Flowing,SMALL_LEAK,501.57,486.25,49.981,41.87,33.867,25.197,17.016,8.786
384.5,Flowing,SMALL_LEAK,501.64,485.02,49.892,41.858,33.756,25.24,16.823,8.853
384.6,Flowing,SMALL_LEAK,500.18,483.34,49.737,41.842,33.754,25.22,17.066,8.94
384.7,Flowing,SMALL_LEAK,502.11,485.49,49.727,41.928,33.86,25.184,17.081,8.801
384.8,Flowing,SMALL_LEAK,499.9,483.52,49.907,41.771,33.799,25.295,17.139,8.817
384.9,Flowing,SMALL_LEAK,501.12,482.82,49.627,41.834,33.853,25.201,17.047,8.782
385.0,Flowing,SMALL_LEAK,501.82,482.92,49.917,41.757,33.949,25.344,16.947,8.747
385.1,Flowing,SMALL_LEAK,500.12,485.48,49.883,41.755,33.811,25.308,17.079,8.978
385.2,Flowing,SMALL_LEAK,500.55,484.74,49.864,41.801,33.854,25.208,17.009,8.818
385.3,Flowing,SMALL_LEAK,501.23,485.27,49.775,41.873,33.737,25.163,17.01,8.639
385.4,Flowing,SMALL_LEAK,499.56,484.75,49.912,41.686,33.904,25.117,16.988,8.862
385.5,Flowing,SMALL_LEAK,499.02,484.23,50.026,41.859,33.691,25.296,17.001,8.826
385.6,Flowing,SMALL_LEAK,501.6,484.38,49.895,41.672,33.851,25.187,17.118,8.878
385.7,Flowing,SMALL_LEAK,500.37,484.71,49.72,41.951,33.886,25.096,17.024,8.903
385.8,Flowing,SMALL_LEAK,499.39,483.28,49.753,41.96,33.729,25.157,16.945,8.93
385.9,Flowing,SMALL_LEAK,500.11,482.45,49.811,41.757,33.886,25.273,17.073,8.798
386.0,Flowing,SMALL_LEAK,500.61,483.42,49.87,41.798,33.984,25.312,17.107,8.884
386.1,Flowing,SMALL_LEAK,498.12,484.65,49.892,41.75,33.901,25.229,17.121,8.885
386.2,Flowing,SMALL_LEAK,500.86,483.22,49.894,41.715,33.843,25.175,17.04,8.787
386.3,Flowing,SMALL_LEAK,500.49,486.56,49.828,41.887,33.815,25.23,16.898,8.753
386.4,Flowing,SMALL_LEAK,501.99,484.53,49.902,41.752,33.95,25.298,16.999,9.06
386.5,Flowing,SMALL_LEAK,499.74,484.14,49.949,41.774,33.91,25.225,16.958,8.734
386.6,Flowing,SMALL_LEAK,501.65,483.27,49.93,41.802,33.842,25.146,16.96,8.81
386.7,Flowing,SMALL_LEAK,499.95,485.1,49.881,41.643,33.851,25.16,17.132,9.055
386.8,Flowing,SMALL_LEAK,500.17,482.55,49.821,41.712,33.859,25.204,17.178,8.953
386.9,Flowing,SMALL_LEAK,500.34,484.38,49.919,41.803,33.904,25.241,17.039,8.695
387.0,Flowing,SMALL_LEAK,502.51,483.48,49.935,41.859,33.842,25.172,16.957,8.845
387.1,Flowing,SMALL_LEAK,498.51,484.15,49.71,41.913,33.766,25.055,17.166,8.751
387.2,Flowing,SMALL_LEAK,500.59,484.58,49.792,41.941,33.998,25.097,16.944,8.749
387.3,Flowing,SMALL_LEAK,500.05,482.63,49.925,41.981,33.764,25.333,16.963,8.847
387.4,Flowing,SMALL_LEAK,499.97,481.99,49.748,41.84,33.841,25.195,17.051,8.739
387.5,Flowing,SMALL_LEAK,500.7,482.88,49.779,41.885,33.957,25.218,17.06,8.881
387.6,Flowing,SMALL_LEAK,501.33,485.06,49.916,41.774,33.788,25.165,17.174,8.861
387.7,Flowing,SMALL_LEAK,500.64,484.45,49.887,41.879,33.744,25.375,17.058,8.878
387.8,Flowing,SMALL_LEAK,501.48,483.52,49.709,41.912,33.822,25.114,16.944,8.719
387.9,Flowing,SMALL_LEAK,499.7,486.36,49.747,41.855,33.819,25.247,17.154,8.81
388.0,Flowing,SMALL_LEAK,499.94,485.54,49.67,41.831,33.945,25.213,17.142,8.856
388.1,Flowing,SMALL_LEAK,498.8,485.25,49.703,41.859,33.874,25.306,17.166,8.893
388.2,Flowing,SMALL_LEAK,502.38,483.13,49.885,41.904,33.837,25.103,17.023,8.849
388.3,Flowing,SMALL_LEAK,499.78,485.24,49.754,41.956,33.93,25.11,17.129,8.795
388.4,Flowing,SMALL_LEAK,499.64,484.41,49.788,41.936,33.846,25.372,16.952,8.681
388.5,Flowing,SMALL_LEAK,500.73,483.13,49.828,41.913,33.776,25.114,17.038,8.703
388.6,Flowing,SMALL_LEAK,501.33,483.88,49.875,41.823,33.89,25.109,17.124,8.805
388.7,Flowing,SMALL_LEAK,499.17,482.75,49.911,41.927,33.757,25.291,16.906,8.71
388.8,Flowing,SMALL_LEAK,501.42,483.14,50.007,41.939,34.016,25.19,17.028,8.862
388.9,Flowing,SMALL_LEAK,499.64,482.63,49.849,41.79,33.778,25.237,16.935,8.732
389.0,Flowing,SMALL_LEAK,501.72,485.15,49.881,41.842,33.925,25.186,16.973,8.854
389.1,Flowing,SMALL_LEAK,499.35,483.91,49.785,41.797,33.801,25.203,17.162,8.71
389.2,Flowing,SMALL_LEAK,500.88,482.87,49.954,41.909,33.975,25.471,17.135,8.894
389.3,Flowing,SMALL_LEAK,500.05,484.62,49.745,41.755,33.879,25.084,17.069,8.649
389.4,Flowing,SMALL_LEAK,498.65,484.0,49.942,41.824,33.86,25.16,16.868,8.919
389.5,Flowing,SMALL_LEAK,498.3,485.26,49.957,41.822,33.903,25.189,17.043,8.881
389.6,Flowing,SMALL_LEAK,499.11,484.16,49.894,41.957,33.892,25.222,16.959,8.782
389.7,Flowing,SMALL_LEAK,501.19,482.28,49.915,41.73,33.938,25.198,16.955,8.732
389.8,Flowing,SMALL_LEAK,497.67,483.4,49.904,41.849,33.977,25.119,16.974,8.813
389.9,Flowing,SMALL_LEAK,500.4,482.61,49.79,41.85,33.876,25.259,17.14,8.716
390.0,Flowing,SMALL_LEAK,500.3,484.68,49.877,41.798,33.884,25.255,16.941,8.748
390.1,Flowing,SMALL_LEAK,497.98,485.3,49.891,41.852,33.832,25.273,17.079,8.778
390.2,Flowing,SMALL_LEAK,499.04,482.15,49.782,41.749,33.853,25.106,17.028,8.917
390.3,Flowing,SMALL_LEAK,499.04,483.85,49.822,41.807,34.01,25.341,16.959,8.831
390.4,Flowing,SMALL_LEAK,500.06,485.38,49.876,41.866,33.995,25.227,17.039,8.875
390.5,Flowing,SMALL_LEAK,501.76,482.13,49.945,41.925,33.893,25.095,16.981,8.886
390.6,Flowing,SMALL_LEAK,501.29,483.48,49.87,41.916,34.001,25.126,17.111,8.794
390.7,Flowing,SMALL_LEAK,499.57,484.0,49.925,41.847,34.02,25.23,16.969,8.854
390.8,Flowing,SMALL_LEAK,499.0,485.28,49.876,41.941,33.886,25.418,17.011,8.812
390.9,Flowing,SMALL_LEAK,498.13,484.65,49.802,41.857,33.868,25.242,17.025,8.771
391.0,Flowing,SMALL_LEAK,499.55,484.9,49.779,41.82,33.941,25.329,17.014,8.745
391.1,Flowing,SMALL_LEAK,498.92,484.72,49.844,42.017,33.93,25.264,17.097,8.943
391.2,Flowing,SMALL_LEAK,499.96,483.55,49.758,41.819,33.808,25.267,17.033,8.881
391.3,Flowing,SMALL_LEAK,500.0,485.97,49.809,41.96,33.844,25.276,17.116,8.909
391.4,Flowing,SMALL_LEAK,499.43,483.19,49.879,41.916,33.989,25.261,16.962,8.867
391.5,Flowing,SMALL_LEAK,499.45,480.67,49.847,41.662,33.887,25.229,17.113,8.76
391.6,Flowing,SMALL_LEAK,499.17,481.84,49.73,41.863,33.88,25.228,17.022,8.735
391.7,Flowing,SMALL_LEAK,499.39,483.86,49.839,41.822,33.936,25.25,16.998,8.958
391.8,Flowing,SMALL_LEAK,501.72,483.6,49.828,41.895,33.837,25.35,17.027,8.829
391.9,Flowing,SMALL_LEAK,500.62,483.36,49.839,41.866,33.946,25.288,17.022,8.956
392.0,Flowing,SMALL_LEAK,500.64,484.18,49.92,41.815,33.74,25.187,17.053,8.868
392.1,Flowing,SMALL_LEAK,501.21,485.44,49.959,41.762,33.815,25.126,16.913,8.77
392.2,Flowing,SMALL_LEAK,501.11,484.54,49.879,41.912,33.774,25.155,16.878,8.837
392.3,Flowing,SMALL_LEAK,501.71,484.78,49.791,41.983,33.883,25.206,16.969,8.7
392.4,Flowing,SMALL_LEAK,500.71,482.7,49.741,41.8,33.794,25.14,17.05,8.861
392.5,Flowing,SMALL_LEAK,500.25,483.38,49.813,42.005,33.71,25.225,17.003,8.776
392.6,Flowing,SMALL_LEAK,499.29,484.84,49.794,41.849,33.832,25.189,16.916,8.691
392.7,Flowing,SMALL_LEAK,499.01,484.13,49.827,41.818,33.834,25.211,16.978,8.803
392.8,Flowing,SMALL_LEAK,501.06,484.57,49.782,41.972,33.786,25.19,16.962,8.761
392.9,Flowing,SMALL_LEAK,499.87,484.74,49.852,41.842,33.813,25.197,16.962,8.852
393.0,Flowing,SMALL_LEAK,498.37,484.2,50.014,41.78,33.882,25.224,17.073,8.876
393.1,Flowing,SMALL_LEAK,497.49,485.9,49.866,41.847,33.815,25.159,17.012,8.717
393.2,Flowing,SMALL_LEAK,502.58,483.36,49.802,41.939,33.858,25.291,17.138,8.806
393.3,Flowing,SMALL_LEAK,498.82,483.02,49.867,41.826,33.785,25.144,17.087,8.837
393.4,Flowing,SMALL_LEAK,499.18,481.88,49.998,41.928,33.792,25.287,16.996,8.917
393.5,Flowing,SMALL_LEAK,501.47,484.9,49.811,41.766,33.786,25.16,16.953,8.774
393.6,Flowing,SMALL_LEAK,498.55,483.32,49.919,41.994,33.744,25.321,16.982,8.848
393.7,Flowing,SMALL_LEAK,500.64,485.52,49.718,41.892,33.69,25.245,17.041,8.835
393.8,Flowing,SMALL_LEAK,502.19,484.3,49.791,41.894,33.881,25.203,17.074,8.812
393.9,Flowing,SMALL_LEAK,502.54,483.59,49.892,41.84,33.867,25.266,16.988,8.721
394.0,Flowing,SMALL_LEAK,499.46,482.73,49.872,41.945,33.874,25.245,17.017,8.879
394.1,Flowing,SMALL_LEAK,499.99,485.02,49.835,41.814,33.938,25.178,17.091,8.908
394.2,Flowing,SMALL_LEAK,499.52,483.94,49.895,41.75,33.852,25.204,16.98,8.831
394.3,Flowing,SMALL_LEAK,499.98,484.32,49.912,41.813,33.836,25.201,17.113,8.799
394.4,Flowing,SMALL_LEAK,501.56,484.73,49.751,41.724,33.879,25.159,17.073,8.714
394.5,Flowing,SMALL_LEAK,498.32,484.32,49.807,41.744,33.885,25.272,17.047,8.733
394.6,Flowing,SMALL_LEAK,500.78,482.98,49.79,41.869,33.715,25.201,17.141,8.806
394.7,Flowing,SMALL_LEAK,499.77,484.63,49.731,41.801,33.8,25.391,17.153,8.878
394.8,Flowing,SMALL_LEAK,501.64,484.98,49.823,41.946,33.759,25.306,17.094,8.808
394.9,Flowing,SMALL_LEAK,501.58,484.43,49.941,41.814,33.749,25.298,17.013,8.868
395.0,Flowing,SMALL_LEAK,499.51,484.76,49.996,41.792,33.839,25.346,17.073,8.764
395.1,Flowing,SMALL_LEAK,499.87,484.87,49.774,41.808,33.791,25.239,17.026,8.842
395.2,Flowing,SMALL_LEAK,501.07,483.52,49.783,41.844,33.686,25.232,17.114,8.706
395.3,Flowing,SMALL_LEAK,501.18,483.48,49.889,41.801,33.914,25.233,17.052,8.825
395.4,Flowing,SMALL_LEAK,497.03,486.67,49.956,41.878,33.794,25.228,16.99,8.833
395.5,Flowing,SMALL_LEAK,501.07,485.59,49.816,41.796,33.866,25.224,17.105,8.787
395.6,Flowing,SMALL_LEAK,501.98,483.94,49.692,41.821,33.72,25.253,16.886,8.741
395.7,Flowing,SMALL_LEAK,500.31,484.82,49.821,41.974,33.764,25.221,17.066,8.939
395.8,Flowing,SMALL_LEAK,501.14,482.87,49.912,41.938,33.919,25.123,17.049,8.888
395.9,Flowing,SMALL_LEAK,501.53,483.28,49.773,41.804,33.786,25.282,17.014,8.794
396.0,Flowing,SMALL_LEAK,500.27,482.5,49.747,41.845,33.805,25.239,16.929,8.834
396.1,Flowing,SMALL_LEAK,500.98,484.34,49.815,41.75,33.744,25.126,17.003,8.83
396.2,Flowing,SMALL_LEAK,500.02,484.36,49.872,41.875,33.789,25.305,16.985,8.856
396.3,Flowing,SMALL_LEAK,499.94,485.3,49.837,41.88,33.833,25.251,17.019,8.885
396.4,Flowing,SMALL_LEAK,499.21,483.75,49.785,41.708,33.772,25.306,17.008,8.827
396.5,Flowing,SMALL_LEAK,500.21,485.28,49.766,41.855,33.768,25.15,16.988,8.856
396.6,Flowing,SMALL_LEAK,502.26,484.78,49.894,41.896,33.723,25.219,17.004,8.697
396.7,Flowing,SMALL_LEAK,498.92,486.95,49.851,41.83,33.891,25.226,16.976,8.894
396.8,Flowing,SMALL_LEAK,500.74,486.0,49.672,41.845,33.709,25.147,17.062,8.718
396.9,Flowing,SMALL_LEAK,500.39,485.79,49.736,42.041,33.741,25.352,17.006,8.778
397.0,Flowing,SMALL_LEAK,501.77,485.0,49.895,41.957,33.758,25.179,17.088,8.843
397.1,Flowing,SMALL_LEAK,502.0,482.93,49.938,41.891,33.995,25.234,17.038,8.846
397.2,Flowing,SMALL_LEAK,498.89,484.35,49.839,41.918,33.869,25.283,17.096,8.854
397.3,Flowing,SMALL_LEAK,499.31,486.7,49.89,41.769,33.806,25.287,17.134,8.665
397.4,Flowing,SMALL_LEAK,499.38,484.61,49.805,41.852,33.78,25.154,17.058,8.947
397.5,Flowing,SMALL_LEAK,499.42,483.01,49.687,41.836,33.887,25.282,17.046,8.961
397.6,Flowing,SMALL_LEAK,499.52,484.4,49.852,41.955,33.798,25.225,16.923,8.892
397.7,Flowing,SMALL_LEAK,500.42,482.81,49.84,41.879,33.825,25.267,17.052,8.74
397.8,Flowing,SMALL_LEAK,498.98,482.97,49.775,41.848,33.903,25.369,17.044,8.901
397.9,Flowing,SMALL_LEAK,499.15,484.5,49.721,42.011,33.898,25.216,17.007,8.731
398.0,Flowing,SMALL_LEAK,499.05,484.89,49.784,42.003,33.771,25.139,16.964,8.724
398.1,Flowing,SMALL_LEAK,500.59,483.04,49.851,41.937,33.801,25.11,17.043,8.816
398.2,Flowing,SMALL_LEAK,499.92,483.33,49.93,41.814,33.829,25.208,17.027,8.789
398.3,Flowing,SMALL_LEAK,499.71,482.29,49.806,41.702,33.805,25.277,17.088,8.782
398.4,Flowing,SMALL_LEAK,498.99,483.84,49.954,41.848,33.743,25.088,17.117,8.79
398.5,Flowing,SMALL_LEAK,498.08,481.66,49.753,41.669,33.818,25.252,16.964,8.736
398.6,Flowing,SMALL_LEAK,501.96,483.64,49.806,41.949,33.739,25.169,17.117,8.86
398.7,Flowing,SMALL_LEAK,499.65,484.1,49.864,41.798,33.852,25.177,16.951,8.734
398.8,Flowing,SMALL_LEAK,503.25,481.89,49.913,41.845,33.875,25.232,17.055,8.8
398.9,Flowing,SMALL_LEAK,500.93,482.79,49.811,41.785,33.737,25.13,16.991,8.692
399.0,Flowing,SMALL_LEAK,502.2,483.93,49.739,41.933,33.868,25.184,17.202,8.688
399.1,Flowing,SMALL_LEAK,501.19,483.76,49.928,41.841,33.913,25.229,16.87,8.828
399.2,Flowing,SMALL_LEAK,500.19,483.82,49.877,41.675,34.006,25.245,17.074,8.727
399.3,Flowing,SMALL_LEAK,499.28,484.35,49.905,41.937,33.87,25.219,16.949,8.803
399.4,Flowing,SMALL_LEAK,498.83,481.99,49.809,41.896,33.782,25.265,16.953,8.799
399.5,Flowing,SMALL_LEAK,501.34,484.85,49.899,41.794,33.902,25.264,16.998,8.913
399.6,Flowing,SMALL_LEAK,500.32,483.62,49.856,41.938,33.993,25.201,17.072,8.769
399.7,Flowing,SMALL_LEAK,500.74,483.28,49.767,41.834,33.741,25.145,17.067,8.779
399.8,Flowing,SMALL_LEAK,500.98,481.76,49.907,41.874,33.998,25.262,17.109,8.852
399.9,Flowing,SMALL_LEAK,500.43,483.68,49.875,41.943,33.904,25.237,17.036,8.863
400.0,Flowing,SMALL_LEAK,499.43,484.61,49.796,41.793,33.964,25.369,16.946,8.766
400.1,Flowing,SMALL_LEAK,501.22,484.17,49.941,41.893,33.904,25.292,17.001,8.846
400.2,Flowing,SMALL_LEAK,499.76,484.2,49.87,41.781,33.875,25.319,16.993,8.832
400.3,Flowing,SMALL_LEAK,500.11,483.59,49.867,41.827,33.904,25.166,17.127,8.87
400.4,Flowing,SMALL_LEAK,500.86,483.93,49.775,41.986,33.863,25.162,17.108,8.86
400.5,Flowing,SMALL_LEAK,499.93,482.67,49.708,41.808,33.872,25.047,17.027,8.833
400.6,Flowing,SMALL_LEAK,497.82,483.99,49.755,41.872,33.851,25.125,17.094,8.887
400.7,Flowing,SMALL_LEAK,501.25,483.41,49.827,41.834,33.908,25.204,16.866,8.859
400.8,Flowing,SMALL_LEAK,501.51,482.65,49.785,41.819,33.967,25.209,17.02,8.861
400.9,Flowing,SMALL_LEAK,497.8,484.91,49.89,41.776,33.845,25.223,17.042,8.843
401.0,Flowing,SMALL_LEAK,498.75,482.11,50.057,41.756,33.928,25.315,17.059,8.768
401.1,Flowing,SMALL_LEAK,502.43,484.63,49.983,41.675,33.795,25.314,16.99,8.948
401.2,Flowing,SMALL_LEAK,500.28,484.7,49.729,41.761,33.807,25.253,17.002,8.781
401.3,Flowing,SMALL_LEAK,500.0,483.37,49.964,41.971,33.817,25.083,16.847,8.839
401.4,Flowing,SMALL_LEAK,499.49,485.24,49.902,41.855,33.844,25.156,17.072,8.954
401.5,Flowing,SMALL_LEAK,498.76,483.34,49.673,41.844,33.772,25.101,16.93,8.85
401.6,Flowing,SMALL_LEAK,499.77,483.27,49.882,41.967,33.851,25.079,17.001,8.709
401.7,Flowing,SMALL_LEAK,501.17,482.56,49.753,41.896,33.866,25.267,16.991,8.883
401.8,Flowing,SMALL_LEAK,499.98,483.99,49.817,41.939,33.878,25.203,17.037,8.819
401.9,Flowing,SMALL_LEAK,500.73,482.85,49.978,41.87,33.85,25.201,17.087,8.877
402.0,Flowing,SMALL_LEAK,502.12,483.05,49.828,41.758,33.778,25.205,17.128,8.8
402.1,Flowing,SMALL_LEAK,499.3,483.92,49.802,41.709,33.971,25.266,17.084,8.897
402.2,Flowing,SMALL_LEAK,500.36,483.97,49.837,41.857,33.969,25.234,17.067,8.89
402.3,Flowing,SMALL_LEAK,501.21,485.51,49.901,41.84,33.847,25.282,17.082,8.913
402.4,Flowing,SMALL_LEAK,498.88,485.12,49.894,41.898,33.814,25.174,17.082,8.774
402.5,Flowing,SMALL_LEAK,500.21,484.66,49.848,41.96,33.948,25.244,16.996,8.81
402.6,Flowing,SMALL_LEAK,502.25,483.82,49.919,41.847,33.805,25.317,17.035,8.774
402.7,Flowing,SMALL_LEAK,499.59,483.52,49.888,41.928,33.769,25.204,17.0,8.856
402.8,Flowing,SMALL_LEAK,501.28,483.97,49.901,41.806,33.731,25.303,16.93,8.842
402.9,Flowing,SMALL_LEAK,499.83,483.33,49.839,41.863,33.982,25.463,16.889,8.899
403.0,Flowing,SMALL_LEAK,502.16,483.16,49.838,41.934,33.927,25.333,17.043,8.749
403.1,Flowing,SMALL_LEAK,498.03,483.91,49.924,41.859,33.831,25.182,17.101,8.948
403.2,Flowing,SMALL_LEAK,500.08,482.95,49.754,41.9,33.82,25.103,17.032,8.753
403.3,Flowing,SMALL_LEAK,498.23,483.02,49.724,41.787,33.768,25.168,16.914,8.788
403.4,Flowing,SMALL_LEAK,499.16,485.15,49.793,41.88,33.897,25.241,17.001,8.799
403.5,Flowing,SMALL_LEAK,499.15,482.34,49.783,41.785,33.906,25.079,17.014,8.794
403.6,Flowing,SMALL_LEAK,499.68,482.75,49.898,41.736,33.851,25.247,16.868,8.734
403.7,Flowing,SMALL_LEAK,498.57,485.53,49.843,41.891,33.865,25.265,16.934,8.693
403.8,Flowing,SMALL_LEAK,499.91,483.53,49.857,41.752,33.781,25.295,17.035,8.775
403.9,Flowing,SMALL_LEAK,500.55,485.65,49.794,41.9,33.867,25.123,16.864,8.971
404.0,Flowing,SMALL_LEAK,498.16,482.6,49.752,41.892,33.971,25.232,16.972,8.706
404.1,Flowing,SMALL_LEAK,499.24,484.09,49.735,41.88,33.966,25.188,16.976,8.876
404.2,Flowing,SMALL_LEAK,503.05,484.93,49.795,41.872,33.853,25.187,17.019,8.961
404.3,Flowing,SMALL_LEAK,500.4,482.91,49.898,41.937,33.777,25.308,17.071,8.7
404.4,Flowing,SMALL_LEAK,497.82,486.01,49.893,41.809,33.726,25.23,17.063,8.832
404.5,Flowing,SMALL_LEAK,498.32,483.53,49.841,41.824,34.047,25.125,17.09,8.821
404.6,Flowing,SMALL_LEAK,500.27,484.61,49.782,41.846,33.739,25.172,17.016,8.696
404.7,Flowing,SMALL_LEAK,500.12,483.19,49.891,41.773,33.734,25.134,17.194,8.662
404.8,Flowing,SMALL_LEAK,499.3,485.79,49.885,41.79,33.822,25.268,17.064,8.766
404.9,Flowing,SMALL_LEAK,502.63,484.36,49.741,41.9,33.894,25.197,17.055,8.784
405.0,Flowing,SMALL_LEAK,503.14,486.52,49.784,41.85,33.892,25.245,17.061,8.759
405.1,Flowing,SMALL_LEAK,499.68,485.41,49.977,41.823,33.84,25.115,17.004,8.863
405.2,Flowing,SMALL_LEAK,501.05,485.0,49.911,41.975,33.892,25.242,16.984,8.767
405.3,Flowing,SMALL_LEAK,501.11,482.85,49.928,41.926,33.764,25.278,17.072,8.731
405.4,Flowing,SMALL_LEAK,501.27,484.1,49.893,41.766,33.656,25.207,17.041,8.811
405.5,Flowing,SMALL_LEAK,499.23,483.62,50.079,41.88,33.862,25.254,16.985,8.894
405.6,Flowing,SMALL_LEAK,502.33,484.03,49.879,41.875,33.8,25.095,16.98,8.843
405.7,Flowing,SMALL_LEAK,499.92,484.18,49.814,41.873,33.831,25.254,16.942,8.835
405.8,Flowing,SMALL_LEAK,500.51,482.92,49.799,41.727,33.837,25.343,16.903,8.83
405.9,Flowing,SMALL_LEAK,500.0,483.81,49.914,42.034,33.811,25.169,16.927,8.911
406.0,Flowing,SMALL_LEAK,499.83,483.88,49.781,41.82,33.702,25.291,17.113,8.888
406.1,Flowing,SMALL_LEAK,500.33,482.79,49.722,41.899,33.716,25.225,17.036,8.845
406.2,Flowing,SMALL_LEAK,498.58,484.96,49.893,41.849,33.693,25.263,17.028,8.748
406.3,Flowing,SMALL_LEAK,497.63,484.27,49.724,41.973,33.949,25.276,16.966,8.619
406.4,Flowing,SMALL_LEAK,499.74,484.98,49.911,41.879,33.82,25.31,17.088,8.834
406.5,Flowing,SMALL_LEAK,498.94,484.58,49.853,41.854,33.904,25.151,17.054,8.746
406.6,Flowing,SMALL_LEAK,500.66,481.94,49.957,41.893,33.795,25.226,16.952,8.94
406.7,Flowing,SMALL_LEAK,500.52,483.0,49.98,41.906,33.975,25.232,17.081,8.918
406.8,Flowing,SMALL_LEAK,500.02,485.98,49.85,41.856,33.925,25.272,16.96,8.645
406.9,Flowing,SMALL_LEAK,501.78,484.94,49.836,41.682,33.771,25.15,16.975,8.886
407.0,Flowing,SMALL_LEAK,499.99,482.05,49.933,41.891,33.901,25.272,16.82,8.821
407.1,Flowing,SMALL_LEAK,498.25,484.56,49.706,41.891,33.683,25.206,17.064,8.731
407.2,Flowing,SMALL_LEAK,499.73,483.0,49.927,41.891,33.88,25.276,16.991,8.832
407.3,Flowing,SMALL_LEAK,501.41,481.48,49.851,41.849,33.796,25.121,16.993,8.789
407.4,Flowing,SMALL_LEAK,497.74,485.99,49.791,41.918,33.756,25.206,17.113,8.893
407.5,Flowing,SMALL_LEAK,499.89,484.09,49.947,41.803,33.913,25.135,16.998,8.805
407.6,Flowing,SMALL_LEAK,500.69,484.26,49.804,41.821,33.811,25.141,17.089,8.805
407.7,Flowing,SMALL_LEAK,503.18,482.49,49.866,41.863,33.854,25.227,16.996,8.933
407.8,Flowing,SMALL_LEAK,501.45,482.62,49.911,41.851,33.814,25.21,17.053,8.94
407.9,Flowing,SMALL_LEAK,500.16,482.09,49.74,41.903,33.94,25.101,17.006,8.735
408.0,Flowing,SMALL_LEAK,500.62,485.7,49.884,41.821,33.84,25.187,17.078,8.838
408.1,Flowing,SMALL_LEAK,497.72,482.03,49.868,41.863,33.896,25.199,17.156,8.721
408.2,Flowing,SMALL_LEAK,498.74,485.94,49.712,41.705,33.684,25.274,17.064,8.917
408.3,Flowing,SMALL_LEAK,500.78,482.82,49.765,41.91,33.855,25.233,17.07,8.759
408.4,Flowing,SMALL_LEAK,500.19,482.53,50.057,41.957,33.807,25.133,17.013,8.835
408.5,Flowing,SMALL_LEAK,500.35,483.93,49.935,41.757,33.873,25.098,17.055,8.811
408.6,Flowing,SMALL_LEAK,500.04,483.18,50.005,41.726,33.96,25.084,16.914,8.686
408.7,Flowing,SMALL_LEAK,499.99,484.12,49.87,41.756,33.742,25.236,17.056,8.823
408.8,Flowing,SMALL_LEAK,500.12,482.95,49.837,41.996,33.862,25.284,17.031,8.732
408.9,Flowing,SMALL_LEAK,498.73,483.62,49.894,41.798,33.843,25.244,16.865,8.691
409.0,Flowing,SMALL_LEAK,499.73,483.09,49.923,41.797,33.801,25.233,16.989,8.853
409.1,Flowing,SMALL_LEAK,498.51,485.03,49.846,41.866,33.794,25.235,17.108,8.775
409.2,Flowing,SMALL_LEAK,499.26,484.62,49.923,41.846,33.909,25.23,17.017,8.848
409.3,Flowing,SMALL_LEAK,501.44,484.3,49.947,41.869,33.888,25.191,17.146,8.871
409.4,Flowing,SMALL_LEAK,499.78,485.26,49.856,41.84,33.928,25.172,16.877,8.826
409.5,Flowing,SMALL_LEAK,500.72,484.32,49.945,41.977,33.841,25.223,17.062,8.799
409.6,Flowing,SMALL_LEAK,500.14,484.21,49.891,41.843,33.931,25.278,17.085,8.804
409.7,Flowing,SMALL_LEAK,499.54,483.86,50.004,41.889,33.87,25.159,17.012,8.829
409.8,Flowing,SMALL_LEAK,498.79,483.14,49.787,41.827,33.837,25.224,16.879,8.809
409.9,Flowing,SMALL_LEAK,499.52,483.14,49.82,41.848,33.933,25.384,17.074,8.721
410.0,Flowing,SMALL_LEAK,500.22,484.18,49.822,41.898,33.889,25.299,17.012,8.791
410.1,Flowing,SMALL_LEAK,500.7,485.22,49.99,41.855,33.769,25.338,16.9,8.54
410.2,Flowing,SMALL_LEAK,500.15,484.68,49.912,41.923,33.883,25.116,17.015,8.798
410.3,Flowing,SMALL_LEAK,500.78,484.68,49.807,41.963,33.766,25.245,17.116,8.851
410.4,Flowing,SMALL_LEAK,498.18,482.67,49.949,41.895,33.884,25.249,17.069,8.789
410.5,Flowing,SMALL_LEAK,501.04,484.63,49.746,41.926,33.943,25.24,16.976,8.695
410.6,Flowing,SMALL_LEAK,498.65,483.52,49.857,41.742,33.731,25.218,16.959,8.848
410.7,Flowing,SMALL_LEAK,501.18,484.21,49.837,41.801,33.714,25.152,16.955,8.722
410.8,Flowing,SMALL_LEAK,500.6,484.66,49.824,41.758,33.837,25.239,16.954,8.854
410.9,Flowing,SMALL_LEAK,497.76,482.61,49.741,41.761,33.841,25.275,17.089,8.949
411.0,Flowing,SMALL_LEAK,500.88,484.19,49.82,41.84,33.767,25.12,17.038,8.758
411.1,Flowing,SMALL_LEAK,501.19,484.28,49.949,41.733,33.889,25.14,16.954,8.863
411.2,Flowing,SMALL_LEAK,501.51,485.2,49.796,41.809,33.785,25.363,16.971,8.824
411.3,Flowing,SMALL_LEAK,499.08,483.38,49.834,41.868,33.801,25.204,17.052,8.751
411.4,Flowing,SMALL_LEAK,500.22,483.93,49.937,41.945,33.899,25.226,16.781,8.854
411.5,Flowing,SMALL_LEAK,500.83,484.2,49.819,41.83,33.698,25.259,16.904,8.829
411.6,Flowing,SMALL_LEAK,500.88,483.38,49.922,41.812,33.947,25.16,17.068,8.716
411.7,Flowing,SMALL_LEAK,500.49,483.36,49.932,41.92,33.887,25.189,16.908,8.789
411.8,Flowing,SMALL_LEAK,499.49,483.31,49.939,41.86,33.726,25.13,17.12,8.859
411.9,Flowing,SMALL_LEAK,501.19,483.85,49.751,41.709,33.8,25.072,17.008,9.016
412.0,Flowing,SMALL_LEAK,501.19,486.1,49.722,41.835,33.955,25.28,17.008,8.808
412.1,Flowing,SMALL_LEAK,499.81,483.89,49.758,41.829,33.869,25.308,16.97,8.805
412.2,Flowing,SMALL_LEAK,499.06,484.59,49.774,41.868,33.913,25.27,16.926,8.832
412.3,Flowing,SMALL_LEAK,499.13,484.04,49.796,41.931,33.837,25.098,17.002,8.857
412.4,Flowing,SMALL_LEAK,501.64,483.63,49.87,41.809,33.803,25.141,16.988,8.752
412.5,Flowing,SMALL_LEAK,501.14,483.97,49.928,41.778,33.86,25.224,17.096,8.907
412.6,Flowing,SMALL_LEAK,499.98,484.92,49.906,41.878,33.766,25.134,16.952,8.88
412.7,Flowing,SMALL_LEAK,499.76,483.94,49.856,41.919,33.93,25.162,17.023,8.819
412.8,Flowing,SMALL_LEAK,497.88,483.81,49.824,41.807,33.945,25.224,17.021,8.756
412.9,Flowing,SMALL_LEAK,499.9,483.72,49.904,41.77,33.886,25.259,16.987,8.845
413.0,Flowing,SMALL_LEAK,498.57,482.81,49.865,41.847,33.851,25.225,17.03,8.825
413.1,Flowing,SMALL_LEAK,500.19,485.25,49.762,41.838,33.871,25.228,17.096,8.87
413.2,Flowing,SMALL_LEAK,501.42,483.46,49.78,41.837,33.825,25.22,17.02,8.869
413.3,Flowing,SMALL_LEAK,498.82,485.76,49.864,41.948,33.869,25.154,16.983,8.868
413.4,Flowing,SMALL_LEAK,500.29,484.29,49.721,41.742,33.851,25.296,17.125,8.803
413.5,Flowing,SMALL_LEAK,501.2,485.69,49.935,41.856,33.727,25.219,16.97,8.893
413.6,Flowing,SMALL_LEAK,500.26,483.76,49.848,41.748,33.73,25.218,16.826,8.779
413.7,Flowing,SMALL_LEAK,499.37,483.12,49.868,41.765,33.93,25.315,16.939,8.796
413.8,Flowing,SMALL_LEAK,500.01,485.25,49.93,41.85,33.738,25.209,16.952,8.909
413.9,Flowing,SMALL_LEAK,501.15,483.33,49.898,41.825,33.861,25.115,16.96,8.944
414.0,Flowing,SMALL_LEAK,500.32,485.54,49.854,41.924,33.869,25.325,16.86,8.805
414.1,Flowing,SMALL_LEAK,500.0,484.69,49.982,41.926,33.956,25.219,16.977,8.738
414.2,Flowing,SMALL_LEAK,501.39,485.76,49.762,41.915,33.891,25.215,17.061,8.831
414.3,Flowing,SMALL_LEAK,500.62,482.83,49.927,41.926,33.765,25.242,16.886,8.831
414.4,Flowing,SMALL_LEAK,498.56,485.15,49.898,41.745,33.817,25.221,17.039,8.798
414.5,Flowing,SMALL_LEAK,500.76,483.11,49.756,41.846,33.718,25.201,16.985,8.809
414.6,Flowing,SMALL_LEAK,501.14,481.12,49.805,41.729,33.821,25.294,17.121,9.015
414.7,Flowing,SMALL_LEAK,498.52,485.08,49.985,41.754,33.817,25.218,17.013,8.826
414.8,Flowing,SMALL_LEAK,497.28,483.99,50.043,41.763,33.793,25.352,16.971,8.851
414.9,Flowing,SMALL_LEAK,498.75,485.15,49.933,41.889,33.865,25.295,16.949,8.78
415.0,Flowing,SMALL_LEAK,499.88,484.11,49.893,41.684,33.963,25.244,17.032,8.69
415.1,Flowing,SMALL_LEAK,501.21,484.03,49.747,41.818,33.915,25.054,17.083,8.791
415.2,Flowing,SMALL_LEAK,498.93,485.8,49.832,41.87,33.872,25.163,17.07,8.634
415.3,Flowing,SMALL_LEAK,500.67,484.14,49.814,41.862,33.822,25.074,17.081,8.72
415.4,Flowing,SMALL_LEAK,496.53,483.43,49.845,41.862,33.852,25.314,17.016,8.854
415.5,Flowing,SMALL_LEAK,500.22,483.89,49.846,41.899,33.961,25.231,17.083,8.936
415.6,Flowing,SMALL_LEAK,499.51,484.19,49.959,41.819,33.933,25.24,17.109,8.865
415.7,Flowing,SMALL_LEAK,502.52,480.59,49.872,41.885,33.87,25.244,17.007,8.8
415.8,Flowing,SMALL_LEAK,497.73,484.59,49.991,41.888,33.804,25.198,17.105,8.761
415.9,Flowing,SMALL_LEAK,499.98,485.63,49.731,41.737,33.712,25.116,16.926,8.931
416.0,Flowing,SMALL_LEAK,497.72,483.94,49.846,41.821,33.735,25.209,16.881,8.79
416.1,Flowing,SMALL_LEAK,499.34,483.5,50.015,41.903,33.833,25.276,16.978,8.756
416.2,Flowing,SMALL_LEAK,497.96,484.47,49.986,41.759,33.822,25.244,16.945,8.872
416.3,Flowing,SMALL_LEAK,502.76,486.09,49.825,41.903,33.897,25.201,17.157,8.767
416.4,Flowing,SMALL_LEAK,499.57,484.56,49.958,41.944,33.992,25.234,16.957,8.986
416.5,Flowing,SMALL_LEAK,499.75,484.26,49.823,41.785,33.835,25.141,17.062,8.772
416.6,Flowing,SMALL_LEAK,499.95,483.53,49.827,41.927,33.9,25.221,17.034,8.821
416.7,Flowing,SMALL_LEAK,498.64,482.72,49.816,41.85,33.889,25.21,17.054,8.753
416.8,Flowing,SMALL_LEAK,501.27,484.03,49.802,41.791,33.805,25.323,17.078,8.734
416.9,Flowing,SMALL_LEAK,500.77,484.05,49.885,41.819,33.795,25.101,17.098,8.711
417.0,Flowing,SMALL_LEAK,501.1,481.68,49.846,41.774,33.912,25.193,17.009,8.812
417.1,Flowing,SMALL_LEAK,498.54,483.13,49.874,41.851,33.847,25.179,16.894,8.731
417.2,Flowing,SMALL_LEAK,501.36,485.39,49.907,41.826,33.797,25.108,16.882,8.764
417.3,Flowing,SMALL_LEAK,501.22,483.69,49.921,41.805,33.882,25.172,17.071,8.792
417.4,Flowing,SMALL_LEAK,499.72,481.05,49.751,41.828,33.997,25.363,17.059,8.809
417.5,Flowing,SMALL_LEAK,501.07,485.92,49.874,41.875,33.847,25.255,17.037,8.795
417.6,Flowing,SMALL_LEAK,500.33,482.93,49.754,41.813,33.914,25.217,17.044,8.797
417.7,Flowing,SMALL_LEAK,498.09,483.44,49.765,41.831,33.768,25.133,17.116,8.786
417.8,Flowing,SMALL_LEAK,499.78,485.27,49.791,41.979,33.915,25.19,17.054,8.801
417.9,Flowing,SMALL_LEAK,499.42,483.11,49.795,41.888,33.824,25.226,17.102,8.893
418.0,Flowing,SMALL_LEAK,500.1,481.64,49.806,41.889,33.76,25.256,17.032,8.85
418.1,Flowing,SMALL_LEAK,501.23,484.26,49.826,42.017,33.778,25.298,16.937,8.86
418.2,Flowing,SMALL_LEAK,498.03,484.96,49.896,41.854,33.81,25.231,17.041,8.963
418.3,Flowing,SMALL_LEAK,499.47,483.44,49.78,41.806,33.873,25.2,17.012,8.906
418.4,Flowing,SMALL_LEAK,499.01,483.85,49.624,41.802,33.711,25.124,17.212,8.868
418.5,Flowing,SMALL_LEAK,499.07,482.58,49.926,41.844,33.911,25.079,17.103,8.754
418.6,Flowing,SMALL_LEAK,499.01,482.81,49.807,41.89,33.875,25.227,16.911,8.828
418.7,Flowing,SMALL_LEAK,500.08,483.61,49.927,41.807,33.955,25.15,17.021,8.943
418.8,Flowing,SMALL_LEAK,500.63,484.78,49.795,41.934,34.008,25.234,16.978,8.758
418.9,Flowing,SMALL_LEAK,500.42,484.12,49.954,41.952,33.966,25.217,17.103,8.816
419.0,Flowing,SMALL_LEAK,500.22,485.22,49.779,41.94,33.981,25.138,16.937,8.823
419.1,Flowing,SMALL_LEAK,500.75,485.98,49.926,41.759,33.868,25.173,17.076,8.756
419.2,Flowing,SMALL_LEAK,502.86,485.06,49.912,41.837,33.775,25.225,16.865,8.775
419.3,Flowing,SMALL_LEAK,500.16,482.09,49.877,41.708,33.644,25.033,17.126,8.814
419.4,Flowing,SMALL_LEAK,501.23,483.66,49.807,41.926,33.818,25.241,17.022,8.782
419.5,Flowing,SMALL_LEAK,501.16,485.05,49.874,41.912,33.835,25.183,16.993,8.636
419.6,Flowing,SMALL_LEAK,502.13,483.86,49.873,41.753,33.9,25.213,17.028,8.876
419.7,Flowing,SMALL_LEAK,500.67,482.06,49.776,41.88,33.871,25.205,16.946,8.868
419.8,Flowing,SMALL_LEAK,498.99,483.34,49.906,41.859,33.764,25.178,17.015,8.875
419.9,Flowing,SMALL_LEAK,500.37,481.27,49.723,41.805,33.818,25.213,16.916,8.803
420.0,Flowing,SMALL_LEAK,500.3,483.67,49.825,41.767,33.841,25.177,17.06,8.749
420.1,Flowing,SMALL_LEAK,500.98,483.18,49.857,41.785,33.802,25.244,17.039,8.787
420.2,Flowing,SMALL_LEAK,498.95,483.57,49.828,41.734,33.962,25.275,17.072,8.692
420.3,Flowing,SMALL_LEAK,501.52,485.42,49.802,41.823,33.696,25.291,17.136,8.985
420.4,Flowing,SMALL_LEAK,500.01,482.4,49.766,41.859,33.956,25.2,16.975,8.671
420.5,Flowing,SMALL_LEAK,501.01,483.14,49.941,41.848,33.792,25.243,17.032,8.833
420.6,Flowing,SMALL_LEAK,500.37,482.63,49.833,41.98,33.839,25.35,17.065,8.848
420.7,Flowing,SMALL_LEAK,500.15,485.29,49.841,41.928,33.859,25.145,16.943,8.854
420.8,Flowing,SMALL_LEAK,500.28,485.36,49.777,41.845,33.935,25.244,16.962,8.933
420.9,Flowing,SMALL_LEAK,500.81,484.43,49.894,41.931,33.669,25.246,17.087,8.956
421.0,Flowing,SMALL_LEAK,502.35,484.37,49.733,41.946,33.982,25.059,17.058,8.869
421.1,Flowing,SMALL_LEAK,497.58,482.56,49.824,41.811,33.903,25.171,17.003,8.885
421.2,Flowing,SMALL_LEAK,500.65,484.24,49.99,41.893,33.861,25.179,16.939,8.909
421.3,Flowing,SMALL_LEAK,500.05,482.65,49.838,41.942,33.824,25.168,17.054,8.814
421.4,Flowing,SMALL_LEAK,499.79,484.05,49.754,41.995,33.8,25.294,17.087,8.719
421.5,Flowing,SMALL_LEAK,497.16,483.59,49.77,41.826,33.781,25.358,17.004,8.891
421.6,Flowing,SMALL_LEAK,500.7,483.29,49.891,41.871,33.853,25.319,16.954,8.958
421.7,Flowing,SMALL_LEAK,499.85,484.03,49.747,41.913,33.738,25.195,17.027,8.781
421.8,Flowing,SMALL_LEAK,499.0,484.81,49.835,41.739,33.771,25.26,17.022,8.765
421.9,Flowing,SMALL_LEAK,500.05,486.13,49.956,41.752,33.821,25.18,17.069,8.824
422.0,Flowing,SMALL_LEAK,499.65,484.66,49.841,41.702,33.919,25.203,17.029,8.76
422.1,Flowing,SMALL_LEAK,497.91,486.73,49.778,41.97,33.708,25.136,17.138,8.871
422.2,Flowing,SMALL_LEAK,500.11,484.24,49.824,41.95,33.886,25.239,17.038,8.857
422.3,Flowing,SMALL_LEAK,500.7,486.14,49.89,42.026,33.834,25.207,16.921,8.816
422.4,Flowing,SMALL_LEAK,499.34,484.52,49.999,41.929,33.807,25.222,16.916,8.742
422.5,Flowing,SMALL_LEAK,500.31,484.29,49.862,41.81,33.766,25.259,17.013,8.695
422.6,Flowing,SMALL_LEAK,500.13,483.8,49.684,41.804,33.723,25.07,17.11,8.812
422.7,Flowing,SMALL_LEAK,501.25,484.36,49.829,41.835,33.759,25.253,17.01,8.759
422.8,Flowing,SMALL_LEAK,499.88,484.52,49.801,41.752,33.818,25.201,16.985,8.824
422.9,Flowing,SMALL_LEAK,500.96,482.3,49.844,41.868,33.925,25.267,17.096,8.752
423.0,Flowing,SMALL_LEAK,499.62,484.84,49.809,41.902,33.904,25.166,17.069,8.745
423.1,Flowing,SMALL_LEAK,502.36,482.22,49.888,41.848,33.739,25.185,17.195,8.836
423.2,Flowing,SMALL_LEAK,499.48,484.84,50.034,41.734,33.91,25.017,17.02,8.87
423.3,Flowing,SMALL_LEAK,499.18,484.72,49.917,41.786,33.933,25.177,17.007,8.785
423.4,Flowing,SMALL_LEAK,499.88,485.71,49.759,41.976,33.854,25.307,17.104,8.743
423.5,Flowing,SMALL_LEAK,499.13,482.97,49.947,41.89,33.767,25.256,16.938,8.949
423.6,Flowing,SMALL_LEAK,498.5,482.82,49.915,41.844,33.951,25.093,16.96,8.8
423.7,Flowing,SMALL_LEAK,500.87,485.33,50.029,41.764,33.713,25.104,17.092,8.772
423.8,Flowing,SMALL_LEAK,496.32,482.71,49.837,41.911,33.837,25.236,17.063,8.786
423.9,Flowing,SMALL_LEAK,499.14,482.59,49.837,41.869,33.919,25.157,16.778,8.874
424.0,Flowing,SMALL_LEAK,498.39,484.25,49.924,41.866,33.871,25.175,17.06,8.888
424.1,Flowing,SMALL_LEAK,500.17,483.94,49.855,42.049,33.725,25.233,16.926,8.89
424.2,Flowing,SMALL_LEAK,497.37,484.19,49.723,41.743,33.799,25.241,16.972,8.773
424.3,Flowing,SMALL_LEAK,500.66,484.65,49.836,41.831,33.969,25.275,16.994,8.988
424.4,Flowing,SMALL_LEAK,500.79,484.65,49.889,41.772,33.871,25.263,16.965,8.736
424.5,Flowing,SMALL_LEAK,498.04,483.91,49.857,41.821,33.968,25.279,16.969,8.854
424.6,Flowing,SMALL_LEAK,500.23,484.06,49.951,41.738,33.768,25.219,17.023,8.816
424.7,Flowing,SMALL_LEAK,500.62,483.92,49.825,41.824,33.881,25.311,16.982,9.015
424.8,Flowing,SMALL_LEAK,501.13,484.04,50.007,41.956,33.9,25.381,16.997,8.753
424.9,Flowing,SMALL_LEAK,498.24,482.34,49.808,41.77,33.86,25.244,17.036,8.819
425.0,Flowing,SMALL_LEAK,498.07,484.91,49.861,41.989,33.9,25.294,17.035,8.691
425.1,Flowing,SMALL_LEAK,501.8,485.26,49.705,42.017,33.807,25.171,17.04,8.864
425.2,Flowing,SMALL_LEAK,499.01,484.76,49.904,41.992,33.97,25.155,17.097,8.789
425.3,Flowing,SMALL_LEAK,499.37,484.67,49.839,41.762,33.715,25.217,16.944,8.894
425.4,Flowing,SMALL_LEAK,500.76,482.81,49.828,41.875,33.959,25.101,16.962,8.834
425.5,Flowing,SMALL_LEAK,498.6,482.3,49.875,41.938,33.919,25.228,17.044,8.846
425.6,Flowing,SMALL_LEAK,499.68,485.0,49.732,41.837,33.87,25.257,16.946,8.718
425.7,Flowing,SMALL_LEAK,501.07,484.03,49.831,42.007,33.784,25.314,17.147,8.824
425.8,Flowing,SMALL_LEAK,498.29,484.2,49.796,41.891,33.866,25.151,16.967,8.856
425.9,Flowing,SMALL_LEAK,499.4,484.26,49.925,41.824,33.844,25.273,17.006,8.796
426.0,Flowing,SMALL_LEAK,498.65,484.31,49.79,41.788,34.064,25.204,17.129,8.955
426.1,Flowing,SMALL_LEAK,499.07,484.78,49.835,41.879,33.858,25.091,16.896,8.824
426.2,Flowing,SMALL_LEAK,501.42,483.89,49.816,42.001,33.831,25.376,16.982,8.973
426.3,Flowing,SMALL_LEAK,501.69,481.71,49.891,41.895,33.809,25.266,17.155,8.808
426.4,Flowing,SMALL_LEAK,500.31,484.83,49.823,41.83,33.98,25.288,17.136,8.845
426.5,Flowing,SMALL_LEAK,500.64,484.69,49.853,41.884,33.936,25.2,17.129,8.849
426.6,Flowing,SMALL_LEAK,500.61,482.45,49.657,41.921,33.748,25.289,17.092,8.846
426.7,Flowing,SMALL_LEAK,499.19,482.6,49.893,41.938,33.81,25.283,17.113,8.961
426.8,Flowing,SMALL_LEAK,500.29,485.06,49.762,41.883,33.773,25.14,17.049,8.826
426.9,Flowing,SMALL_LEAK,498.45,485.34,49.942,41.822,33.839,25.237,16.951,8.762
427.0,Flowing,SMALL_LEAK,498.85,480.8,49.939,41.806,33.945,25.269,16.896,8.862
427.1,Flowing,SMALL_LEAK,499.9,484.53,49.892,41.884,33.839,25.145,17.128,8.812
427.2,Flowing,SMALL_LEAK,498.73,483.74,49.779,41.887,33.791,25.144,16.99,8.767
427.3,Flowing,SMALL_LEAK,498.47,484.09,49.777,41.915,33.841,25.32,16.952,8.682
427.4,Flowing,SMALL_LEAK,499.15,484.16,49.862,41.998,33.892,25.477,17.047,8.839
427.5,Flowing,SMALL_LEAK,501.38,483.09,49.678,41.884,33.863,25.187,17.009,8.815
427.6,Flowing,SMALL_LEAK,501.87,484.78,49.836,42.017,33.82,25.234,16.988,8.883
427.7,Flowing,SMALL_LEAK,499.96,483.17,49.864,41.828,33.696,25.239,16.995,8.815
427.8,Flowing,SMALL_LEAK,500.7,484.9,49.755,41.965,33.919,25.334,17.112,8.867
427.9,Flowing,SMALL_LEAK,499.32,485.16,49.759,41.997,33.776,25.199,17.077,8.881
428.0,Flowing,SMALL_LEAK,497.52,482.95,49.896,41.818,33.801,25.423,17.017,8.807
428.1,Flowing,SMALL_LEAK,498.93,482.98,49.793,41.87,33.866,25.219,17.051,8.961
428.2,Flowing,SMALL_LEAK,499.63,484.14,49.802,41.853,33.798,25.244,16.975,8.778
428.3,Flowing,SMALL_LEAK,500.17,485.8,49.733,41.858,33.884,25.369,17.058,8.784
428.4,Flowing,SMALL_LEAK,499.88,483.29,49.741,41.752,33.746,25.37,17.043,8.773
428.5,Flowing,SMALL_LEAK,499.66,483.52,49.773,41.782,33.801,25.325,17.018,8.704
428.6,Flowing,SMALL_LEAK,499.31,484.39,50.035,41.759,33.803,25.325,17.053,8.782
428.7,Flowing,SMALL_LEAK,500.41,484.79,49.751,41.773,33.777,25.221,17.035,8.808
428.8,Flowing,SMALL_LEAK,498.36,484.63,49.847,41.766,33.873,25.322,17.007,8.805
428.9,Flowing,SMALL_LEAK,500.96,484.04,49.857,41.939,33.778,25.336,17.054,8.822
429.0,Flowing,SMALL_LEAK,499.3,483.63,49.947,41.755,33.892,25.254,16.945,8.857
429.1,Flowing,SMALL_LEAK,502.48,484.4,49.873,41.836,33.919,25.174,17.042,8.809
429.2,Flowing,SMALL_LEAK,499.62,480.16,49.801,41.89,33.833,25.102,16.876,8.883
429.3,Flowing,SMALL_LEAK,499.42,486.24,49.752,41.872,33.854,25.191,17.177,8.834
429.4,Flowing,SMALL_LEAK,499.32,483.78,49.91,41.873,33.831,25.218,17.137,8.907
429.5,Flowing,SMALL_LEAK,499.44,484.22,50.006,41.868,33.78,25.185,16.925,8.881
429.6,Flowing,SMALL_LEAK,500.73,486.52,49.803,41.606,34.047,25.174,16.974,8.954
429.7,Flowing,SMALL_LEAK,499.95,483.11,49.753,41.941,33.803,25.114,17.156,8.894
429.8,Flowing,SMALL_LEAK,501.18,486.8,49.924,41.879,33.898,25.121,17.029,8.746
429.9,Flowing,SMALL_LEAK,500.56,484.89,49.739,41.883,33.943,25.189,17.003,8.729
430.0,Flowing,SMALL_LEAK,500.04,484.54,49.851,41.911,33.913,25.264,16.971,8.768
430.1,Flowing,SMALL_LEAK,500.45,484.77,49.914,41.915,33.836,25.186,17.113,8.791
430.2,Flowing,SMALL_LEAK,501.44,482.99,49.91,41.839,33.766,25.349,17.03,8.763
430.3,Flowing,SMALL_LEAK,500.79,482.02,49.739,41.747,33.82,25.374,16.973,8.936
430.4,Flowing,SMALL_LEAK,500.34,482.58,49.84,41.756,33.812,25.118,16.952,8.749
430.5,Flowing,SMALL_LEAK,500.51,485.3,49.698,41.971,33.867,25.165,17.038,8.753
430.6,Flowing,SMALL_LEAK,498.62,482.88,49.636,42.087,33.865,25.173,16.865,8.7
430.7,Flowing,SMALL_LEAK,503.09,482.02,49.982,41.97,33.91,25.131,17.141,8.856
430.8,Flowing,SMALL_LEAK,500.63,483.9,49.902,41.886,33.729,25.124,16.979,8.871
430.9,Flowing,SMALL_LEAK,500.75,484.69,49.74,41.836,33.836,25.283,17.074,8.739
431.0,Flowing,SMALL_LEAK,499.97,484.05,49.966,41.757,33.937,25.176,17.033,8.838
431.1,Flowing,SMALL_LEAK,497.24,484.73,49.866,41.904,33.881,25.283,17.057,8.719
431.2,Flowing,SMALL_LEAK,499.68,485.39,49.872,41.805,33.761,25.197,17.035,8.84
431.3,Flowing,SMALL_LEAK,500.09,484.69,49.934,41.955,33.877,25.261,17.028,8.881
431.4,Flowing,SMALL_LEAK,499.01,483.82,49.889,41.846,34.022,25.176,17.136,8.712
431.5,Flowing,SMALL_LEAK,499.0,483.35,49.915,41.965,33.697,25.231,17.077,8.84
431.6,Flowing,SMALL_LEAK,499.59,484.92,49.88,41.861,33.762,25.409,16.98,8.855
431.7,Flowing,SMALL_LEAK,500.93,484.33,49.798,41.668,33.776,25.104,17.107,8.771
431.8,Flowing,SMALL_LEAK,501.51,482.97,49.809,41.765,33.858,25.163,17.099,8.844
431.9,Flowing,SMALL_LEAK,500.21,485.56,49.804,41.918,33.851,25.222,16.903,8.814
432.0,Flowing,SMALL_LEAK,499.32,484.31,49.876,41.957,33.79,25.402,17.065,8.698
432.1,Flowing,SMALL_LEAK,499.57,484.78,49.782,41.964,33.949,25.221,17.032,8.727
432.2,Flowing,SMALL_LEAK,500.12,483.53,49.956,41.771,33.918,25.328,17.024,8.897
432.3,Flowing,SMALL_LEAK,500.26,485.36,49.998,41.871,33.836,25.215,16.961,8.759
432.4,Flowing,SMALL_LEAK,500.52,482.1,49.885,41.837,33.876,25.101,17.013,8.902
432.5,Flowing,SMALL_LEAK,499.47,486.01,49.76,41.851,33.702,25.116,17.085,8.795
432.6,Flowing,SMALL_LEAK,500.64,481.67,49.996,41.885,33.892,25.134,16.989,8.761
432.7,Flowing,SMALL_LEAK,500.54,482.35,49.765,41.903,33.919,25.252,16.954,8.846
432.8,Flowing,SMALL_LEAK,499.53,484.3,49.697,41.956,33.746,25.13,17.029,8.836
432.9,Flowing,SMALL_LEAK,497.94,483.36,49.844,41.761,33.941,25.085,16.901,8.811
433.0,Flowing,SMALL_LEAK,498.94,483.61,49.749,41.948,33.756,25.345,17.103,8.919
433.1,Flowing,SMALL_LEAK,501.88,483.36,50.001,41.856,33.769,25.212,16.975,8.763
433.2,Flowing,SMALL_LEAK,497.97,483.06,49.862,41.825,33.79,25.2,17.064,8.897
433.3,Flowing,SMALL_LEAK,501.58,484.38,49.722,41.826,33.839,25.125,17.01,8.832
433.4,Flowing,SMALL_LEAK,497.93,483.94,49.892,41.856,33.78,25.381,17.086,8.864
433.5,Flowing,SMALL_LEAK,499.07,485.06,49.93,41.87,33.953,25.225,17.02,8.871
433.6,Flowing,SMALL_LEAK,499.55,484.1,49.976,41.971,33.897,25.261,17.076,8.899
433.7,Flowing,SMALL_LEAK,502.14,483.5,49.954,41.831,33.955,25.247,17.072,8.931
433.8,Flowing,SMALL_LEAK,500.03,484.93,49.91,41.923,33.819,25.34,17.076,8.83
433.9,Flowing,SMALL_LEAK,499.74,481.8,49.938,42.057,33.756,25.156,17.235,8.854
434.0,Flowing,SMALL_LEAK,498.88,480.9,49.865,41.841,33.947,25.429,16.967,8.812
434.1,Flowing,SMALL_LEAK,500.63,482.09,49.822,41.909,33.948,25.35,17.081,9.022
434.2,Flowing,SMALL_LEAK,499.38,483.59,49.804,41.783,33.968,25.23,16.91,8.795
434.3,Flowing,SMALL_LEAK,499.73,484.47,49.87,41.798,33.769,25.203,16.935,8.871
434.4,Flowing,SMALL_LEAK,499.57,480.79,49.694,41.857,33.892,25.213,17.107,8.71
434.5,Flowing,SMALL_LEAK,500.86,483.99,49.794,41.824,33.907,25.237,17.191,8.756
434.6,Flowing,SMALL_LEAK,500.91,483.57,49.738,41.993,33.736,25.275,16.942,8.654
434.7,Flowing,SMALL_LEAK,498.93,484.16,49.82,41.922,33.752,25.266,17.081,8.718
434.8,Flowing,SMALL_LEAK,499.25,481.71,49.832,41.976,33.902,25.199,17.053,8.765
434.9,Flowing,SMALL_LEAK,499.13,487.14,49.939,41.939,33.86,25.238,16.94,8.712
435.0,Flowing,SMALL_LEAK,500.22,484.04,49.82,41.843,33.935,25.294,17.035,8.915
435.1,Flowing,SMALL_LEAK,501.09,482.54,49.775,41.936,33.787,25.319,17.019,8.66
435.2,Flowing,SMALL_LEAK,500.24,484.16,49.908,41.915,33.813,25.19,17.007,8.666
435.3,Flowing,SMALL_LEAK,497.37,485.79,49.661,41.954,33.784,25.368,17.13,8.945
435.4,Flowing,SMALL_LEAK,500.91,482.46,49.798,41.721,33.763,25.184,16.83,8.782
435.5,Flowing,SMALL_LEAK,498.38,482.21,49.834,41.746,33.767,25.202,17.049,8.749
435.6,Flowing,SMALL_LEAK,499.14,483.86,49.873,41.861,33.854,25.168,16.913,8.956
435.7,Flowing,SMALL_LEAK,500.24,483.96,49.9,41.93,33.843,25.207,17.059,8.673
435.8,Flowing,SMALL_LEAK,499.9,484.85,49.761,41.786,33.814,25.15,17.047,8.827
435.9,Flowing,SMALL_LEAK,501.05,485.77,49.961,42.048,33.749,25.232,17.032,8.819
436.0,Flowing,SMALL_LEAK,499.27,484.94,49.763,41.777,33.869,25.144,17.033,8.8
436.1,Flowing,SMALL_LEAK,498.84,482.33,49.861,41.774,33.863,25.15,17.033,8.927
436.2,Flowing,SMALL_LEAK,499.63,482.71,49.871,41.876,33.915,25.108,17.158,8.736
436.3,Flowing,SMALL_LEAK,501.17,483.04,49.92,41.91,33.778,25.301,17.06,8.971
436.4,Flowing,SMALL_LEAK,500.76,484.93,49.865,41.841,33.809,25.081,16.995,8.798
436.5,Flowing,SMALL_LEAK,500.1,484.73,49.871,41.736,33.831,25.266,17.074,8.671
436.6,Flowing,SMALL_LEAK,501.59,485.51,49.907,41.83,33.835,25.031,17.139,8.834
436.7,Flowing,SMALL_LEAK,501.37,484.67,49.727,41.88,33.878,25.318,16.995,8.821
436.8,Flowing,SMALL_LEAK,500.95,483.25,49.799,41.898,33.787,25.149,17.015,8.722
436.9,Flowing,SMALL_LEAK,498.59,483.76,49.978,42.004,33.814,25.109,17.047,8.781
437.0,Flowing,SMALL_LEAK,500.94,482.25,49.944,41.787,33.894,25.229,16.966,8.839
437.1,Flowing,SMALL_LEAK,499.76,484.75,49.92,41.857,33.858,25.15,17.112,8.904
437.2,Flowing,SMALL_LEAK,499.53,483.25,49.817,41.84,33.963,25.129,17.068,8.775
437.3,Flowing,SMALL_LEAK,499.18,485.47,49.992,41.855,33.951,25.159,16.92,8.801
437.4,Flowing,SMALL_LEAK,499.79,484.72,49.871,41.809,33.911,25.203,16.853,8.864
437.5,Flowing,SMALL_LEAK,499.25,486.33,49.779,41.821,33.974,25.362,16.974,8.866
437.6,Flowing,SMALL_LEAK,500.2,484.5,49.806,41.827,33.802,25.082,17.028,8.843
437.7,Flowing,SMALL_LEAK,499.79,484.48,49.796,41.937,33.815,25.169,17.062,8.697
437.8,Flowing,SMALL_LEAK,500.26,483.78,49.923,41.818,33.929,25.323,17.071,8.755
437.9,Flowing,SMALL_LEAK,500.66,483.54,49.75,41.735,33.938,25.209,16.972,8.809
438.0,Flowing,SMALL_LEAK,499.65,483.69,49.936,41.912,33.885,25.271,17.034,8.844
438.1,Flowing,SMALL_LEAK,499.12,485.2,49.868,41.85,33.91,25.249,16.95,8.862
438.2,Flowing,SMALL_LEAK,497.59,482.38,49.87,41.899,33.842,25.285,17.015,8.878
438.3,Flowing,SMALL_LEAK,500.92,484.08,49.813,41.819,33.898,25.193,17.196,8.865
438.4,Flowing,SMALL_LEAK,500.09,482.0,49.852,41.916,33.812,25.294,17.092,8.92
438.5,Flowing,SMALL_LEAK,499.79,484.45,49.815,41.752,33.801,25.197,17.153,8.996
438.6,Flowing,SMALL_LEAK,501.41,483.45,49.878,41.851,33.822,25.286,17.195,8.963
438.7,Flowing,SMALL_LEAK,498.45,484.6,49.941,41.94,33.917,25.216,16.961,8.818
438.8,Flowing,SMALL_LEAK,500.07,483.11,49.884,41.734,33.838,25.154,17.101,8.776
438.9,Flowing,SMALL_LEAK,498.84,483.69,49.876,41.794,33.978,25.084,17.058,8.718
439.0,Flowing,SMALL_LEAK,500.79,484.76,49.809,41.866,33.87,25.238,17.032,8.769
439.1,Flowing,SMALL_LEAK,497.33,484.15,49.837,41.853,33.866,25.215,17.078,8.827
439.2,Flowing,SMALL_LEAK,500.96,485.85,49.866,41.819,33.766,25.232,17.117,8.856
439.3,Flowing,SMALL_LEAK,500.92,483.42,49.785,41.915,33.823,25.277,16.99,8.848
439.4,Flowing,SMALL_LEAK,498.89,483.32,49.809,41.811,33.725,25.261,17.05,8.854
439.5,Flowing,SMALL_LEAK,500.08,485.48,49.872,41.789,33.927,25.299,16.957,8.863
439.6,Flowing,SMALL_LEAK,498.92,483.56,49.92,41.812,33.826,25.263,16.899,8.733
439.7,Flowing,SMALL_LEAK,500.51,483.5,49.771,41.706,33.937,25.061,17.047,8.885
439.8,Flowing,SMALL_LEAK,500.98,484.46,49.827,41.797,33.869,25.22,17.1,8.61
439.9,Flowing,SMALL_LEAK,498.79,483.8,49.777,41.895,33.854,25.28,17.041,8.809
440.0,Flowing,SMALL_LEAK,498.44,483.63,49.826,42.036,33.973,25.26,17.026,8.863
440.1,Flowing,SMALL_LEAK,501.32,483.17,49.916,41.884,33.79,25.363,17.04,8.981
440.2,Flowing,SMALL_LEAK,502.33,485.63,49.865,41.83,33.961,25.244,17.031,8.724
440.3,Flowing,SMALL_LEAK,500.59,483.82,49.903,41.811,33.814,25.181,17.055,8.697
440.4,Flowing,SMALL_LEAK,500.68,483.33,49.833,41.928,33.75,25.234,16.969,8.788
440.5,Flowing,SMALL_LEAK,499.6,483.64,49.982,41.718,33.911,25.182,16.978,8.731
440.6,Flowing,SMALL_LEAK,500.22,484.43,49.91,41.835,33.825,25.229,17.006,8.66
440.7,Flowing,SMALL_LEAK,500.42,485.75,49.811,41.922,33.729,25.133,16.986,8.762
440.8,Flowing,SMALL_LEAK,499.78,483.8,49.848,41.763,33.819,25.216,17.072,8.92
440.9,Flowing,SMALL_LEAK,501.62,482.96,49.829,42.001,33.835,25.286,17.175,8.831
441.0,Flowing,SMALL_LEAK,500.21,486.3,49.74,41.857,33.801,25.198,17.179,8.722
441.1,Flowing,SMALL_LEAK,500.37,484.16,49.874,41.78,33.825,25.28,17.045,8.802
441.2,Flowing,SMALL_LEAK,499.81,483.87,49.798,41.875,33.987,25.148,17.173,8.916
441.3,Flowing,SMALL_LEAK,499.93,484.09,49.96,41.875,33.944,25.139,16.967,8.881
441.4,Flowing,SMALL_LEAK,501.46,482.51,49.874,41.838,33.65,25.185,16.926,8.859
441.5,Flowing,SMALL_LEAK,500.18,483.95,49.835,41.8,34.061,25.303,17.104,8.996
441.6,Flowing,SMALL_LEAK,500.2,484.91,49.914,41.788,33.779,25.297,16.855,8.814
441.7,Flowing,SMALL_LEAK,500.22,485.46,49.676,41.858,33.918,25.242,17.095,8.977
441.8,Flowing,SMALL_LEAK,499.56,483.57,49.839,42.075,33.867,25.296,16.971,8.95
441.9,Flowing,SMALL_LEAK,498.31,484.23,49.933,41.968,33.854,25.12,17.057,8.684
442.0,Flowing,SMALL_LEAK,501.89,485.49,49.823,41.865,34.04,25.245,17.031,8.815
442.1,Flowing,SMALL_LEAK,501.28,484.05,49.743,41.857,33.858,25.143,16.925,8.781
442.2,Flowing,SMALL_LEAK,501.5,484.86,49.855,41.813,33.766,25.243,17.063,8.83
442.3,Flowing,SMALL_LEAK,498.71,484.51,49.805,41.898,33.835,25.125,17.103,8.848
442.4,Flowing,SMALL_LEAK,501.73,483.2,49.84,41.724,33.79,25.381,16.899,8.8
442.5,Flowing,SMALL_LEAK,502.36,482.9,49.849,41.876,33.73,25.234,16.885,8.828
442.6,Flowing,SMALL_LEAK,501.25,485.27,49.798,41.781,33.917,25.201,17.058,8.861
442.7,Flowing,SMALL_LEAK,501.98,480.79,49.952,41.753,33.924,25.221,16.99,8.728
442.8,Flowing,SMALL_LEAK,500.96,483.2,49.899,41.776,33.891,25.374,17.098,8.931
442.9,Flowing,SMALL_LEAK,498.98,482.33,49.792,41.911,33.758,25.201,17.159,8.771
443.0,Flowing,SMALL_LEAK,500.61,485.27,49.939,41.931,33.936,25.119,17.062,8.807
443.1,Flowing,SMALL_LEAK,498.78,485.64,49.937,41.718,33.879,25.238,16.861,8.749
443.2,Flowing,SMALL_LEAK,499.28,483.13,49.704,41.792,33.894,25.236,17.034,8.737
443.3,Flowing,SMALL_LEAK,500.38,487.32,49.94,41.848,33.853,25.295,16.941,8.838
443.4,Flowing,SMALL_LEAK,500.22,485.65,49.884,41.806,33.902,25.258,17.012,8.809
443.5,Flowing,SMALL_LEAK,500.56,484.24,49.892,41.913,33.855,25.31,17.073,8.677
443.6,Flowing,SMALL_LEAK,497.85,485.8,49.738,41.945,33.83,25.233,17.111,8.819
443.7,Flowing,SMALL_LEAK,499.81,483.23,49.853,41.781,33.88,25.267,16.974,8.746
443.8,Flowing,SMALL_LEAK,500.66,483.67,50.06,41.843,33.795,25.277,17.016,8.733
443.9,Flowing,SMALL_LEAK,500.9,484.56,49.889,41.782,33.976,25.26,16.998,8.829
444.0,Flowing,SMALL_LEAK,500.98,483.17,49.922,41.865,34.02,25.311,17.059,8.745
444.1,Flowing,SMALL_LEAK,500.3,482.46,49.838,41.888,33.784,25.323,16.942,8.769
444.2,Flowing,SMALL_LEAK,499.54,482.87,49.805,41.91,33.786,25.076,17.107,8.784
444.3,Flowing,SMALL_LEAK,500.6,483.76,49.765,41.79,33.987,25.167,17.01,8.784
444.4,Flowing,SMALL_LEAK,499.64,484.56,49.751,41.791,33.746,25.296,17.028,9.019
444.5,Flowing,SMALL_LEAK,501.08,483.59,49.793,41.781,33.973,25.305,17.051,8.731
444.6,Flowing,SMALL_LEAK,500.51,482.03,49.99,41.844,33.816,25.311,17.018,8.727
444.7,Flowing,SMALL_LEAK,499.93,484.56,49.853,41.787,33.609,25.149,16.978,8.728
444.8,Flowing,SMALL_LEAK,499.08,485.53,49.896,41.788,33.888,25.121,17.093,8.718
444.9,Flowing,SMALL_LEAK,501.34,483.21,49.663,41.949,33.782,25.361,17.065,8.883
445.0,Flowing,SMALL_LEAK,500.67,486.0,49.934,41.859,33.86,25.323,17.029,8.762
445.1,Flowing,SMALL_LEAK,502.52,485.04,49.897,41.681,33.956,25.327,17.116,8.913
445.2,Flowing,SMALL_LEAK,500.63,482.74,49.843,41.841,33.752,25.36,16.981,8.847
445.3,Flowing,SMALL_LEAK,500.73,483.22,49.87,41.743,33.71,25.22,16.984,8.813
445.4,Flowing,SMALL_LEAK,498.24,483.62,49.935,41.868,33.911,25.256,16.995,8.74
445.5,Flowing,SMALL_LEAK,500.37,483.78,49.871,41.857,33.923,25.208,16.996,8.802
445.6,Flowing,SMALL_LEAK,499.62,481.07,49.777,41.966,33.941,25.123,17.084,8.672
445.7,Flowing,SMALL_LEAK,500.99,483.1,49.929,41.794,33.879,25.066,16.924,8.857
445.8,Flowing,SMALL_LEAK,500.4,483.34,49.794,41.783,33.962,25.397,17.095,8.733
445.9,Flowing,SMALL_LEAK,501.18,486.27,49.991,41.725,33.826,25.224,17.174,8.893
446.0,Flowing,SMALL_LEAK,502.56,484.27,49.813,41.774,33.93,25.177,17.037,8.71
446.1,Flowing,SMALL_LEAK,499.04,483.04,49.896,41.889,33.751,25.303,17.064,8.879
446.2,Flowing,SMALL_LEAK,501.14,483.47,49.82,41.864,33.855,25.208,17.034,8.921
446.3,Flowing,SMALL_LEAK,500.82,484.51,49.936,41.755,33.929,25.315,17.008,8.861
446.4,Flowing,SMALL_LEAK,502.38,483.55,49.89,41.782,33.819,25.28,16.98,8.898
446.5,Flowing,SMALL_LEAK,500.85,483.3,49.954,41.941,34.008,25.213,17.034,8.846
446.6,Flowing,SMALL_LEAK,500.72,483.34,49.845,41.893,33.713,25.236,16.91,8.743
446.7,Flowing,SMALL_LEAK,501.02,484.58,49.909,41.834,33.906,25.202,17.109,8.801
446.8,Flowing,SMALL_LEAK,501.11,482.34,49.694,41.868,33.676,25.104,16.949,8.739
446.9,Flowing,SMALL_LEAK,501.75,482.7,49.806,41.767,33.738,25.343,16.966,8.642
447.0,Flowing,SMALL_LEAK,499.02,482.89,49.821,41.76,33.779,25.277,16.984,8.728
447.1,Flowing,SMALL_LEAK,499.53,482.68,49.886,41.942,33.893,25.024,16.931,8.824
447.2,Flowing,SMALL_LEAK,502.08,483.01,49.83,41.824,33.771,25.108,17.181,8.822
447.3,Flowing,SMALL_LEAK,497.65,485.08,49.901,41.851,33.854,25.215,16.93,8.699
447.4,Flowing,SMALL_LEAK,499.9,485.24,49.881,41.865,33.925,25.279,16.955,8.911
447.5,Flowing,SMALL_LEAK,500.18,484.33,49.911,41.905,34.03,25.384,17.075,8.865
447.6,Flowing,SMALL_LEAK,499.79,484.26,49.937,41.803,33.804,25.274,16.951,8.867
447.7,Flowing,SMALL_LEAK,501.9,483.2,49.863,41.782,33.852,25.324,17.027,8.827
447.8,Flowing,SMALL_LEAK,500.57,481.5,49.876,41.887,33.824,25.248,16.936,8.756
447.9,Flowing,SMALL_LEAK,499.54,484.17,49.796,41.888,33.863,25.209,17.075,8.85
448.0,Flowing,SMALL_LEAK,499.24,484.36,49.827,41.767,33.784,25.103,17.031,8.751
448.1,Flowing,SMALL_LEAK,500.34,483.19,49.81,41.84,33.934,25.294,17.016,8.921
448.2,Flowing,SMALL_LEAK,501.4,482.71,49.689,42.0,33.905,25.228,16.949,8.785
448.3,Flowing,SMALL_LEAK,500.17,482.47,49.899,41.901,33.903,25.162,16.946,8.836
448.4,Flowing,SMALL_LEAK,499.84,484.2,49.912,41.85,33.969,25.223,17.02,8.874
448.5,Flowing,SMALL_LEAK,499.17,484.1,49.948,41.742,33.761,25.195,17.273,8.799
448.6,Flowing,SMALL_LEAK,500.45,485.43,49.84,41.899,33.928,25.234,17.113,8.724
448.7,Flowing,SMALL_LEAK,500.38,483.03,49.789,41.943,33.851,25.119,16.914,8.755
448.8,Flowing,SMALL_LEAK,499.13,483.65,49.85,41.887,33.824,25.251,16.985,8.918
448.9,Flowing,SMALL_LEAK,501.23,484.02,50.054,41.819,33.888,25.252,17.031,8.872
449.0,Flowing,SMALL_LEAK,502.05,483.34,49.888,41.812,33.955,25.236,16.989,9.015
449.1,Flowing,SMALL_LEAK,500.06,485.01,49.841,41.87,33.864,25.21,17.056,8.752
449.2,Flowing,SMALL_LEAK,500.36,485.49,49.898,41.709,33.746,25.366,16.92,8.663
449.3,Flowing,SMALL_LEAK,498.67,482.67,49.751,41.989,33.707,25.144,16.903,8.798
449.4,Flowing,SMALL_LEAK,500.88,483.45,49.815,41.812,33.998,25.124,17.012,8.847
449.5,Flowing,SMALL_LEAK,500.56,485.59,49.772,41.889,33.818,25.25,17.011,8.656
449.6,Flowing,SMALL_LEAK,499.61,484.39,49.954,42.016,33.836,25.148,17.14,8.971
449.7,Flowing,SMALL_LEAK,499.11,484.14,49.836,41.833,33.844,25.086,16.997,8.957
449.8,Flowing,SMALL_LEAK,502.22,484.41,49.837,41.767,33.89,25.167,17.015,8.718
449.9,Flowing,SMALL_LEAK,500.46,484.79,49.767,41.909,33.859,25.158,17.03,8.771
450.0,Flowing,SMALL_LEAK,498.9,484.47,49.787,41.943,33.913,25.218,17.032,8.819
450.1,Flowing,SMALL_LEAK,501.03,484.26,49.889,41.786,33.919,25.248,16.999,8.781
450.2,Flowing,SMALL_LEAK,500.28,484.01,49.917,41.838,33.794,25.189,17.082,8.691
450.3,Flowing,SMALL_LEAK,500.07,485.62,49.822,41.936,33.837,25.242,17.107,8.891
450.4,Flowing,SMALL_LEAK,501.17,483.68,49.815,41.84,33.922,25.295,17.013,8.816
450.5,Flowing,SMALL_LEAK,496.86,484.0,49.871,41.959,33.935,25.275,16.934,8.798
450.6,Flowing,SMALL_LEAK,497.83,485.86,49.832,41.963,33.831,25.32,16.974,8.781
450.7,Flowing,SMALL_LEAK,501.66,484.39,49.889,41.975,33.833,25.015,16.895,8.844
450.8,Flowing,SMALL_LEAK,499.85,483.92,49.732,41.781,33.851,25.024,16.99,8.727
450.9,Flowing,SMALL_LEAK,499.49,484.76,49.73,41.786,33.764,25.258,17.116,8.791
451.0,Flowing,SMALL_LEAK,498.39,484.27,49.802,41.817,33.761,25.117,16.888,8.714
451.1,Flowing,SMALL_LEAK,500.23,483.11,49.981,41.795,33.615,25.173,16.893,8.825
451.2,Flowing,SMALL_LEAK,500.38,484.29,49.846,41.854,33.847,25.19,16.904,8.814
451.3,Flowing,SMALL_LEAK,501.73,483.03,49.932,41.995,33.831,25.21,17.06,8.939
451.4,Flowing,SMALL_LEAK,500.45,486.19,49.811,41.905,33.784,25.246,17.098,8.717
451.5,Flowing,SMALL_LEAK,499.64,484.29,49.808,41.926,33.899,25.303,17.088,8.793
451.6,Flowing,SMALL_LEAK,500.49,482.87,50.026,41.861,33.606,25.197,16.982,8.884
451.7,Flowing,SMALL_LEAK,501.33,483.53,49.814,41.938,33.895,25.14,17.009,8.758
451.8,Flowing,SMALL_LEAK,501.07,484.91,49.865,41.787,33.856,25.198,17.008,8.984
451.9,Flowing,SMALL_LEAK,500.75,482.69,49.821,41.695,33.931,25.301,16.862,8.764
452.0,Flowing,SMALL_LEAK,500.33,487.26,49.885,41.892,33.85,25.221,16.945,8.628
452.1,Flowing,SMALL_LEAK,499.3,482.25,50.014,41.773,33.864,25.207,17.092,8.829
452.2,Flowing,SMALL_LEAK,498.76,485.11,49.862,41.639,33.783,25.28,17.072,8.744
452.3,Flowing,SMALL_LEAK,498.57,483.42,49.724,41.86,33.617,25.128,17.161,8.936
452.4,Flowing,SMALL_LEAK,500.47,483.03,49.889,41.875,33.694,25.161,16.996,8.762
452.5,Flowing,SMALL_LEAK,500.6,484.65,49.822,41.954,33.807,25.193,17.079,8.706
452.6,Flowing,SMALL_LEAK,501.31,483.46,49.783,41.791,33.854,25.192,16.995,8.767
452.7,Flowing,SMALL_LEAK,500.67,485.91,49.764,41.899,33.823,25.27,16.931,8.767
452.8,Flowing,SMALL_LEAK,501.26,482.32,49.832,41.84,33.91,25.186,17.08,8.85
452.9,Flowing,SMALL_LEAK,499.84,484.67,49.841,41.774,33.911,25.146,17.018,8.816
453.0,Flowing,SMALL_LEAK,500.93,483.67,49.833,41.819,33.784,25.091,17.132,8.781
453.1,Flowing,SMALL_LEAK,498.8,484.36,49.84,41.839,33.938,25.375,17.033,8.807
453.2,Flowing,SMALL_LEAK,499.93,484.62,49.76,41.735,33.708,25.156,16.853,8.906
453.3,Flowing,SMALL_LEAK,497.8,481.92,49.884,41.83,33.939,25.134,16.954,8.665
453.4,Flowing,SMALL_LEAK,500.04,484.28,49.912,41.785,33.851,25.3,17.13,8.818
453.5,Flowing,SMALL_LEAK,501.47,485.31,49.881,41.778,33.985,25.207,17.026,8.787
453.6,Flowing,SMALL_LEAK,500.08,484.56,49.946,41.866,33.911,25.248,17.002,8.894
453.7,Flowing,SMALL_LEAK,500.87,483.56,49.878,41.773,33.771,25.232,17.093,8.951
453.8,Flowing,SMALL_LEAK,500.33,482.3,49.708,41.852,33.889,25.244,17.101,8.872
453.9,Flowing,SMALL_LEAK,499.32,484.61,49.771,41.769,33.875,25.299,17.031,8.694
454.0,Flowing,SMALL_LEAK,499.78,486.25,49.766,41.905,33.822,25.229,17.105,8.724
454.1,Flowing,SMALL_LEAK,501.42,484.79,49.817,41.808,33.878,25.282,16.902,8.82
454.2,Flowing,SMALL_LEAK,500.86,485.39,49.92,41.702,33.845,25.123,16.969,8.62
454.3,Flowing,SMALL_LEAK,499.26,485.12,49.961,41.822,33.785,25.246,16.937,8.729
454.4,Flowing,SMALL_LEAK,498.34,483.53,49.971,41.995,33.803,25.305,17.048,8.707
454.5,Flowing,SMALL_LEAK,500.25,484.11,49.776,41.974,33.736,25.402,16.974,8.946
454.6,Flowing,SMALL_LEAK,499.3,485.04,49.826,41.914,33.962,25.331,16.973,8.751
454.7,Flowing,SMALL_LEAK,499.79,482.1,49.844,41.746,33.869,25.154,17.107,8.774
454.8,Flowing,SMALL_LEAK,498.25,484.78,49.711,41.962,33.865,25.222,17.108,8.89
454.9,Flowing,SMALL_LEAK,501.25,485.51,49.789,41.814,33.761,25.103,17.066,8.851
455.0,Flowing,SMALL_LEAK,499.88,483.94,49.911,41.953,33.912,25.289,16.854,8.795
455.1,Flowing,SMALL_LEAK,500.07,484.98,49.927,41.757,33.857,25.262,17.055,8.85
455.2,Flowing,SMALL_LEAK,499.0,483.33,49.898,41.864,33.733,25.261,17.043,8.704
455.3,Flowing,SMALL_LEAK,499.67,484.05,49.96,41.893,33.74,25.155,16.975,8.775
455.4,Flowing,SMALL_LEAK,500.15,483.67,49.873,41.772,33.94,25.304,17.07,8.824
455.5,Flowing,SMALL_LEAK,499.26,484.55,49.925,41.828,33.792,25.315,17.045,8.765
455.6,Flowing,SMALL_LEAK,499.74,483.87,49.817,41.791,34.012,25.22,17.033,8.878
455.7,Flowing,SMALL_LEAK,501.66,481.99,49.753,41.938,33.801,25.366,16.995,8.903
455.8,Flowing,SMALL_LEAK,497.9,483.14,49.65,41.756,33.827,25.058,17.068,8.845
455.9,Flowing,SMALL_LEAK,500.22,486.33,49.771,41.849,33.915,25.052,16.918,8.793
456.0,Flowing,SMALL_LEAK,499.06,484.68,49.852,41.845,33.921,25.258,17.076,8.709
456.1,Flowing,SMALL_LEAK,501.6,481.48,49.862,41.825,33.967,25.234,16.966,8.888
456.2,Flowing,SMALL_LEAK,499.78,485.45,49.895,41.784,33.822,25.193,17.118,8.836
456.3,Flowing,SMALL_LEAK,498.74,482.62,49.908,41.811,33.877,25.324,16.991,8.829
456.4,Flowing,SMALL_LEAK,499.74,485.07,49.741,41.789,33.823,25.135,17.126,8.753
456.5,Flowing,SMALL_LEAK,500.42,485.55,49.913,41.865,33.852,25.339,16.839,8.804
456.6,Flowing,SMALL_LEAK,503.33,484.12,49.764,41.693,33.754,25.221,16.962,8.892
456.7,Flowing,SMALL_LEAK,497.47,482.8,49.833,41.824,33.824,25.212,16.987,8.752
456.8,Flowing,SMALL_LEAK,498.56,483.14,49.929,41.8,33.819,25.254,17.045,8.749
456.9,Flowing,SMALL_LEAK,501.57,484.76,49.91,41.893,33.864,25.185,16.987,8.804
457.0,Flowing,SMALL_LEAK,498.19,482.64,49.751,41.847,33.921,25.29,16.99,8.905
457.1,Flowing,SMALL_LEAK,500.01,483.3,50.002,41.825,33.905,25.039,16.919,8.827
457.2,Flowing,SMALL_LEAK,499.42,484.62,49.769,42.013,33.898,25.297,17.018,8.74
457.3,Flowing,SMALL_LEAK,499.23,483.22,49.808,41.87,33.799,25.274,17.077,8.82
457.4,Flowing,SMALL_LEAK,499.79,485.7,49.704,41.987,33.833,25.437,17.072,8.803
457.5,Flowing,SMALL_LEAK,499.6,482.75,49.886,41.688,33.932,25.425,16.853,8.797
457.6,Flowing,SMALL_LEAK,501.27,480.05,49.842,41.92,34.018,25.251,17.191,8.834
457.7,Flowing,SMALL_LEAK,501.59,483.07,49.886,41.876,33.948,25.186,17.085,8.722
457.8,Flowing,SMALL_LEAK,500.51,484.37,49.827,41.799,33.857,25.195,17.111,8.75
457.9,Flowing,SMALL_LEAK,499.72,485.04,49.711,41.741,33.93,25.142,17.052,8.796
458.0,Flowing,SMALL_LEAK,500.31,483.51,49.916,41.832,34.071,25.372,16.995,8.784
458.1,Flowing,SMALL_LEAK,500.97,483.67,50.101,41.764,33.846,25.222,17.02,8.681
458.2,Flowing,SMALL_LEAK,501.2,483.96,49.89,41.772,33.965,25.104,17.025,8.643
458.3,Flowing,SMALL_LEAK,500.44,486.09,49.678,41.783,33.794,25.337,17.017,8.923
458.4,Flowing,SMALL_LEAK,501.83,484.45,49.82,41.898,33.792,25.157,16.874,8.847
458.5,Flowing,SMALL_LEAK,499.26,483.41,49.871,41.912,33.867,25.382,17.034,8.899
458.6,Flowing,SMALL_LEAK,501.37,486.46,49.824,41.777,33.907,25.213,17.087,8.848
458.7,Flowing,SMALL_LEAK,500.85,484.01,49.787,41.936,33.78,25.27,17.123,8.789
458.8,Flowing,SMALL_LEAK,499.27,481.51,49.942,41.882,33.918,25.153,17.037,8.707
458.9,Flowing,SMALL_LEAK,500.28,482.34,49.987,41.689,33.822,25.145,17.074,8.974
459.0,Flowing,SMALL_LEAK,500.36,484.67,49.902,42.087,33.74,25.116,16.949,8.83
459.1,Flowing,SMALL_LEAK,499.83,481.87,49.768,41.79,33.9,25.121,16.929,8.788
459.2,Flowing,SMALL_LEAK,499.82,484.6,49.826,41.931,33.778,25.162,17.067,8.884
459.3,Flowing,SMALL_LEAK,498.17,483.06,49.964,41.888,33.86,25.266,16.999,8.798
459.4,Flowing,SMALL_LEAK,499.17,485.41,49.708,41.921,33.867,25.282,16.795,8.816
459.5,Flowing,SMALL_LEAK,499.71,484.2,49.782,41.97,33.899,25.239,16.985,8.852
459.6,Flowing,SMALL_LEAK,499.31,482.04,49.776,41.842,33.804,25.401,17.138,8.905
459.7,Flowing,SMALL_LEAK,498.97,485.1,49.731,41.919,33.865,25.318,17.046,8.819
459.8,Flowing,SMALL_LEAK,501.27,485.64,49.869,41.706,33.789,25.25,17.111,8.776
459.9,Flowing,SMALL_LEAK,499.88,482.47,49.847,41.722,33.967,25.309,17.072,8.853
460.0,Flowing,SMALL_LEAK,502.6,483.04,49.974,41.786,33.777,25.305,17.1,8.725
460.1,Flowing,SMALL_LEAK,500.27,484.6,49.807,41.985,33.883,25.283,16.927,8.873
460.2,Flowing,SMALL_LEAK,501.25,484.82,49.736,41.692,33.908,25.335,17.0,8.776
460.3,Flowing,SMALL_LEAK,499.75,486.82,49.987,41.834,33.845,25.356,16.992,8.768
460.4,Flowing,SMALL_LEAK,499.21,485.07,49.915,41.793,33.838,25.114,17.035,8.825
460.5,Flowing,SMALL_LEAK,500.32,486.88,49.927,41.919,33.894,25.252,17.014,8.869
460.6,Flowing,SMALL_LEAK,501.55,484.02,49.761,41.662,33.943,25.274,17.01,8.906
460.7,Flowing,SMALL_LEAK,499.89,484.46,49.791,41.794,33.782,25.265,16.893,8.759
460.8,Flowing,SMALL_LEAK,500.54,483.32,49.873,41.754,33.797,25.043,17.068,8.765
460.9,Flowing,SMALL_LEAK,500.31,483.37,49.762,41.746,33.817,25.094,17.175,8.629
461.0,Flowing,SMALL_LEAK,499.88,484.18,49.814,41.859,33.788,25.237,16.956,8.942
461.1,Flowing,SMALL_LEAK,499.94,483.3,49.76,41.662,33.746,25.251,17.011,8.88
461.2,Flowing,SMALL_LEAK,498.8,480.92,49.89,41.799,33.811,25.189,17.171,8.875
461.3,Flowing,SMALL_LEAK,499.99,483.2,50.001,41.917,33.845,25.138,17.036,8.815
461.4,Flowing,SMALL_LEAK,500.78,485.29,49.843,41.833,33.686,25.321,17.016,8.707
461.5,Flowing,SMALL_LEAK,500.35,484.09,49.889,41.782,33.895,25.291,17.102,8.807
461.6,Flowing,SMALL_LEAK,500.22,484.09,49.817,41.8,33.792,25.219,17.003,8.754
461.7,Flowing,SMALL_LEAK,500.87,483.08,49.758,41.841,33.815,25.129,17.086,8.962
461.8,Flowing,SMALL_LEAK,500.23,484.4,49.927,41.792,33.846,25.343,16.926,8.883
461.9,Flowing,SMALL_LEAK,500.02,485.99,49.734,41.985,33.816,25.398,17.158,8.811
462.0,Flowing,SMALL_LEAK,500.88,485.68,49.792,41.866,33.836,25.188,16.887,8.779
462.1,Flowing,SMALL_LEAK,500.16,484.44,49.761,41.894,33.929,25.279,17.047,8.752
462.2,Flowing,SMALL_LEAK,499.72,482.98,49.866,41.913,33.803,25.23,17.008,8.953
462.3,Flowing,SMALL_LEAK,500.56,486.12,49.918,41.899,33.713,25.234,17.008,8.807
462.4,Flowing,SMALL_LEAK,499.96,485.27,49.725,41.763,33.845,25.309,16.973,8.788
462.5,Flowing,SMALL_LEAK,499.66,482.22,49.992,41.826,33.84,25.211,16.912,8.866
462.6,Flowing,SMALL_LEAK,500.19,481.89,49.798,41.848,33.886,25.375,16.915,8.889
462.7,Flowing,SMALL_LEAK,500.2,482.29,49.919,41.799,33.898,25.351,16.959,8.839
462.8,Flowing,SMALL_LEAK,498.68,483.41,49.882,41.893,33.912,25.233,17.061,8.747
462.9,Flowing,SMALL_LEAK,500.4,485.08,49.863,41.812,33.752,25.179,17.042,8.855
463.0,Flowing,SMALL_LEAK,502.22,485.05,49.749,41.775,33.908,25.261,17.091,8.929
463.1,Flowing,SMALL_LEAK,498.82,484.41,49.893,41.817,33.859,25.353,17.241,8.857
463.2,Flowing,SMALL_LEAK,499.4,483.83,49.893,41.908,33.852,25.313,17.101,8.848
463.3,Flowing,SMALL_LEAK,503.34,486.85,49.825,41.728,33.909,25.237,16.961,8.73
463.4,Flowing,SMALL_LEAK,499.01,484.04,49.903,41.722,33.874,25.287,17.064,8.789
463.5,Flowing,SMALL_LEAK,501.54,483.9,49.75,41.897,33.946,25.174,17.061,8.947
463.6,Flowing,SMALL_LEAK,499.73,483.39,49.877,41.818,33.933,25.161,16.916,8.885
463.7,Flowing,SMALL_LEAK,500.07,486.65,49.818,41.825,33.8,25.182,17.132,8.953
463.8,Flowing,SMALL_LEAK,499.84,484.87,49.994,41.937,33.887,25.105,17.005,8.993
463.9,Flowing,SMALL_LEAK,500.51,482.76,49.815,41.971,33.854,25.006,17.071,8.921
464.0,Flowing,SMALL_LEAK,498.1,482.62,49.846,41.949,33.717,25.109,17.036,8.858
464.1,Flowing,SMALL_LEAK,500.22,481.98,49.959,41.901,33.755,25.237,17.068,8.67
464.2,Flowing,SMALL_LEAK,499.52,483.88,49.847,41.823,33.798,25.26,16.928,8.853
464.3,Flowing,SMALL_LEAK,497.76,482.2,49.895,41.937,33.76,25.1,17.042,8.797
464.4,Flowing,SMALL_LEAK,501.35,482.6,50.082,41.887,33.855,25.206,16.923,8.865
464.5,Flowing,SMALL_LEAK,497.47,485.28,49.844,41.844,33.858,25.238,16.881,8.887
464.6,Flowing,SMALL_LEAK,502.58,485.07,49.782,41.839,33.953,25.362,16.884,8.822
464.7,Flowing,SMALL_LEAK,500.74,485.79,49.872,41.729,33.914,25.229,17.036,8.747
464.8,Flowing,SMALL_LEAK,498.37,482.24,49.883,41.917,33.86,25.179,16.985,8.838
464.9,Flowing,SMALL_LEAK,501.61,482.8,49.854,41.922,33.812,25.123,17.049,8.782
465.0,Flowing,SMALL_LEAK,499.1,483.25,49.913,41.851,33.902,25.139,17.031,8.764
465.1,Flowing,SMALL_LEAK,499.15,485.97,49.752,41.781,33.806,25.32,16.974,8.718
465.2,Flowing,SMALL_LEAK,497.84,484.08,49.861,41.852,33.811,25.207,17.098,8.874
465.3,Flowing,SMALL_LEAK,498.96,486.19,49.897,41.755,34.081,25.304,17.061,8.727
465.4,Flowing,SMALL_LEAK,499.1,484.75,49.926,41.81,33.834,25.086,16.921,8.855
465.5,Flowing,SMALL_LEAK,500.98,483.87,49.93,41.905,33.902,25.215,16.987,8.843
465.6,Flowing,SMALL_LEAK,501.4,484.69,49.916,41.85,33.947,25.203,16.942,8.819
465.7,Flowing,SMALL_LEAK,498.51,481.92,49.858,41.843,33.952,25.284,16.906,8.943
465.8,Flowing,SMALL_LEAK,500.32,481.53,49.631,42.022,33.827,25.205,17.015,8.851
465.9,Flowing,SMALL_LEAK,497.79,484.31,49.85,41.839,33.955,25.265,16.943,8.879
466.0,Flowing,SMALL_LEAK,500.33,484.02,49.892,41.806,33.913,25.207,17.002,8.8
466.1,Flowing,SMALL_LEAK,502.59,486.32,49.656,41.808,33.907,25.218,16.917,8.897
466.2,Flowing,SMALL_LEAK,497.86,482.35,49.826,41.752,34.026,25.136,17.09,8.758
466.3,Flowing,SMALL_LEAK,498.78,484.45,49.861,41.778,33.751,25.262,17.052,8.912
466.4,Flowing,SMALL_LEAK,500.87,484.83,49.847,42.028,33.871,25.265,16.911,8.771
466.5,Flowing,SMALL_LEAK,501.01,484.41,49.892,41.843,33.865,25.155,17.03,8.829
466.6,Flowing,SMALL_LEAK,498.87,485.32,49.756,41.901,33.714,25.235,17.161,8.874
466.7,Flowing,SMALL_LEAK,501.77,483.24,49.904,41.778,33.992,25.33,16.953,8.782
466.8,Flowing,SMALL_LEAK,499.02,485.0,49.95,41.994,33.749,25.14,17.008,8.646
466.9,Flowing,SMALL_LEAK,502.01,484.67,49.852,41.945,33.735,25.23,16.973,8.951
467.0,Flowing,SMALL_LEAK,500.56,485.4,49.804,41.972,33.802,25.282,17.04,8.809
467.1,Flowing,SMALL_LEAK,501.53,483.39,49.787,41.876,33.815,25.165,17.138,8.864
467.2,Flowing,SMALL_LEAK,500.44,482.58,49.901,41.819,33.835,25.2,17.047,8.871
467.3,Flowing,SMALL_LEAK,500.79,483.25,49.848,41.787,33.911,25.223,16.905,8.649
467.4,Flowing,SMALL_LEAK,500.85,482.72,49.874,41.784,33.884,25.158,17.031,8.79
467.5,Flowing,SMALL_LEAK,501.37,483.32,49.99,41.926,33.958,25.222,17.086,8.827
467.6,Flowing,SMALL_LEAK,499.96,483.6,49.968,41.844,33.738,25.06,17.153,8.858
467.7,Flowing,SMALL_LEAK,498.92,482.91,49.894,41.969,33.718,25.191,17.001,8.879
467.8,Flowing,SMALL_LEAK,499.91,484.01,49.795,41.754,33.753,25.312,16.961,8.776
467.9,Flowing,SMALL_LEAK,499.2,482.59,49.901,41.794,33.714,25.093,17.015,8.86
468.0,Flowing,SMALL_LEAK,499.28,483.91,49.834,41.884,33.721,25.096,17.2,8.919
468.1,Flowing,SMALL_LEAK,501.99,483.41,49.912,41.797,33.831,25.22,17.125,8.852
468.2,Flowing,SMALL_LEAK,500.75,483.85,49.892,41.837,33.913,25.244,17.024,8.761
468.3,Flowing,SMALL_LEAK,500.69,484.47,49.841,41.764,33.847,25.227,16.828,8.802
468.4,Flowing,SMALL_LEAK,501.29,483.5,49.756,41.89,33.901,25.186,17.064,8.867
468.5,Flowing,SMALL_LEAK,500.74,483.07,49.832,41.973,33.792,25.338,17.002,8.753
468.6,Flowing,SMALL_LEAK,502.24,483.21,49.822,41.762,33.913,25.092,17.131,8.745
468.7,Flowing,SMALL_LEAK,497.49,485.23,49.917,41.852,33.872,25.173,17.048,8.831
468.8,Flowing,SMALL_LEAK,498.8,485.53,49.733,41.773,33.807,25.16,17.12,8.821
468.9,Flowing,SMALL_LEAK,499.16,483.38,49.788,41.811,33.81,25.197,16.934,8.755
469.0,Flowing,SMALL_LEAK,498.35,483.81,49.911,41.865,33.838,25.22,17.016,8.803
469.1,Flowing,SMALL_LEAK,500.14,481.95,49.891,41.885,33.724,25.209,16.9,8.871
469.2,Flowing,SMALL_LEAK,500.19,483.78,49.911,41.801,33.841,25.051,17.098,8.877
469.3,Flowing,SMALL_LEAK,502.37,482.26,49.942,41.969,33.752,25.291,17.138,8.7
469.4,Flowing,SMALL_LEAK,501.08,483.41,49.836,41.821,33.918,25.028,17.165,8.811
469.5,Flowing,SMALL_LEAK,499.39,485.29,49.923,41.845,33.889,25.034,16.989,8.888
469.6,Flowing,SMALL_LEAK,500.59,482.2,49.873,41.719,33.855,25.155,16.948,8.698
469.7,Flowing,SMALL_LEAK,497.81,482.92,49.899,41.939,34.02,25.102,17.081,8.887
469.8,Flowing,SMALL_LEAK,500.17,482.92,49.804,41.777,33.763,25.178,17.036,8.929
469.9,Flowing,SMALL_LEAK,500.11,482.0,49.938,41.721,33.787,25.324,16.962,8.815
470.0,Flowing,SMALL_LEAK,498.92,485.04,49.714,41.942,33.697,25.089,17.104,8.974
470.1,Flowing,SMALL_LEAK,499.76,484.33,49.827,41.846,33.923,25.243,16.99,8.781
470.2,Flowing,SMALL_LEAK,499.17,486.17,49.725,41.869,33.843,25.185,16.94,8.748
470.3,Flowing,SMALL_LEAK,498.88,482.81,49.899,41.921,33.824,25.185,16.952,8.895
470.4,Flowing,SMALL_LEAK,500.81,481.87,49.852,41.879,33.879,25.195,16.927,8.74
470.5,Flowing,SMALL_LEAK,501.24,485.13,49.94,41.792,33.817,25.129,16.923,8.758
470.6,Flowing,SMALL_LEAK,500.61,483.57,49.985,41.903,33.808,25.307,17.008,8.928
470.7,Flowing,SMALL_LEAK,499.47,483.44,50.027,41.932,33.858,25.276,17.021,8.673
470.8,Flowing,SMALL_LEAK,499.2,485.77,49.798,41.774,33.796,25.363,17.11,8.855
470.9,Flowing,SMALL_LEAK,499.51,484.2,49.915,41.699,33.908,25.295,16.841,8.881
471.0,Flowing,SMALL_LEAK,499.74,485.09,49.736,41.692,33.956,25.139,16.963,8.899
471.1,Flowing,SMALL_LEAK,498.95,483.25,49.826,41.836,33.834,25.248,17.002,8.829
471.2,Flowing,SMALL_LEAK,501.26,483.13,49.81,41.878,33.875,25.372,16.989,8.805
471.3,Flowing,SMALL_LEAK,499.76,483.56,49.869,41.927,33.763,25.228,16.819,8.798
471.4,Flowing,SMALL_LEAK,500.92,484.8,49.936,41.792,33.864,25.178,16.951,8.898
471.5,Flowing,SMALL_LEAK,498.32,484.06,49.766,41.873,33.875,25.152,17.032,8.745
471.6,Flowing,SMALL_LEAK,499.17,484.56,49.892,41.745,33.823,25.2,17.109,8.831
471.7,Flowing,SMALL_LEAK,501.03,480.88,49.926,41.894,33.894,25.193,17.102,8.792
471.8,Flowing,SMALL_LEAK,501.05,481.74,49.712,41.833,33.886,25.091,16.949,8.722
471.9,Flowing,SMALL_LEAK,498.56,481.42,49.913,41.984,33.833,25.263,17.06,8.944
472.0,Flowing,SMALL_LEAK,500.36,483.54,49.798,41.832,33.823,25.226,17.22,8.822
472.1,Flowing,SMALL_LEAK,500.4,482.32,49.782,41.758,33.95,25.151,17.073,8.766
472.2,Flowing,SMALL_LEAK,499.15,486.03,49.749,41.898,33.8,25.254,17.06,8.864
472.3,Flowing,SMALL_LEAK,500.43,483.97,49.829,41.905,33.776,25.024,17.077,8.833
472.4,Flowing,SMALL_LEAK,498.1,484.26,49.801,41.732,33.687,25.224,17.152,8.809
472.5,Flowing,SMALL_LEAK,498.89,482.69,49.821,41.848,34.024,25.28,16.945,8.822
472.6,Flowing,SMALL_LEAK,500.72,482.65,49.877,41.765,33.911,25.155,16.899,8.826
472.7,Flowing,SMALL_LEAK,500.04,485.86,49.843,41.85,33.789,25.17,17.11,8.855
472.8,Flowing,SMALL_LEAK,500.1,486.14,49.773,41.694,33.777,25.233,16.969,8.763
472.9,Flowing,SMALL_LEAK,499.79,484.5,49.803,41.844,33.913,25.22,17.025,8.802
473.0,Flowing,SMALL_LEAK,500.64,481.56,49.81,41.922,33.909,25.384,17.069,8.78
473.1,Flowing,SMALL_LEAK,500.7,483.49,49.778,41.926,33.785,25.285,16.959,8.848
473.2,Flowing,SMALL_LEAK,500.95,484.38,49.765,41.912,33.751,25.242,17.004,8.828
473.3,Flowing,SMALL_LEAK,500.15,483.73,49.818,41.816,33.862,25.14,16.939,8.791
473.4,Flowing,SMALL_LEAK,499.53,481.46,49.818,41.77,33.924,25.193,17.002,8.714
473.5,Flowing,SMALL_LEAK,499.33,486.22,50.016,42.044,33.788,25.318,17.013,8.948
473.6,Flowing,SMALL_LEAK,498.73,483.0,49.877,41.858,33.65,25.15,17.022,8.836
473.7,Flowing,SMALL_LEAK,499.52,482.39,49.753,41.792,33.894,25.109,17.031,8.919
473.8,Flowing,SMALL_LEAK,499.27,483.96,49.881,41.877,33.688,25.154,17.184,8.772
473.9,Flowing,SMALL_LEAK,501.92,485.42,49.951,41.801,33.828,25.261,17.028,8.851
474.0,Flowing,SMALL_LEAK,498.74,484.62,49.785,41.759,33.779,25.177,17.002,8.903
474.1,Flowing,SMALL_LEAK,501.24,482.42,49.857,41.889,33.861,25.131,17.021,8.83
474.2,Flowing,SMALL_LEAK,499.68,482.22,49.911,41.765,33.687,25.234,17.048,8.806
474.3,Flowing,SMALL_LEAK,499.75,481.37,49.852,41.92,33.813,25.198,17.026,8.722
474.4,Flowing,SMALL_LEAK,500.48,483.65,49.838,41.845,33.981,25.196,17.036,8.893
474.5,Flowing,SMALL_LEAK,498.3,483.43,49.783,41.96,33.991,25.218,16.977,8.95
474.6,Flowing,SMALL_LEAK,499.04,484.62,49.914,41.857,33.964,25.326,16.993,8.84
474.7,Flowing,SMALL_LEAK,498.51,483.18,49.896,41.852,33.739,25.145,16.911,8.859
474.8,Flowing,SMALL_LEAK,499.54,485.17,49.755,41.865,33.997,25.334,16.873,8.718
474.9,Flowing,SMALL_LEAK,498.91,484.79,49.788,41.756,33.718,25.219,17.076,8.896
475.0,Flowing,SMALL_LEAK,501.58,483.13,49.812,41.828,33.878,25.211,17.085,8.854
475.1,Flowing,SMALL_LEAK,499.3,484.47,49.82,41.701,33.97,25.165,17.049,8.667
475.2,Flowing,SMALL_LEAK,497.15,485.59,49.849,41.858,33.862,25.461,16.97,8.886
475.3,Flowing,SMALL_LEAK,499.6,482.85,49.892,41.796,33.914,25.207,17.09,8.977
475.4,Flowing,SMALL_LEAK,500.97,483.74,49.862,41.828,33.934,25.332,16.949,8.784
475.5,Flowing,SMALL_LEAK,501.96,483.72,49.904,41.839,33.774,25.263,17.074,8.793
475.6,Flowing,SMALL_LEAK,499.72,483.57,49.855,41.804,33.762,25.18,17.026,8.702
475.7,Flowing,SMALL_LEAK,499.38,484.96,49.816,41.857,33.946,25.195,16.92,8.803
475.8,Flowing,SMALL_LEAK,499.98,485.06,49.805,41.894,33.823,25.003,17.315,8.831
475.9,Flowing,SMALL_LEAK,500.5,484.49,49.857,41.727,33.733,25.213,17.047,8.876
476.0,Flowing,SMALL_LEAK,498.65,484.43,49.869,41.755,33.65,25.212,16.977,8.719
476.1,Flowing,SMALL_LEAK,499.71,483.33,49.916,41.724,33.899,25.107,17.031,8.895
476.2,Flowing,SMALL_LEAK,499.94,484.4,49.823,41.985,34.003,25.239,17.063,8.905
476.3,Flowing,SMALL_LEAK,500.05,482.46,49.894,41.885,33.808,25.085,16.909,9.011
476.4,Flowing,SMALL_LEAK,499.83,486.97,49.876,41.83,33.951,25.16,17.067,8.826
476.5,Flowing,SMALL_LEAK,498.88,485.62,49.887,41.823,33.773,25.154,16.957,8.82
476.6,Flowing,SMALL_LEAK,500.41,485.15,49.726,41.75,33.861,25.21,17.035,8.816
476.7,Flowing,SMALL_LEAK,499.95,484.49,50.052,41.86,33.82,25.228,17.102,8.816
476.8,Flowing,SMALL_LEAK,499.94,484.49,49.905,41.882,33.827,25.229,17.148,8.839
476.9,Flowing,SMALL_LEAK,498.7,481.97,49.771,41.824,33.681,25.231,17.125,8.713
477.0,Flowing,SMALL_LEAK,500.77,482.49,49.862,41.929,33.937,25.322,16.871,8.86
477.1,Flowing,SMALL_LEAK,498.86,482.64,49.73,41.77,33.916,25.233,17.078,8.746
477.2,Flowing,SMALL_LEAK,501.94,484.07,49.968,41.905,33.921,25.134,17.114,8.795
477.3,Flowing,SMALL_LEAK,498.58,483.66,49.801,41.9,33.897,25.152,17.185,8.965
477.4,Flowing,SMALL_LEAK,500.91,484.97,49.898,41.884,33.876,25.096,17.029,8.828
477.5,Flowing,SMALL_LEAK,497.71,482.84,49.804,41.825,33.659,25.132,17.094,8.958
477.6,Flowing,SMALL_LEAK,497.29,485.23,49.775,41.865,33.938,25.178,17.074,8.817
477.7,Flowing,SMALL_LEAK,499.33,483.02,49.945,41.747,33.762,25.242,17.028,8.815
477.8,Flowing,SMALL_LEAK,497.29,483.5,49.896,41.776,33.74,25.18,16.989,8.797
477.9,Flowing,SMALL_LEAK,500.88,485.07,49.952,41.912,33.893,25.238,16.985,8.752
478.0,Flowing,SMALL_LEAK,499.97,484.61,49.754,41.794,33.847,25.128,17.034,8.804
478.1,Flowing,SMALL_LEAK,501.68,482.5,49.818,41.943,33.653,25.189,16.832,8.839
478.2,Flowing,SMALL_LEAK,499.8,485.28,49.911,41.742,33.752,25.084,17.025,8.793
478.3,Flowing,SMALL_LEAK,500.29,484.11,49.828,41.821,33.772,25.311,17.042,8.725
478.4,Flowing,SMALL_LEAK,499.68,481.43,49.794,41.78,33.962,25.277,17.01,8.957
478.5,Flowing,SMALL_LEAK,498.95,482.99,49.966,41.832,33.817,25.191,16.944,8.959
478.6,Flowing,SMALL_LEAK,499.51,483.51,49.769,41.919,33.905,25.196,17.165,8.695
478.7,Flowing,SMALL_LEAK,498.56,482.6,49.844,41.811,33.927,25.248,16.882,8.919
478.8,Flowing,SMALL_LEAK,500.46,485.61,49.889,41.767,33.822,25.116,17.006,8.832
478.9,Flowing,SMALL_LEAK,499.63,483.55,49.823,41.814,33.721,25.247,16.866,8.822
479.0,Flowing,SMALL_LEAK,499.88,484.55,49.706,41.854,33.85,25.252,17.089,8.904
479.1,Flowing,SMALL_LEAK,503.39,484.25,49.721,41.845,34.011,25.23,16.953,8.814
479.2,Flowing,SMALL_LEAK,499.52,484.85,49.819,41.756,33.92,25.267,16.913,8.813
479.3,Flowing,SMALL_LEAK,500.38,486.01,49.805,41.722,33.737,25.119,17.015,8.783
479.4,Flowing,SMALL_LEAK,499.94,484.81,49.773,41.819,33.91,25.249,17.1,8.802
479.5,Flowing,SMALL_LEAK,501.39,486.09,49.978,41.878,33.811,25.227,16.92,8.796
479.6,Flowing,SMALL_LEAK,500.29,484.84,49.884,41.899,33.817,25.439,17.006,8.686
479.7,Flowing,SMALL_LEAK,499.67,484.16,49.947,41.899,33.869,25.183,17.051,8.95
479.8,Flowing,SMALL_LEAK,502.75,484.39,49.866,41.732,33.574,25.251,16.941,8.812
479.9,Flowing,SMALL_LEAK,498.97,480.85,49.785,41.78,33.789,25.166,17.082,8.866
480.0,Flowing,SMALL_LEAK,499.77,483.45,49.753,41.764,33.88,25.304,17.103,8.74
480.1,Flowing,SMALL_LEAK,501.1,483.83,49.929,41.708,33.834,25.259,16.854,8.987
480.2,Flowing,SMALL_LEAK,499.02,484.53,49.956,41.902,33.773,25.215,17.083,8.73
480.3,Flowing,SMALL_LEAK,500.92,483.97,49.836,41.923,33.73,25.247,16.88,8.744
480.4,Flowing,SMALL_LEAK,499.42,484.4,49.81,41.891,33.794,25.23,16.965,8.778
480.5,Flowing,SMALL_LEAK,501.2,482.41,49.95,41.758,33.911,25.22,16.974,8.723
480.6,Flowing,SMALL_LEAK,501.17,482.1,49.758,41.791,33.838,25.268,16.996,8.801
480.7,Flowing,SMALL_LEAK,499.89,482.58,49.843,41.888,33.902,25.109,16.997,8.918
480.8,Flowing,SMALL_LEAK,498.8,485.89,49.745,41.856,33.836,25.175,17.147,8.823
480.9,Flowing,SMALL_LEAK,499.53,482.48,49.971,41.85,33.887,25.174,16.975,8.853
481.0,Flowing,SMALL_LEAK,499.98,483.05,49.884,41.898,33.88,25.113,16.955,8.888
481.1,Flowing,SMALL_LEAK,501.07,484.13,49.693,41.873,33.841,25.288,17.053,8.767
481.2,Flowing,SMALL_LEAK,500.38,482.09,49.793,41.808,33.896,25.036,17.033,8.749
481.3,Flowing,SMALL_LEAK,500.65,482.95,49.865,41.878,33.717,25.202,17.032,8.827
481.4,Flowing,SMALL_LEAK,500.42,484.81,49.84,41.752,33.765,25.11,17.064,8.811
481.5,Flowing,SMALL_LEAK,501.02,483.47,49.846,41.714,33.847,25.271,16.873,8.777
481.6,Flowing,SMALL_LEAK,499.76,486.02,49.724,41.816,33.778,25.25,17.034,8.923
481.7,Flowing,SMALL_LEAK,500.2,481.96,49.846,41.877,33.805,25.132,17.087,8.919
481.8,Flowing,SMALL_LEAK,500.03,483.59,49.906,41.86,33.772,25.311,17.066,8.982
481.9,Flowing,SMALL_LEAK,499.47,483.47,49.758,41.919,33.894,25.193,17.129,8.852
482.0,Flowing,SMALL_LEAK,501.21,483.99,49.775,41.841,33.774,25.183,17.076,8.899
482.1,Flowing,SMALL_LEAK,501.19,482.53,49.868,41.79,33.881,25.278,16.862,8.829
482.2,Flowing,SMALL_LEAK,501.45,483.3,49.835,41.926,33.881,25.259,16.981,8.82
482.3,Flowing,SMALL_LEAK,499.08,484.95,49.925,41.845,33.864,25.097,17.015,8.659
482.4,Flowing,SMALL_LEAK,500.42,483.68,49.809,41.855,33.911,25.14,17.05,8.937
482.5,Flowing,SMALL_LEAK,501.31,482.72,49.799,41.726,33.873,25.125,16.954,8.894
482.6,Flowing,SMALL_LEAK,501.8,486.5,50.0,41.77,33.791,25.185,16.976,8.975
482.7,Flowing,SMALL_LEAK,498.19,484.06,49.808,41.819,33.979,25.266,17.099,8.748
482.8,Flowing,SMALL_LEAK,500.0,484.74,49.808,41.767,33.914,25.318,16.972,8.791
482.9,Flowing,SMALL_LEAK,499.77,484.92,49.824,41.726,33.796,25.282,16.95,8.827
483.0,Flowing,SMALL_LEAK,501.91,483.92,49.745,41.838,33.805,25.122,17.083,8.888
483.1,Flowing,SMALL_LEAK,497.35,483.05,49.772,41.833,33.854,25.075,16.908,8.923
483.2,Flowing,SMALL_LEAK,498.74,484.24,49.765,41.951,33.742,25.273,16.995,8.806
483.3,Flowing,SMALL_LEAK,501.72,483.16,49.998,41.75,33.898,25.264,17.288,8.734
483.4,Flowing,SMALL_LEAK,499.44,484.45,49.8,41.915,33.834,25.183,17.097,8.799
483.5,Flowing,SMALL_LEAK,498.44,483.8,49.779,41.908,33.88,25.195,16.991,8.747
483.6,Flowing,SMALL_LEAK,501.81,485.24,49.908,41.821,33.788,25.117,17.051,8.779
483.7,Flowing,SMALL_LEAK,498.28,482.63,49.689,41.754,33.831,25.204,17.001,8.789
483.8,Flowing,SMALL_LEAK,501.23,484.86,49.732,41.78,33.945,25.303,17.066,8.859
483.9,Flowing,SMALL_LEAK,498.13,484.74,49.922,41.76,33.853,25.13,16.932,8.849
484.0,Flowing,SMALL_LEAK,498.27,483.71,49.926,41.834,33.982,25.237,16.958,8.733
484.1,Flowing,SMALL_LEAK,500.24,484.88,49.931,41.86,33.904,25.007,17.04,8.779
484.2,Flowing,SMALL_LEAK,498.98,484.5,49.738,41.845,33.937,25.401,17.039,8.763
484.3,Flowing,SMALL_LEAK,500.33,484.8,49.788,41.927,33.77,25.27,17.043,8.835
484.4,Flowing,SMALL_LEAK,502.16,484.72,49.725,41.821,33.733,25.173,17.093,8.918
484.5,Flowing,SMALL_LEAK,499.81,484.06,49.867,41.804,33.977,25.173,16.929,8.876
484.6,Flowing,SMALL_LEAK,501.95,483.28,49.887,41.807,33.858,25.255,17.036,8.857
484.7,Flowing,SMALL_LEAK,500.39,483.27,49.81,41.892,33.851,25.182,17.0,8.812
484.8,Flowing,SMALL_LEAK,501.15,483.74,49.734,41.799,33.855,25.112,16.97,9.011
484.9,Flowing,SMALL_LEAK,497.18,485.01,49.76,41.819,33.783,25.211,16.955,8.801
485.0,Flowing,SMALL_LEAK,500.76,484.76,49.793,41.934,33.857,25.14,17.087,8.743
485.1,Flowing,SMALL_LEAK,500.58,485.21,49.725,41.85,34.003,25.074,16.914,8.88
485.2,Flowing,SMALL_LEAK,499.57,485.33,49.799,41.899,33.783,25.231,17.16,8.724
485.3,Flowing,SMALL_LEAK,502.27,483.74,49.932,41.904,33.731,25.265,17.026,8.827
485.4,Flowing,SMALL_LEAK,499.41,486.35,49.877,41.822,33.856,25.239,17.08,8.698
485.5,Flowing,SMALL_LEAK,498.07,483.88,49.953,41.758,33.911,25.226,16.918,8.862
485.6,Flowing,SMALL_LEAK,500.94,483.41,49.774,41.936,33.793,25.1,17.143,8.835
485.7,Flowing,SMALL_LEAK,498.29,484.4,49.919,41.782,33.699,25.354,17.019,8.859
485.8,Flowing,SMALL_LEAK,500.09,484.58,49.903,41.823,33.868,25.348,17.017,8.895
485.9,Flowing,SMALL_LEAK,501.61,483.11,49.691,41.94,33.728,25.301,17.051,8.812
486.0,Flowing,SMALL_LEAK,500.6,483.81,49.842,41.83,33.784,25.204,17.197,8.924
486.1,Flowing,SMALL_LEAK,499.7,483.46,49.78,41.871,33.858,25.209,16.94,8.856
486.2,Flowing,SMALL_LEAK,499.58,484.17,49.918,41.783,34.006,25.342,17.064,8.721
486.3,Flowing,SMALL_LEAK,501.52,484.96,49.882,41.873,33.891,25.347,17.006,8.984
486.4,Flowing,SMALL_LEAK,498.54,483.68,49.883,41.827,34.042,25.286,16.984,8.827
486.5,Flowing,SMALL_LEAK,500.93,484.69,49.901,41.838,33.861,25.155,16.885,8.829
486.6,Flowing,SMALL_LEAK,502.63,482.33,49.861,41.892,33.804,25.113,16.943,8.904
486.7,Flowing,SMALL_LEAK,500.65,485.07,49.797,41.815,33.825,25.17,16.965,8.75
486.8,Flowing,SMALL_LEAK,499.71,483.46,49.962,41.904,33.95,25.336,16.832,8.847
486.9,Flowing,SMALL_LEAK,499.81,483.43,49.803,41.939,33.791,25.136,16.905,8.796
487.0,Flowing,SMALL_LEAK,499.42,484.48,49.923,41.87,33.754,25.392,17.072,8.882
487.1,Flowing,SMALL_LEAK,499.22,484.54,49.953,41.719,33.777,25.286,16.955,8.798
487.2,Flowing,SMALL_LEAK,500.14,483.87,49.844,41.748,33.821,25.293,17.078,8.909
487.3,Flowing,SMALL_LEAK,500.82,482.93,49.931,41.882,33.876,25.24,16.97,8.738
487.4,Flowing,SMALL_LEAK,501.93,483.42,49.795,41.824,33.798,25.253,17.036,8.845
487.5,Flowing,SMALL_LEAK,497.65,484.11,49.878,41.946,33.849,25.301,17.061,8.91
487.6,Flowing,SMALL_LEAK,497.07,484.59,49.979,41.896,33.858,25.228,16.982,8.78
487.7,Flowing,SMALL_LEAK,501.96,483.01,49.922,41.773,33.979,25.208,17.249,8.765
487.8,Flowing,SMALL_LEAK,500.07,483.23,49.87,41.822,33.787,25.305,16.932,8.766
487.9,Flowing,SMALL_LEAK,500.13,484.32,49.897,41.91,33.739,25.267,17.03,8.747
488.0,Flowing,SMALL_LEAK,500.6,483.9,49.787,41.687,33.987,25.301,16.917,8.884
488.1,Flowing,SMALL_LEAK,499.78,484.18,49.804,41.923,33.81,25.191,16.997,8.767
488.2,Flowing,SMALL_LEAK,502.37,480.86,49.962,41.922,33.859,25.302,16.89,8.722
488.3,Flowing,SMALL_LEAK,500.59,483.65,49.888,41.909,33.872,25.069,16.935,8.853
488.4,Flowing,SMALL_LEAK,499.46,485.02,50.044,41.947,33.976,25.247,17.047,8.737
488.5,Flowing,SMALL_LEAK,499.57,483.26,49.926,41.844,33.905,25.222,17.042,8.813
488.6,Flowing,SMALL_LEAK,499.83,484.58,49.868,41.93,33.749,25.101,17.054,8.935
488.7,Flowing,SMALL_LEAK,499.07,482.55,49.985,41.752,33.818,25.102,16.976,8.91
488.8,Flowing,SMALL_LEAK,502.03,482.12,49.849,41.82,33.894,25.156,17.147,8.821
488.9,Flowing,SMALL_LEAK,500.15,484.5,49.818,41.897,33.925,25.348,17.003,8.907
489.0,Flowing,SMALL_LEAK,498.6,483.93,49.858,41.801,33.788,25.132,16.961,8.909
489.1,Flowing,SMALL_LEAK,500.49,483.6,49.907,41.751,33.71,25.131,16.958,8.796
489.2,Flowing,SMALL_LEAK,501.73,485.02,49.944,41.806,33.984,25.086,16.992,8.883
489.3,Flowing,SMALL_LEAK,501.27,483.63,49.918,41.823,33.93,25.285,16.965,8.845
489.4,Flowing,SMALL_LEAK,499.09,483.24,49.906,41.801,33.986,25.153,17.032,8.72
489.5,Flowing,SMALL_LEAK,498.67,483.11,49.858,41.765,33.826,25.093,17.084,8.849
489.6,Flowing,SMALL_LEAK,501.71,482.86,49.937,41.822,33.941,25.223,17.029,8.989
489.7,Flowing,SMALL_LEAK,498.05,484.56,49.811,41.948,33.888,25.174,16.915,8.737
489.8,Flowing,SMALL_LEAK,500.45,483.63,49.94,41.989,33.857,25.232,17.082,8.826
489.9,Flowing,SMALL_LEAK,499.32,485.37,49.938,41.873,33.861,25.164,16.944,8.567
490.0,Flowing,SMALL_LEAK,501.58,480.46,49.949,41.838,33.818,25.064,16.969,8.758
490.1,Flowing,SMALL_LEAK,498.73,485.11,49.786,41.877,33.86,25.111,16.916,8.716
490.2,Flowing,SMALL_LEAK,499.04,484.43,49.995,41.969,33.782,25.062,17.03,8.824
490.3,Flowing,SMALL_LEAK,500.74,483.89,49.875,41.909,33.886,25.131,17.044,8.888
490.4,Flowing,SMALL_LEAK,500.95,482.45,49.792,41.874,33.806,25.38,16.914,8.912
490.5,Flowing,SMALL_LEAK,501.63,482.01,49.716,41.993,33.759,25.235,16.89,8.712
490.6,Flowing,SMALL_LEAK,500.57,484.9,49.922,41.932,33.869,25.279,17.104,8.765
490.7,Flowing,SMALL_LEAK,500.42,484.29,49.738,41.849,33.804,25.251,17.064,8.765
490.8,Flowing,SMALL_LEAK,501.26,484.27,49.906,41.902,33.908,25.187,17.082,8.862
490.9,Flowing,SMALL_LEAK,498.36,483.88,49.901,41.984,33.876,25.171,16.931,8.91
491.0,Flowing,SMALL_LEAK,498.94,485.02,49.879,41.984,33.688,25.293,16.999,8.792
491.1,Flowing,SMALL_LEAK,498.46,483.3,49.789,41.922,33.899,25.129,17.033,8.876
491.2,Flowing,SMALL_LEAK,496.78,483.6,49.864,41.939,33.827,25.04,17.035,8.834
491.3,Flowing,SMALL_LEAK,501.01,483.79,49.875,41.939,33.694,25.201,16.946,8.723
491.4,Flowing,SMALL_LEAK,501.72,483.74,49.844,41.906,33.874,25.165,17.008,8.894
491.5,Flowing,SMALL_LEAK,500.67,485.6,49.905,41.806,33.801,25.083,16.986,8.681
491.6,Flowing,SMALL_LEAK,500.46,482.49,50.015,41.782,33.939,25.365,17.037,8.812
491.7,Flowing,SMALL_LEAK,500.1,481.65,49.744,41.81,33.978,25.248,17.022,8.925
491.8,Flowing,SMALL_LEAK,500.07,482.26,49.906,41.838,33.867,25.159,16.975,8.803
491.9,Flowing,SMALL_LEAK,502.03,484.82,49.895,41.75,33.856,25.189,16.948,8.789
492.0,Flowing,SMALL_LEAK,501.86,483.88,49.664,41.789,33.762,25.198,16.838,8.835
492.1,Flowing,SMALL_LEAK,499.3,482.08,49.923,41.841,33.89,25.179,16.896,8.82
492.2,Flowing,SMALL_LEAK,501.33,484.12,49.904,41.744,33.813,25.2,17.248,8.838
492.3,Flowing,SMALL_LEAK,501.48,483.61,49.698,41.678,33.908,25.419,16.998,8.793
492.4,Flowing,SMALL_LEAK,500.78,484.67,49.884,41.786,33.646,25.303,16.971,8.904
492.5,Flowing,SMALL_LEAK,500.47,484.95,49.789,41.86,33.918,25.306,17.039,8.835
492.6,Flowing,SMALL_LEAK,500.42,487.02,49.9,41.887,33.747,25.118,16.851,8.881
492.7,Flowing,SMALL_LEAK,498.22,482.58,49.818,41.916,33.882,25.14,17.01,8.784
492.8,Flowing,SMALL_LEAK,498.12,481.76,49.801,41.923,34.051,25.309,17.018,8.921
492.9,Flowing,SMALL_LEAK,500.94,484.71,49.987,41.739,33.948,25.282,17.115,8.885
493.0,Flowing,SMALL_LEAK,498.68,485.18,49.832,42.013,33.877,25.185,17.06,8.898
493.1,Flowing,SMALL_LEAK,498.33,482.47,49.858,41.881,33.857,25.167,16.954,8.708
493.2,Flowing,SMALL_LEAK,497.51,482.47,49.971,41.832,33.576,25.252,17.05,8.671
493.3,Flowing,SMALL_LEAK,499.43,484.41,49.783,41.78,33.791,25.317,17.008,8.786
493.4,Flowing,SMALL_LEAK,500.45,486.06,49.94,41.89,33.711,25.171,17.046,8.745
493.5,Flowing,SMALL_LEAK,500.55,482.95,50.012,41.859,33.79,25.13,17.094,8.768
493.6,Flowing,SMALL_LEAK,501.02,484.1,49.88,41.758,33.856,25.169,16.995,8.756
493.7,Flowing,SMALL_LEAK,499.53,481.72,49.932,41.811,33.839,25.212,17.149,8.891
493.8,Flowing,SMALL_LEAK,500.13,483.76,49.913,41.724,33.797,25.315,16.926,8.827
493.9,Flowing,SMALL_LEAK,501.01,483.86,49.765,41.773,33.984,25.278,17.099,8.883
494.0,Flowing,SMALL_LEAK,500.56,485.76,49.839,41.795,33.818,25.205,17.162,8.713
494.1,Flowing,SMALL_LEAK,499.3,483.15,49.806,41.777,33.935,25.368,17.045,8.851
494.2,Flowing,SMALL_LEAK,500.36,484.82,49.857,41.885,33.912,25.254,17.06,8.882
494.3,Flowing,SMALL_LEAK,497.62,483.07,49.708,41.85,33.874,25.253,17.006,8.833
494.4,Flowing,SMALL_LEAK,500.0,484.11,49.792,41.708,33.929,25.129,17.007,8.76
494.5,Flowing,SMALL_LEAK,499.26,486.49,49.977,41.844,33.825,25.28,17.193,8.852
494.6,Flowing,SMALL_LEAK,501.82,486.15,49.82,41.906,33.724,25.224,17.18,8.833
494.7,Flowing,SMALL_LEAK,498.83,486.35,49.859,41.852,33.818,25.245,17.082,8.793
494.8,Flowing,SMALL_LEAK,500.14,484.48,49.651,41.887,34.021,25.19,16.902,8.874
494.9,Flowing,SMALL_LEAK,499.49,483.75,49.99,41.892,33.988,25.283,17.077,8.779
495.0,Flowing,SMALL_LEAK,499.33,484.34,49.873,41.848,33.845,25.2,17.038,8.716
495.1,Flowing,SMALL_LEAK,500.45,484.56,49.915,41.78,33.83,25.246,16.946,8.663
495.2,Flowing,SMALL_LEAK,499.5,484.47,49.819,41.736,33.907,25.128,17.139,8.82
495.3,Flowing,SMALL_LEAK,502.22,483.15,49.855,41.692,33.862,25.214,16.916,8.827
495.4,Flowing,SMALL_LEAK,497.63,483.1,49.818,41.833,33.852,25.182,17.04,8.813
495.5,Flowing,SMALL_LEAK,500.76,483.28,49.888,41.808,33.765,25.163,17.135,8.896
495.6,Flowing,SMALL_LEAK,499.9,485.28,49.947,41.953,33.813,25.244,17.026,8.873
495.7,Flowing,SMALL_LEAK,499.94,485.41,49.827,41.857,33.856,25.263,17.072,8.827
495.8,Flowing,SMALL_LEAK,500.36,487.82,49.86,41.868,33.982,25.082,16.942,8.874
495.9,Flowing,SMALL_LEAK,501.2,484.51,49.872,41.871,33.903,25.237,16.975,8.87
496.0,Flowing,SMALL_LEAK,500.32,483.05,49.852,41.814,33.905,25.272,17.037,8.957
496.1,Flowing,SMALL_LEAK,501.2,483.43,49.956,41.93,34.055,25.208,16.983,8.889
496.2,Flowing,SMALL_LEAK,500.06,483.81,49.83,41.851,33.771,25.269,16.902,8.812
496.3,Flowing,SMALL_LEAK,498.76,485.81,49.849,41.815,33.709,25.079,16.96,8.863
496.4,Flowing,SMALL_LEAK,499.89,484.88,49.873,41.849,33.779,25.247,16.876,8.628
496.5,Flowing,SMALL_LEAK,501.38,482.38,49.831,41.806,33.931,25.233,17.152,8.776
496.6,Flowing,SMALL_LEAK,499.51,483.93,49.889,41.83,33.961,25.204,17.088,8.734
496.7,Flowing,SMALL_LEAK,498.7,482.23,49.817,41.843,33.951,25.044,16.993,8.791
496.8,Flowing,SMALL_LEAK,500.74,484.71,49.684,41.813,33.727,25.034,16.999,8.796
496.9,Flowing,SMALL_LEAK,500.4,483.15,49.83,41.87,33.78,25.363,17.017,8.923
497.0,Flowing,SMALL_LEAK,499.07,483.27,49.716,41.783,33.905,25.202,16.934,8.673
497.1,Flowing,SMALL_LEAK,499.72,481.75,49.909,41.902,33.869,25.18,16.931,8.816
497.2,Flowing,SMALL_LEAK,499.78,484.91,49.745,41.79,33.951,25.072,17.074,8.94
497.3,Flowing,SMALL_LEAK,500.01,485.45,49.915,41.882,33.813,25.168,16.84,8.823
497.4,Flowing,SMALL_LEAK,500.78,483.17,49.818,41.794,33.848,25.225,16.969,8.949
497.5,Flowing,SMALL_LEAK,499.51,483.81,49.908,41.922,33.842,25.261,16.948,8.873
497.6,Flowing,SMALL_LEAK,500.84,483.42,49.834,41.768,33.848,25.197,17.206,8.855
497.7,Flowing,SMALL_LEAK,499.36,483.74,49.976,41.941,33.853,25.185,16.881,8.75
497.8,Flowing,SMALL_LEAK,502.0,483.02,49.903,41.826,33.88,25.058,17.056,8.908
497.9,Flowing,SMALL_LEAK,502.03,482.68,49.708,41.88,33.957,25.354,16.98,8.882
498.0,Flowing,SMALL_LEAK,498.97,485.64,49.964,41.882,33.953,25.217,17.052,8.77
498.1,Flowing,SMALL_LEAK,498.53,480.83,49.837,41.885,33.794,25.202,17.081,8.984
498.2,Flowing,SMALL_LEAK,501.17,484.6,49.686,42.008,33.829,25.297,17.113,8.945
498.3,Flowing,SMALL_LEAK,500.31,484.34,49.792,41.832,33.846,25.191,17.126,8.814
498.4,Flowing,SMALL_LEAK,500.66,485.98,49.721,41.799,33.724,25.202,17.074,8.768
498.5,Flowing,SMALL_LEAK,499.21,483.72,49.818,41.828,33.861,25.261,17.085,9.0
498.6,Flowing,SMALL_LEAK,499.84,483.55,49.86,41.909,33.723,25.19,16.998,8.739
498.7,Flowing,SMALL_LEAK,499.59,483.03,49.807,41.841,33.81,25.428,17.061,8.98
498.8,Flowing,SMALL_LEAK,500.37,484.43,49.969,41.799,33.853,25.185,17.007,8.742
498.9,Flowing,SMALL_LEAK,498.51,483.15,49.815,41.879,33.877,25.24,17.015,8.889
499.0,Flowing,SMALL_LEAK,499.88,482.65,49.829,41.961,33.702,25.273,17.059,8.766
499.1,Flowing,SMALL_LEAK,498.49,483.12,49.822,41.887,33.923,25.08,17.07,8.783
499.2,Flowing,SMALL_LEAK,499.38,482.86,49.94,41.703,34.046,25.149,17.134,8.814
499.3,Flowing,SMALL_LEAK,499.88,482.79,49.785,41.871,33.932,25.096,17.076,8.819
499.4,Flowing,SMALL_LEAK,500.61,484.1,49.896,41.851,33.804,25.131,17.074,8.873
499.5,Flowing,SMALL_LEAK,500.71,483.77,49.903,41.884,33.926,25.332,16.87,8.633
499.6,Flowing,SMALL_LEAK,500.91,484.66,49.987,41.743,33.763,25.197,16.888,8.789
499.7,Flowing,SMALL_LEAK,498.22,484.18,49.774,41.831,33.872,25.193,16.988,8.841
499.8,Flowing,SMALL_LEAK,501.52,482.56,49.934,41.978,33.833,25.366,17.09,8.721
499.9,Flowing,SMALL_LEAK,499.23,481.45,49.749,41.804,33.966,25.18,16.869,8.802
500.0,Flowing,SMALL_LEAK,499.31,482.73,49.692,41.766,33.803,25.232,17.102,8.876
500.1,Flowing,SMALL_LEAK,500.32,484.92,49.756,41.82,33.856,25.199,16.998,8.682
500.2,Flowing,SMALL_LEAK,499.6,484.89,49.758,41.818,33.603,25.271,16.91,8.875
500.3,Flowing,SMALL_LEAK,500.43,485.18,49.898,41.807,33.93,25.279,16.995,8.786
500.4,Flowing,SMALL_LEAK,500.66,485.01,49.938,41.869,33.934,25.029,17.028,8.694
500.5,Flowing,SMALL_LEAK,499.08,485.3,49.848,41.907,33.989,25.145,16.978,8.812
500.6,Flowing,SMALL_LEAK,499.78,484.49,49.772,41.928,33.844,25.23,17.07,8.814
500.7,Flowing,SMALL_LEAK,499.82,486.16,49.785,41.845,33.782,25.229,17.1,8.726
500.8,Flowing,SMALL_LEAK,501.15,484.35,49.727,41.854,33.789,25.223,17.046,8.649
500.9,Flowing,SMALL_LEAK,499.44,486.4,49.905,41.756,33.848,25.167,16.976,8.956
501.0,Flowing,SMALL_LEAK,499.39,483.25,49.876,41.922,33.862,25.27,17.053,8.84
501.1,Flowing,SMALL_LEAK,498.77,483.22,49.939,41.863,34.033,25.297,16.929,8.806
501.2,Flowing,SMALL_LEAK,498.91,483.77,49.882,41.854,33.905,25.284,16.911,8.922
501.3,Flowing,SMALL_LEAK,498.38,483.96,49.81,41.802,33.802,25.285,16.999,8.767
501.4,Flowing,SMALL_LEAK,499.16,483.61,49.816,41.706,33.783,25.121,16.998,8.873
501.5,Flowing,SMALL_LEAK,501.91,484.65,49.894,41.951,33.933,25.178,17.022,8.817
501.6,Flowing,SMALL_LEAK,500.83,483.88,49.678,41.753,33.837,25.206,17.061,8.857
501.7,Flowing,SMALL_LEAK,501.53,483.27,49.708,41.891,33.864,25.27,17.105,8.809
501.8,Flowing,SMALL_LEAK,498.86,483.52,49.95,41.779,33.774,25.254,16.99,8.841
501.9,Flowing,SMALL_LEAK,497.66,485.46,50.009,41.881,33.867,25.15,16.884,8.814
502.0,Flowing,SMALL_LEAK,500.38,484.38,49.935,41.824,33.882,25.334,17.132,8.854
502.1,Flowing,SMALL_LEAK,502.22,481.99,49.864,41.729,33.8,25.198,16.952,8.84
502.2,Flowing,SMALL_LEAK,499.42,485.81,50.003,41.971,33.87,25.282,16.962,8.937
502.3,Flowing,SMALL_LEAK,500.12,484.52,49.725,41.923,33.89,25.16,17.003,8.729
502.4,Flowing,SMALL_LEAK,498.12,484.77,49.763,41.723,33.911,25.316,16.847,8.967
502.5,Flowing,SMALL_LEAK,500.03,485.11,49.849,41.873,33.732,25.326,17.036,8.911
502.6,Flowing,SMALL_LEAK,499.85,485.18,49.948,41.957,33.798,25.203,16.971,8.892
502.7,Flowing,SMALL_LEAK,497.49,482.9,49.877,41.936,33.939,25.082,17.128,8.896
502.8,Flowing,SMALL_LEAK,498.76,482.72,49.82,41.878,33.84,25.269,16.99,8.858
502.9,Flowing,SMALL_LEAK,498.66,486.88,49.855,41.815,33.865,25.437,16.965,8.8
503.0,Flowing,SMALL_LEAK,498.1,483.16,49.797,41.805,33.915,25.277,17.02,8.902
503.1,Flowing,SMALL_LEAK,499.13,484.45,49.913,41.837,33.727,25.286,17.034,8.822
503.2,Flowing,SMALL_LEAK,500.61,485.96,49.813,41.91,33.878,25.201,16.922,8.905
503.3,Flowing,SMALL_LEAK,499.24,483.47,49.898,41.87,33.637,25.217,17.001,8.771
503.4,Flowing,SMALL_LEAK,501.38,483.57,49.91,41.907,33.885,25.303,16.938,8.784
503.5,Flowing,SMALL_LEAK,499.56,485.11,49.856,41.8,33.908,25.178,17.124,8.746
503.6,Flowing,SMALL_LEAK,500.39,484.26,50.021,42.012,33.842,25.312,16.988,8.901
503.7,Flowing,SMALL_LEAK,500.6,484.59,49.836,41.747,33.567,25.199,17.042,8.926
503.8,Flowing,SMALL_LEAK,501.84,483.9,49.853,41.93,33.814,25.193,17.104,8.623
503.9,Flowing,SMALL_LEAK,499.14,483.37,49.851,41.818,33.959,25.178,17.061,8.894
504.0,Flowing,SMALL_LEAK,500.53,483.6,49.731,41.839,33.815,25.296,17.074,8.801
504.1,Flowing,SMALL_LEAK,498.86,485.43,49.766,41.933,33.845,25.091,16.897,8.855
504.2,Flowing,SMALL_LEAK,502.07,483.65,49.748,41.999,33.775,25.22,17.033,8.762
504.3,Flowing,SMALL_LEAK,498.75,484.51,49.671,41.865,33.79,25.229,17.01,8.841
504.4,Flowing,SMALL_LEAK,500.46,482.84,49.975,41.806,33.812,25.087,17.004,8.853
504.5,Flowing,SMALL_LEAK,501.87,486.45,49.811,41.883,33.836,25.116,17.045,8.804
504.6,Flowing,SMALL_LEAK,498.56,484.38,49.86,41.805,33.798,25.233,17.002,8.958
504.7,Flowing,SMALL_LEAK,500.71,484.41,49.914,41.894,33.836,25.058,16.955,8.768
504.8,Flowing,SMALL_LEAK,498.81,485.11,49.828,41.847,33.902,25.242,17.113,8.795
504.9,Flowing,SMALL_LEAK,502.79,483.42,49.871,41.878,33.87,25.323,17.084,8.714
505.0,Flowing,SMALL_LEAK,497.73,485.43,49.841,41.849,34.022,25.194,16.941,8.855
505.1,Flowing,SMALL_LEAK,498.18,482.18,49.89,41.844,33.832,25.296,16.952,8.793
505.2,Flowing,SMALL_LEAK,498.65,483.26,49.808,41.938,33.873,25.135,16.943,8.97
505.3,Flowing,SMALL_LEAK,498.69,483.04,49.937,41.917,33.851,25.341,16.932,8.88
505.4,Flowing,SMALL_LEAK,500.63,481.74,49.815,41.83,33.908,25.209,16.985,8.78
505.5,Flowing,SMALL_LEAK,502.16,483.37,49.691,41.911,33.769,25.369,16.997,8.925
505.6,Flowing,SMALL_LEAK,501.39,483.94,49.705,41.909,33.929,25.324,16.898,8.764
505.7,Flowing,SMALL_LEAK,500.28,482.69,49.896,41.862,33.873,25.191,17.144,9.029
505.8,Flowing,SMALL_LEAK,500.01,482.52,49.858,41.886,33.854,25.323,17.086,8.735
505.9,Flowing,SMALL_LEAK,499.27,484.05,49.801,41.769,34.066,25.271,16.972,8.766
506.0,Flowing,SMALL_LEAK,500.47,483.9,49.914,41.922,33.914,25.186,17.044,8.829
506.1,Flowing,SMALL_LEAK,499.75,483.68,49.775,41.776,33.883,25.236,17.064,8.883
506.2,Flowing,SMALL_LEAK,500.23,482.48,49.97,41.788,33.9,25.28,16.995,8.83
506.3,Flowing,SMALL_LEAK,499.11,483.53,49.827,42.019,33.858,25.256,16.999,8.782
506.4,Flowing,SMALL_LEAK,498.56,483.2,49.746,41.938,33.911,25.196,16.948,8.834
506.5,Flowing,SMALL_LEAK,500.03,484.1,49.81,41.832,33.749,25.237,17.039,8.908
506.6,Flowing,SMALL_LEAK,500.0,483.33,49.838,41.823,33.725,25.308,17.091,8.822
506.7,Flowing,SMALL_LEAK,499.28,483.95,49.744,41.753,33.806,25.297,17.043,8.701
506.8,Flowing,SMALL_LEAK,499.08,482.43,49.882,41.783,33.808,25.298,17.081,8.907
506.9,Flowing,SMALL_LEAK,500.67,482.32,49.848,41.921,33.803,25.199,16.994,8.822
507.0,Flowing,SMALL_LEAK,500.55,484.67,49.747,41.832,33.966,25.133,16.914,8.72
507.1,Flowing,SMALL_LEAK,502.25,484.92,50.063,41.887,33.828,25.225,17.038,8.769
507.2,Flowing,SMALL_LEAK,501.66,483.53,49.809,41.837,33.792,25.188,17.048,8.74
507.3,Flowing,SMALL_LEAK,498.57,484.03,50.059,41.91,33.748,25.022,16.965,8.875
507.4,Flowing,SMALL_LEAK,499.77,483.46,49.889,41.841,33.802,25.148,16.988,8.739
507.5,Flowing,SMALL_LEAK,498.36,485.32,49.818,41.956,33.788,25.269,17.081,8.734
507.6,Flowing,SMALL_LEAK,497.79,483.76,49.783,41.936,33.776,25.215,17.183,8.898
507.7,Flowing,SMALL_LEAK,502.63,483.4,49.857,41.917,33.846,25.301,16.856,8.809
507.8,Flowing,SMALL_LEAK,501.78,485.16,49.683,41.863,33.831,25.329,17.077,8.778
507.9,Flowing,SMALL_LEAK,499.24,483.07,49.818,41.88,33.804,25.217,17.125,8.754
508.0,Flowing,SMALL_LEAK,501.49,484.19,49.814,41.825,34.103,25.269,17.111,8.881
508.1,Flowing,SMALL_LEAK,501.67,482.74,49.917,41.888,33.879,25.104,17.049,8.811
508.2,Flowing,SMALL_LEAK,497.7,484.8,49.894,41.844,33.911,25.295,16.787,8.785
508.3,Flowing,SMALL_LEAK,501.02,484.98,49.701,41.869,33.826,25.328,17.037,8.781
508.4,Flowing,SMALL_LEAK,499.41,482.45,49.925,41.825,33.81,25.251,17.149,8.888
508.5,Flowing,SMALL_LEAK,500.46,482.27,49.895,42.07,33.791,25.16,17.032,8.941
508.6,Flowing,SMALL_LEAK,503.61,484.35,49.775,41.99,33.735,25.21,17.034,8.749
508.7,Flowing,SMALL_LEAK,501.9,486.33,49.8,41.914,33.965,25.051,17.034,8.811
508.8,Flowing,SMALL_LEAK,499.85,485.06,49.859,41.825,33.747,25.343,17.113,8.812
508.9,Flowing,SMALL_LEAK,501.71,483.75,49.811,41.801,33.643,25.248,17.082,8.831
509.0,Flowing,SMALL_LEAK,497.69,482.97,49.843,41.861,33.782,25.18,17.007,8.876
509.1,Flowing,SMALL_LEAK,500.6,482.54,49.96,41.832,33.766,25.223,17.181,8.743
509.2,Flowing,SMALL_LEAK,500.63,484.86,49.921,41.957,33.821,25.164,17.066,8.848
509.3,Flowing,SMALL_LEAK,500.85,485.11,49.906,42.016,33.863,25.125,17.025,8.839
509.4,Flowing,SMALL_LEAK,499.39,483.24,49.951,41.834,33.817,25.11,17.064,9.088
509.5,Flowing,SMALL_LEAK,500.46,483.7,49.832,41.886,33.806,25.117,17.055,8.822
509.6,Flowing,SMALL_LEAK,501.03,484.06,49.659,41.979,33.883,25.226,16.986,8.852
509.7,Flowing,SMALL_LEAK,497.21,486.18,49.886,41.882,33.935,25.324,17.18,8.753
509.8,Flowing,SMALL_LEAK,499.62,484.08,49.804,41.879,33.788,25.171,17.058,8.892
509.9,Flowing,SMALL_LEAK,498.92,482.82,49.952,41.835,33.887,25.239,17.021,8.755
510.0,Flowing,SMALL_LEAK,500.79,482.61,49.775,41.903,33.783,25.078,17.017,8.936
510.1,Flowing,SMALL_LEAK,501.65,482.91,49.626,41.827,33.904,25.074,17.003,8.729
510.2,Flowing,SMALL_LEAK,499.27,485.52,49.769,41.818,33.76,25.123,17.015,8.998
510.3,Flowing,SMALL_LEAK,498.69,484.62,49.911,41.931,33.914,25.164,17.045,8.908
510.4,Flowing,SMALL_LEAK,500.14,483.59,49.916,41.866,33.892,25.417,17.087,8.795
510.5,Flowing,SMALL_LEAK,498.62,480.49,49.844,41.766,34.038,25.348,17.027,8.994
510.6,Flowing,SMALL_LEAK,499.73,482.98,49.901,41.816,33.923,25.252,17.087,8.71
510.7,Flowing,SMALL_LEAK,499.6,484.41,49.785,41.969,33.985,25.333,17.197,8.866
510.8,Flowing,SMALL_LEAK,500.7,484.42,49.891,41.777,33.804,25.061,16.994,8.655
510.9,Flowing,SMALL_LEAK,500.38,484.41,49.936,41.881,33.688,25.205,17.177,8.81
511.0,Flowing,SMALL_LEAK,500.19,482.38,49.77,41.707,33.71,25.263,16.985,8.792
511.1,Flowing,SMALL_LEAK,501.96,484.21,49.816,41.839,33.752,25.245,16.906,8.76
511.2,Flowing,SMALL_LEAK,500.32,482.83,49.931,41.88,33.905,25.392,17.015,8.822
511.3,Flowing,SMALL_LEAK,499.5,484.0,49.829,41.815,33.769,25.227,17.048,8.853
511.4,Flowing,SMALL_LEAK,499.65,483.08,49.855,41.924,33.852,25.187,16.946,8.696
511.5,Flowing,SMALL_LEAK,499.08,485.28,49.967,41.794,33.776,25.187,16.998,8.951
511.6,Flowing,SMALL_LEAK,498.78,484.4,49.824,42.061,33.855,25.385,17.092,8.849
511.7,Flowing,SMALL_LEAK,498.33,483.83,49.976,41.94,33.901,25.405,16.98,8.74
511.8,Flowing,SMALL_LEAK,501.36,485.66,49.796,41.99,33.966,25.178,16.832,8.804
511.9,Flowing,SMALL_LEAK,499.14,483.55,49.769,41.81,33.766,25.091,17.171,8.765
512.0,Flowing,SMALL_LEAK,500.38,482.3,49.963,41.832,33.76,25.261,16.989,8.803
512.1,Flowing,SMALL_LEAK,499.64,485.27,49.862,41.785,33.72,25.216,17.097,8.748
512.2,Flowing,SMALL_LEAK,499.96,484.3,49.862,41.97,33.843,25.227,17.024,8.765
512.3,Flowing,SMALL_LEAK,501.38,483.62,49.771,41.771,33.879,25.281,17.084,8.79
512.4,Flowing,SMALL_LEAK,500.21,483.23,49.937,41.875,33.856,24.953,16.955,8.698
512.5,Flowing,SMALL_LEAK,498.89,484.61,49.9,41.858,33.764,25.244,16.906,8.736
512.6,Flowing,SMALL_LEAK,499.32,484.98,49.793,41.893,33.962,25.173,17.126,8.824
512.7,Flowing,SMALL_LEAK,501.03,483.08,49.869,41.845,33.834,25.255,17.079,8.749
512.8,Flowing,SMALL_LEAK,500.58,484.68,49.835,41.984,33.864,25.243,17.113,8.78
512.9,Flowing,SMALL_LEAK,501.11,484.3,49.847,41.915,33.949,25.031,16.961,8.74
513.0,Flowing,SMALL_LEAK,499.71,483.0,49.84,41.776,33.903,25.234,17.091,8.896
513.1,Flowing,SMALL_LEAK,498.32,484.0,49.904,41.823,33.858,25.183,16.911,8.896
513.2,Flowing,SMALL_LEAK,500.61,483.34,49.843,41.73,33.893,25.202,16.855,8.71
513.3,Flowing,SMALL_LEAK,500.3,485.49,49.794,41.867,33.913,25.28,17.068,8.817
513.4,Flowing,SMALL_LEAK,500.33,483.22,49.988,41.906,33.868,25.265,16.988,8.815
513.5,Flowing,SMALL_LEAK,498.34,485.81,49.683,41.819,33.991,25.232,17.029,8.9
513.6,Flowing,SMALL_LEAK,499.23,484.16,49.879,41.787,33.852,25.129,17.035,8.753
513.7,Flowing,SMALL_LEAK,498.87,481.91,49.924,41.809,33.784,25.211,17.049,8.723
513.8,Flowing,SMALL_LEAK,500.48,481.39,49.808,41.858,33.957,25.018,17.069,8.789
513.9,Flowing,SMALL_LEAK,500.52,483.75,49.81,41.796,33.821,25.27,16.977,8.953
514.0,Flowing,SMALL_LEAK,499.95,485.6,49.9,41.866,33.837,25.315,17.127,8.727
514.1,Flowing,SMALL_LEAK,501.16,485.48,49.794,41.901,33.925,25.196,16.961,8.826
514.2,Flowing,SMALL_LEAK,501.79,484.2,49.968,41.853,33.749,25.229,17.083,8.812
514.3,Flowing,SMALL_LEAK,500.42,483.12,49.951,41.919,33.845,25.223,16.873,8.917
514.4,Flowing,SMALL_LEAK,500.81,483.5,49.824,41.818,33.806,25.257,16.93,8.741
514.5,Flowing,SMALL_LEAK,499.35,484.25,49.846,41.8,33.877,25.173,17.148,8.875
514.6,Flowing,SMALL_LEAK,499.13,485.3,49.904,41.802,34.042,25.185,16.963,8.877
514.7,Flowing,SMALL_LEAK,501.21,484.68,49.866,41.785,34.026,25.298,17.02,9.012
514.8,Flowing,SMALL_LEAK,498.95,485.16,49.915,41.849,34.033,25.273,17.069,8.789
514.9,Flowing,SMALL_LEAK,500.84,484.77,49.854,41.817,33.965,25.091,17.129,8.75
515.0,Flowing,SMALL_LEAK,502.06,485.13,49.845,41.826,33.808,25.275,17.02,8.767
515.1,Flowing,SMALL_LEAK,500.78,481.29,49.862,41.794,33.807,25.1,16.984,8.86
515.2,Flowing,SMALL_LEAK,499.9,482.93,49.853,41.995,34.059,25.183,16.953,8.91
515.3,Flowing,SMALL_LEAK,498.39,482.67,49.877,41.941,33.882,25.204,17.005,8.855
515.4,Flowing,SMALL_LEAK,500.2,482.56,49.833,41.948,33.746,25.317,16.87,8.832
515.5,Flowing,SMALL_LEAK,501.21,484.01,49.824,41.729,33.685,25.132,17.024,8.772
515.6,Flowing,SMALL_LEAK,499.79,482.26,49.767,41.958,33.751,25.274,16.949,8.73
515.7,Flowing,SMALL_LEAK,501.23,482.87,49.802,41.9,33.74,25.243,16.943,8.758
515.8,Flowing,SMALL_LEAK,500.44,483.88,49.882,42.024,33.777,25.278,16.995,8.782
515.9,Flowing,SMALL_LEAK,500.35,482.08,49.936,41.783,33.758,25.257,17.148,8.88
516.0,Flowing,SMALL_LEAK,499.62,483.42,49.737,41.801,33.928,25.346,17.038,8.774
516.1,Flowing,SMALL_LEAK,498.25,484.77,49.982,41.844,33.802,25.158,16.924,9.047
516.2,Flowing,SMALL_LEAK,499.49,482.53,49.964,41.797,33.989,25.263,17.058,8.763
516.3,Flowing,SMALL_LEAK,499.48,484.96,49.809,41.847,33.693,25.181,17.02,8.925
516.4,Flowing,SMALL_LEAK,500.69,483.03,49.801,41.915,33.685,25.313,16.948,8.83
516.5,Flowing,SMALL_LEAK,499.98,484.33,49.883,41.867,33.841,25.121,16.949,8.9
516.6,Flowing,SMALL_LEAK,501.3,482.67,49.802,41.842,33.731,25.289,16.914,8.893
516.7,Flowing,SMALL_LEAK,500.34,484.54,49.765,41.931,33.851,25.175,17.148,8.814
516.8,Flowing,SMALL_LEAK,499.39,483.64,49.821,41.923,33.732,25.018,17.113,8.753
516.9,Flowing,SMALL_LEAK,499.02,484.56,49.919,41.854,33.757,25.269,16.987,8.734
517.0,Flowing,SMALL_LEAK,499.28,483.35,49.766,41.711,33.882,25.145,17.017,8.805
517.1,Flowing,SMALL_LEAK,500.19,484.67,49.775,41.728,34.053,25.216,17.166,8.913
517.2,Flowing,SMALL_LEAK,499.55,485.02,49.824,41.864,33.862,25.368,17.086,8.755
517.3,Flowing,SMALL_LEAK,498.71,484.14,49.878,41.914,33.756,25.26,17.128,8.751
517.4,Flowing,SMALL_LEAK,501.21,483.42,49.792,41.943,33.822,25.141,17.091,8.866
517.5,Flowing,SMALL_LEAK,500.18,483.72,49.858,41.94,33.946,25.213,17.178,8.947
517.6,Flowing,SMALL_LEAK,500.33,482.48,49.691,41.768,33.67,25.194,16.923,8.755
517.7,Flowing,SMALL_LEAK,499.01,484.24,49.937,41.71,33.86,25.23,17.013,8.83
517.8,Flowing,SMALL_LEAK,498.75,484.75,49.671,41.785,33.973,25.124,17.153,8.707
517.9,Flowing,SMALL_LEAK,499.81,485.88,49.728,41.774,33.94,25.176,17.048,8.826
518.0,Flowing,SMALL_LEAK,497.57,485.57,49.846,41.952,33.912,25.129,16.998,8.959
518.1,Flowing,SMALL_LEAK,500.94,482.83,49.876,41.729,33.735,25.291,17.076,8.746
518.2,Flowing,SMALL_LEAK,499.16,484.25,49.91,41.978,33.967,25.348,17.064,8.806
518.3,Flowing,SMALL_LEAK,499.68,483.84,49.818,41.849,33.78,25.191,17.122,8.691
518.4,Flowing,SMALL_LEAK,500.51,485.46,49.727,41.916,33.822,25.066,17.015,8.804
518.5,Flowing,SMALL_LEAK,499.73,483.15,49.816,41.905,33.743,25.221,17.003,8.823
518.6,Flowing,SMALL_LEAK,498.6,485.05,49.711,41.808,33.852,25.263,17.168,8.884
518.7,Flowing,SMALL_LEAK,501.81,482.82,49.887,41.952,33.826,25.344,17.11,8.784
518.8,Flowing,SMALL_LEAK,498.16,483.87,50.004,41.886,34.025,25.244,16.975,8.759
518.9,Flowing,SMALL_LEAK,497.32,482.94,49.822,41.804,33.952,25.218,16.891,8.837
519.0,Flowing,SMALL_LEAK,501.05,481.64,49.86,41.813,33.871,25.216,17.071,8.866
519.1,Flowing,SMALL_LEAK,498.25,482.91,49.879,41.746,34.02,25.096,17.01,8.732
519.2,Flowing,SMALL_LEAK,501.5,483.69,49.882,41.861,33.836,25.341,17.109,8.794
519.3,Flowing,SMALL_LEAK,500.45,485.71,49.914,41.975,33.938,25.209,16.893,8.846
519.4,Flowing,SMALL_LEAK,500.34,482.7,49.903,41.788,33.852,25.213,17.131,8.968
519.5,Flowing,SMALL_LEAK,499.32,483.27,49.944,41.843,33.942,25.272,17.014,8.987
519.6,Flowing,SMALL_LEAK,499.01,482.27,49.791,41.898,33.917,25.197,17.065,8.896
519.7,Flowing,SMALL_LEAK,499.55,485.39,49.87,41.888,33.858,25.284,17.002,8.795
519.8,Flowing,SMALL_LEAK,498.95,483.45,49.852,41.945,33.71,25.147,17.202,8.842
519.9,Flowing,SMALL_LEAK,501.45,483.59,49.817,41.914,33.787,25.052,17.048,8.762
520.0,Flowing,LARGE_LEAK,499.11,398.58,50.008,42.026,34.011,25.863,18.002,10.036
520.1,Flowing,LARGE_LEAK,500.61,396.66,49.888,41.878,33.914,26.06,17.84,10.066
520.2,Flowing,LARGE_LEAK,501.21,397.24,50.031,41.979,33.882,25.936,18.063,10.101
520.3,Flowing,LARGE_LEAK,498.94,397.86,49.917,42.091,34.055,25.999,17.941,9.953
520.4,Flowing,LARGE_LEAK,500.45,399.74,50.146,42.014,34.106,26.019,17.964,10.047
520.5,Flowing,LARGE_LEAK,498.93,396.0,50.173,41.948,34.073,26.015,17.884,9.882
520.6,Flowing,LARGE_LEAK,499.79,399.65,49.964,42.028,34.07,25.874,18.052,9.991
520.7,Flowing,LARGE_LEAK,499.45,399.41,50.0,42.047,34.14,26.024,17.891,9.985
520.8,Flowing,LARGE_LEAK,499.17,396.82,50.068,42.071,34.053,25.959,17.891,10.047
520.9,Flowing,LARGE_LEAK,500.19,398.62,49.903,42.055,34.055,25.963,17.991,10.016
521.0,Flowing,LARGE_LEAK,498.54,400.4,49.951,41.889,33.997,26.005,18.109,9.937
521.1,Flowing,LARGE_LEAK,501.12,397.72,50.085,41.908,33.892,25.976,17.925,9.891
521.2,Flowing,LARGE_LEAK,498.7,398.34,50.156,41.964,34.185,25.92,17.863,10.103
521.3,Flowing,LARGE_LEAK,498.48,402.31,49.942,42.011,33.892,25.997,17.89,9.994
521.4,Flowing,LARGE_LEAK,499.7,399.39,49.962,42.018,34.05,26.019,18.036,9.991
521.5,Flowing,LARGE_LEAK,499.55,398.69,49.965,42.038,33.991,25.994,18.032,9.917
521.6,Flowing,LARGE_LEAK,500.43,398.43,50.114,41.98,34.01,25.996,18.052,10.027
521.7,Flowing,LARGE_LEAK,500.1,399.45,49.996,42.116,33.744,26.099,18.074,9.853
521.8,Flowing,LARGE_LEAK,498.05,399.82,50.074,42.085,34.045,25.875,18.055,10.081
521.9,Flowing,LARGE_LEAK,501.18,396.41,49.954,42.035,33.972,26.071,17.975,9.954
522.0,Flowing,LARGE_LEAK,499.67,396.32,49.997,41.893,33.989,26.029,15.81,10.02
522.1,Flowing,LARGE_LEAK,500.29,397.8,49.885,42.108,34.115,26.009,15.429,9.957
522.2,Flowing,LARGE_LEAK,502.64,398.82,49.984,42.022,33.976,25.931,15.355,10.021
522.3,Flowing,LARGE_LEAK,501.54,399.09,49.916,42.023,34.013,25.943,15.183,10.011
522.4,Flowing,LARGE_LEAK,500.25,396.96,49.983,41.993,34.036,25.994,14.921,10.085
522.5,Flowing,LARGE_LEAK,498.35,398.75,49.887,41.9,34.062,26.193,14.86,10.149
522.6,Flowing,LARGE_LEAK,498.37,398.91,49.965,41.949,34.037,26.076,14.567,9.983
522.7,Flowing,LARGE_LEAK,501.39,397.98,49.998,41.946,33.955,26.067,14.607,10.064
522.8,Flowing,LARGE_LEAK,499.52,398.36,50.027,41.93,34.034,25.924,14.457,9.917
522.9,Flowing,LARGE_LEAK,499.8,398.13,49.951,42.007,33.963,25.929,14.498,9.99
523.0,Flowing,LARGE_LEAK,498.63,399.56,49.958,41.913,33.85,25.982,14.231,10.057
523.1,Flowing,LARGE_LEAK,500.54,399.01,50.002,42.125,34.018,25.942,14.135,10.065
523.2,Flowing,LARGE_LEAK,501.37,397.63,49.896,41.967,34.134,26.049,14.269,10.076
523.3,Flowing,LARGE_LEAK,501.83,400.15,50.073,42.126,33.952,25.97,14.122,9.997
523.4,Flowing,LARGE_LEAK,499.46,397.36,49.989,41.86,33.948,26.115,14.18,10.057
523.5,Flowing,LARGE_LEAK,500.77,396.94,49.99,41.849,33.99,26.083,14.035,10.06
523.6,Flowing,LARGE_LEAK,499.89,398.71,49.864,42.002,34.044,25.975,14.301,9.961
523.7,Flowing,LARGE_LEAK,501.06,398.7,49.954,42.016,33.94,25.885,13.993,10.061
523.8,Flowing,LARGE_LEAK,500.0,399.09,49.976,42.136,33.965,26.057,14.102,9.964
523.9,Flowing,LARGE_LEAK,499.01,397.58,49.93,41.861,34.044,26.096,13.917,9.97
524.0,Flowing,LARGE_LEAK,501.58,400.07,49.947,42.044,33.974,26.106,13.999,9.901
524.1,Flowing,LARGE_LEAK,500.12,401.06,49.962,41.971,34.042,25.97,14.052,9.937
524.2,Flowing,LARGE_LEAK,499.58,398.97,49.976,41.937,33.932,26.102,13.949,9.972
524.3,Flowing,LARGE_LEAK,500.21,399.38,50.084,42.06,34.131,26.039,13.949,10.165
524.4,Flowing,LARGE_LEAK,499.12,396.46,50.047,41.988,34.005,26.014,13.97,9.89
524.5,Flowing,LARGE_LEAK,500.5,398.48,50.13,41.998,34.015,26.166,13.928,10.052
524.6,Flowing,LARGE_LEAK,499.76,398.16,49.937,42.026,34.016,26.063,14.073,9.954
524.7,Flowing,LARGE_LEAK,499.05,397.97,50.113,42.119,33.98,25.999,13.932,9.976
524.8,Flowing,LARGE_LEAK,502.85,398.21,49.904,42.062,33.836,25.944,13.963,10.104
524.9,Flowing,LARGE_LEAK,498.79,398.33,49.956,42.034,33.994,26.076,13.993,10.066
525.0,Flowing,LARGE_LEAK,500.42,397.25,49.956,41.919,34.029,25.961,13.962,10.025
525.1,Flowing,LARGE_LEAK,500.07,398.42,50.099,42.063,33.946,25.908,14.094,9.873
525.2,Flowing,LARGE_LEAK,498.77,397.75,49.964,42.052,34.131,25.985,13.957,9.93
525.3,Flowing,LARGE_LEAK,499.6,399.95,50.01,41.908,33.94,26.061,13.918,10.073
525.4,Flowing,LARGE_LEAK,498.39,399.4,49.988,41.89,34.093,25.895,13.903,9.984
525.5,Flowing,LARGE_LEAK,502.48,399.4,50.08,41.958,33.926,26.013,13.932,9.963
525.6,Flowing,LARGE_LEAK,499.68,400.17,50.017,41.904,33.862,26.171,13.956,10.014
525.7,Flowing,LARGE_LEAK,499.78,398.01,49.937,42.072,33.957,25.777,13.902,9.977
525.8,Flowing,LARGE_LEAK,502.33,399.32,49.986,41.984,33.948,25.941,13.922,9.868
525.9,Flowing,LARGE_LEAK,499.01,400.28,49.843,42.008,34.009,26.07,13.925,9.905
526.0,Flowing,LARGE_LEAK,501.55,397.92,49.845,41.929,34.034,26.115,13.949,9.903
526.1,Flowing,LARGE_LEAK,500.71,396.56,49.93,41.932,33.968,26.09,14.04,9.986
526.2,Flowing,LARGE_LEAK,497.63,398.17,50.015,41.936,33.863,26.143,13.758,9.853
526.3,Flowing,LARGE_LEAK,499.55,400.15,50.144,42.001,33.91,26.055,14.005,9.893
526.4,Flowing,LARGE_LEAK,500.52,397.86,49.957,42.07,33.935,26.023,14.056,9.809
526.5,Flowing,LARGE_LEAK,500.04,398.44,49.973,42.021,33.857,25.958,14.026,9.944
526.6,Flowing,LARGE_LEAK,500.05,398.06,49.881,42.09,34.036,25.994,13.934,10.082
526.7,Flowing,LARGE_LEAK,499.27,398.77,50.024,42.052,33.945,25.847,13.991,10.088
526.8,Flowing,LARGE_LEAK,499.14,397.74,49.982,42.071,33.973,25.993,14.082,9.977
526.9,Flowing,LARGE_LEAK,499.63,397.22,49.972,41.85,34.055,25.943,13.953,9.975
527.0,Flowing,LARGE_LEAK,502.35,398.47,49.964,41.991,33.997,26.094,14.063,10.052
527.1,Flowing,LARGE_LEAK,498.91,398.68,50.102,42.068,34.04,26.116,13.836,9.945
527.2,Flowing,LARGE_LEAK,499.42,400.34,49.934,41.976,34.055,25.911,13.981,9.953
527.3,Flowing,LARGE_LEAK,500.03,399.08,49.972,42.016,34.134,25.943,13.934,9.914
527.4,Flowing,LARGE_LEAK,498.24,397.59,49.942,41.913,34.02,26.034,13.996,9.94
527.5,Flowing,LARGE_LEAK,500.52,398.12,50.041,42.009,33.995,25.901,13.953,10.015
527.6,Flowing,LARGE_LEAK,498.45,399.86,50.008,42.032,34.056,25.912,13.923,10.041
527.7,Flowing,LARGE_LEAK,498.7,398.49,49.979,42.077,34.007,25.844,14.008,9.991
527.8,Flowing,LARGE_LEAK,498.64,397.69,49.858,41.98,33.899,26.06,13.937,9.926
527.9,Flowing,LARGE_LEAK,498.03,399.1,50.065,42.037,33.981,25.9,13.873,9.931
528.0,Flowing,LARGE_LEAK,501.52,398.05,50.06,41.866,33.996,25.98,14.023,10.019
528.1,Flowing,LARGE_LEAK,500.63,399.57,50.043,41.958,33.902,25.974,14.002,10.062
528.2,Flowing,LARGE_LEAK,501.11,399.44,49.966,41.931,33.915,25.989,13.951,10.118
528.3,Flowing,LARGE_LEAK,501.0,397.62,50.01,42.049,33.938,26.003,13.951,9.989
528.4,Flowing,LARGE_LEAK,499.8,401.14,49.998,42.01,34.038,26.094,13.759,10.089
528.5,Flowing,LARGE_LEAK,499.96,398.85,49.863,42.025,34.188,25.997,13.955,9.975
528.6,Flowing,LARGE_LEAK,501.22,395.8,50.053,42.029,33.946,25.991,13.851,9.99
528.7,Flowing,LARGE_LEAK,501.97,399.46,49.966,42.011,33.943,25.983,13.941,10.006
528.8,Flowing,LARGE_LEAK,498.49,395.88,50.022,41.986,33.937,26.007,13.926,10.082
528.9,Flowing,LARGE_LEAK,503.02,400.25,50.092,41.89,34.049,26.065,13.832,10.046
529.0,Flowing,LARGE_LEAK,498.42,399.07,50.072,41.924,33.981,26.015,13.986,9.921
529.1,Flowing,LARGE_LEAK,499.45,398.82,50.093,41.838,34.106,26.044,13.89,10.069
529.2,Flowing,LARGE_LEAK,500.09,398.9,49.916,42.009,34.019,26.019,13.873,9.96
529.3,Flowing,LARGE_LEAK,500.2,399.6,50.01,41.942,34.022,25.951,14.02,10.125
529.4,Flowing,LARGE_LEAK,502.36,398.32,49.976,42.074,33.983,25.925,13.906,10.007
529.5,Flowing,LARGE_LEAK,501.21,398.89,49.857,42.05,34.007,26.08,13.989,10.01
529.6,Flowing,LARGE_LEAK,500.5,399.04,49.972,42.122,34.174,25.973,14.023,9.943
529.7,Flowing,LARGE_LEAK,501.24,395.44,49.953,41.969,34.055,25.914,14.064,10.075
529.8,Flowing,LARGE_LEAK,500.41,399.61,50.053,41.976,34.066,25.767,13.975,10.013
529.9,Flowing,LARGE_LEAK,499.19,399.81,49.849,42.033,34.047,25.852,13.845,10.165
530.0,Flowing,LARGE_LEAK,500.58,399.44,49.985,42.078,34.09,26.032,14.021,9.831
530.1,Flowing,LARGE_LEAK,500.08,399.36,49.982,41.754,33.86,25.956,13.887,10.003
530.2,Flowing,LARGE_LEAK,498.99,400.81,49.998,42.011,34.014,26.027,13.863,9.942
530.3,Flowing,LARGE_LEAK,501.52,398.85,49.997,41.998,33.913,26.087,13.998,9.931
530.4,Flowing,LARGE_LEAK,499.93,398.89,49.983,42.161,34.013,26.032,13.891,9.975
530.5,Flowing,LARGE_LEAK,498.66,398.12,50.121,42.009,33.994,26.001,14.144,10.003
530.6,Flowing,LARGE_LEAK,498.84,396.6,49.934,41.948,34.062,25.886,13.976,9.942
530.7,Flowing,LARGE_LEAK,500.64,399.45,49.851,41.922,34.002,26.112,14.013,9.977
530.8,Flowing,LARGE_LEAK,501.26,398.24,50.078,41.971,33.883,26.002,13.82,10.063
530.9,Flowing,LARGE_LEAK,500.58,396.59,50.064,41.93,34.012,26.011,14.01,9.9
531.0,Flowing,LARGE_LEAK,500.58,398.81,50.048,41.895,34.062,26.085,13.886,10.098
531.1,Flowing,LARGE_LEAK,499.03,398.77,49.874,42.088,34.115,26.028,13.924,10.025
531.2,Flowing,LARGE_LEAK,500.11,398.62,49.952,42.21,33.953,26.105,13.881,10.128
531.3,Flowing,LARGE_LEAK,499.6,399.06,50.161,42.031,34.023,25.923,13.854,10.024
531.4,Flowing,LARGE_LEAK,499.77,397.02,50.117,41.956,34.177,25.951,13.958,10.019
531.5,Flowing,LARGE_LEAK,499.87,400.09,49.992,41.836,33.95,26.016,13.932,10.051
531.6,Flowing,LARGE_LEAK,499.21,399.42,50.061,41.981,33.923,26.124,13.832,9.952
531.7,Flowing,LARGE_LEAK,500.9,400.39,49.932,42.06,34.105,25.986,13.958,10.034
531.8,Flowing,LARGE_LEAK,498.79,398.23,50.144,41.858,34.06,26.03,13.91,10.026
531.9,Flowing,LARGE_LEAK,498.44,399.41,50.059,42.047,34.173,26.01,13.942,9.985
532.0,Flowing,LARGE_LEAK,499.06,396.66,50.044,41.997,34.001,26.001,13.929,9.951
532.1,Flowing,LARGE_LEAK,501.06,397.9,50.033,41.977,34.049,26.009,13.909,10.125
532.2,Flowing,LARGE_LEAK,500.41,397.25,49.992,42.05,33.944,25.838,13.895,9.829
532.3,Flowing,LARGE_LEAK,497.86,399.21,49.981,42.117,33.928,25.832,14.06,9.962
532.4,Flowing,LARGE_LEAK,500.72,397.57,49.999,42.063,34.042,26.06,14.012,9.86
532.5,Flowing,LARGE_LEAK,499.94,398.37,49.887,42.094,33.937,25.946,13.839,9.968
532.6,Flowing,LARGE_LEAK,499.5,398.89,49.972,41.925,33.916,26.025,13.875,9.951
532.7,Flowing,LARGE_LEAK,499.71,398.41,49.825,42.155,34.075,25.96,13.868,10.001
532.8,Flowing,LARGE_LEAK,498.4,397.32,49.999,41.898,33.796,25.958,13.815,10.014
532.9,Flowing,LARGE_LEAK,500.21,400.87,50.014,41.922,33.957,26.141,14.002,9.964
533.0,Flowing,LARGE_LEAK,498.48,399.04,50.183,41.904,33.935,25.991,13.818,10.143
533.1,Flowing,LARGE_LEAK,499.58,400.88,50.015,41.937,34.036,26.012,13.916,9.903
533.2,Flowing,LARGE_LEAK,499.58,397.66,49.885,42.175,33.892,26.136,13.872,10.063
533.3,Flowing,LARGE_LEAK,500.92,398.45,50.037,42.053,34.059,25.871,13.886,9.891
533.4,Flowing,LARGE_LEAK,500.05,399.0,50.015,41.894,33.842,25.981,13.763,10.021
533.5,Flowing,LARGE_LEAK,500.85,400.74,49.899,41.933,33.818,26.132,13.823,9.971
533.6,Flowing,LARGE_LEAK,498.57,400.88,49.857,41.933,34.14,26.024,13.882,9.997
533.7,Flowing,LARGE_LEAK,499.87,398.38,49.955,41.993,34.06,25.974,13.958,10.019
533.8,Flowing,LARGE_LEAK,500.64,398.02,49.974,41.941,33.958,26.056,14.003,9.909
533.9,Flowing,LARGE_LEAK,501.49,398.89,49.979,41.94,34.064,25.962,14.116,10.017
534.0,Flowing,LARGE_LEAK,498.63,400.34,50.095,41.919,34.001,26.049,13.857,10.002
534.1,Flowing,LARGE_LEAK,498.99,399.06,50.084,41.974,33.932,26.144,13.846,10.012
534.2,Flowing,LARGE_LEAK,500.61,399.28,49.943,41.925,34.059,25.984,13.972,9.82
534.3,Flowing,LARGE_LEAK,501.93,400.33,50.04,41.942,33.85,26.151,13.988,10.018
534.4,Flowing,LARGE_LEAK,500.34,400.13,50.1,42.02,33.936,25.986,13.886,9.96
534.5,Flowing,LARGE_LEAK,498.67,400.18,49.899,41.922,34.072,26.027,13.9,9.918
534.6,Flowing,LARGE_LEAK,498.69,399.75,49.968,41.865,34.01,26.076,14.129,9.912
534.7,Flowing,LARGE_LEAK,500.16,400.62,50.072,41.943,33.91,25.91,13.951,9.926
534.8,Flowing,LARGE_LEAK,500.43,397.54,49.951,41.965,33.941,25.935,13.746,10.007
534.9,Flowing,LARGE_LEAK,499.73,401.7,50.005,41.936,34.029,26.112,13.942,10.106
535.0,Flowing,LARGE_LEAK,498.71,400.27,50.179,42.202,33.905,25.905,13.904,10.01
535.1,Flowing,LARGE_LEAK,501.32,398.81,50.127,42.05,33.904,25.951,13.937,9.881
535.2,Flowing,LARGE_LEAK,499.58,400.33,50.001,41.905,33.868,25.924,13.973,10.032
535.3,Flowing,LARGE_LEAK,500.63,398.58,50.008,42.079,34.071,26.016,13.945,10.01
535.4,Flowing,LARGE_LEAK,497.87,399.57,49.988,41.826,34.091,26.032,13.843,10.114
535.5,Flowing,LARGE_LEAK,501.44,399.71,49.953,41.991,34.082,26.018,14.047,9.972
535.6,Flowing,LARGE_LEAK,499.18,400.03,50.135,41.938,34.105,25.819,13.852,10.024
535.7,Flowing,LARGE_LEAK,501.61,398.45,49.968,41.994,34.003,25.905,13.851,10.019
535.8,Flowing,LARGE_LEAK,500.74,400.06,49.947,42.107,33.985,26.058,13.975,9.952
535.9,Flowing,LARGE_LEAK,498.29,398.47,49.842,42.095,33.922,25.968,13.928,9.996
536.0,Flowing,LARGE_LEAK,500.29,399.88,50.077,42.0,33.99,26.081,13.988,9.941
536.1,Flowing,LARGE_LEAK,501.99,398.98,49.908,41.934,33.996,25.9,13.947,9.99
536.2,Flowing,LARGE_LEAK,499.28,396.81,49.797,41.888,33.769,25.972,14.026,9.849
536.3,Flowing,LARGE_LEAK,501.99,398.12,49.894,41.987,33.915,25.915,13.983,9.96
536.4,Flowing,LARGE_LEAK,500.46,400.02,49.881,41.833,34.177,26.09,13.904,10.007
536.5,Flowing,LARGE_LEAK,501.61,398.64,49.961,42.041,33.932,25.957,13.976,10.116
536.6,Flowing,LARGE_LEAK,500.19,400.46,50.059,42.099,33.975,25.95,13.785,10.006
536.7,Flowing,LARGE_LEAK,499.85,397.54,50.03,41.976,33.938,26.099,13.991,10.105
536.8,Flowing,LARGE_LEAK,502.2,399.84,49.924,41.943,34.096,25.996,13.894,9.96
536.9,Flowing,LARGE_LEAK,500.87,398.94,49.999,42.08,33.987,26.063,13.977,9.93
537.0,Flowing,LARGE_LEAK,499.72,398.7,49.93,41.964,33.893,25.959,14.061,9.997
537.1,Flowing,LARGE_LEAK,500.51,397.59,49.939,42.153,33.926,25.923,14.038,10.053
537.2,Flowing,LARGE_LEAK,499.32,399.25,49.99,42.067,34.024,25.905,13.748,9.955
537.3,Flowing,LARGE_LEAK,500.13,397.79,50.087,41.966,34.037,26.015,13.805,9.967
537.4,Flowing,LARGE_LEAK,501.43,398.24,50.029,41.937,33.971,26.031,13.946,10.084
537.5,Flowing,LARGE_LEAK,499.81,398.83,50.031,41.924,33.962,26.002,14.047,9.962
537.6,Flowing,LARGE_LEAK,498.95,398.56,49.861,42.035,33.94,25.897,13.942,10.078
537.7,Flowing,LARGE_LEAK,498.84,400.23,49.954,42.04,34.055,26.063,13.881,9.91
537.8,Flowing,LARGE_LEAK,500.09,395.89,49.921,42.063,34.053,25.923,14.111,9.914
537.9,Flowing,LARGE_LEAK,499.03,398.79,50.08,42.122,34.009,25.938,13.88,9.979
538.0,Flowing,LARGE_LEAK,498.28,398.56,50.086,41.904,33.853,24.329,13.987,10.157
538.1,Flowing,LARGE_LEAK,498.56,398.99,49.889,41.989,34.093,24.059,13.924,10.063
538.2,Flowing,LARGE_LEAK,501.41,398.35,49.952,42.068,33.9,23.712,13.918,9.795
538.3,Flowing,LARGE_LEAK,499.83,400.23,50.007,41.861,34.023,23.663,13.935,10.035
538.4,Flowing,LARGE_LEAK,500.07,398.69,50.016,41.977,34.146,23.519,14.002,10.086
538.5,Flowing,LARGE_LEAK,498.84,399.16,50.053,42.165,34.013,23.35,13.888,9.979
538.6,Flowing,LARGE_LEAK,499.3,400.07,49.942,42.054,33.927,23.238,13.985,10.012
538.7,Flowing,LARGE_LEAK,499.26,399.06,49.928,42.056,33.993,22.9,13.861,10.112
538.8,Flowing,LARGE_LEAK,499.67,397.48,50.119,42.042,34.063,22.98,13.919,10.099
538.9,Flowing,LARGE_LEAK,498.01,398.49,50.034,42.005,33.985,23.061,14.03,10.052
539.0,Flowing,LARGE_LEAK,501.31,398.85,50.005,41.971,34.055,22.813,13.868,9.884
539.1,Flowing,LARGE_LEAK,499.98,397.02,50.099,41.942,34.032,22.836,14.172,10.035
539.2,Flowing,LARGE_LEAK,500.24,398.15,49.851,42.094,33.969,22.781,13.886,10.016
539.3,Flowing,LARGE_LEAK,501.1,398.92,50.015,41.948,33.959,22.764,13.753,9.885
539.4,Flowing,LARGE_LEAK,501.01,401.41,50.134,42.026,33.958,22.585,13.935,10.079
539.5,Flowing,LARGE_LEAK,499.31,399.45,50.211,42.151,33.929,22.65,13.822,9.933
539.6,Flowing,LARGE_LEAK,500.73,399.19,49.983,41.971,34.164,22.558,13.936,9.835
539.7,Flowing,LARGE_LEAK,500.71,401.03,50.026,41.893,34.088,22.617,13.828,9.832
539.8,Flowing,LARGE_LEAK,500.38,399.71,49.922,42.019,34.034,22.581,14.014,9.909
539.9,Flowing,LARGE_LEAK,501.27,399.87,49.766,42.023,34.103,22.708,13.836,9.956
540.0,Flowing,LARGE_LEAK,500.96,398.51,50.058,41.95,34.008,22.532,13.853,9.928
540.1,Flowing,LARGE_LEAK,500.87,397.48,50.076,42.001,34.102,22.619,14.069,10.065
540.2,Flowing,LARGE_LEAK,501.64,399.31,50.061,41.99,34.241,22.575,13.782,10.021
540.3,Flowing,LARGE_LEAK,500.03,401.19,49.921,42.081,34.058,22.542,13.869,10.012
540.4,Flowing,LARGE_LEAK,500.07,400.82,49.949,42.063,34.044,22.784,13.904,9.976
540.5,Flowing,LARGE_LEAK,500.98,399.79,49.988,41.991,34.082,22.52,14.098,10.047
540.6,Flowing,LARGE_LEAK,499.79,398.18,49.961,41.941,34.083,22.539,13.941,9.952
540.7,Flowing,LARGE_LEAK,500.58,397.14,49.995,41.949,34.109,22.589,13.926,9.985
540.8,Flowing,LARGE_LEAK,499.33,398.01,50.007,42.0,33.923,22.375,13.876,9.99
540.9,Flowing,LARGE_LEAK,497.26,399.26,49.941,42.066,33.982,22.673,13.895,10.011
541.0,Flowing,LARGE_LEAK,500.72,398.43,49.977,42.035,34.085,22.569,13.778,10.04
541.1,Flowing,LARGE_LEAK,498.14,400.2,49.919,41.975,34.055,22.428,14.032,9.972
541.2,Flowing,LARGE_LEAK,499.16,397.21,50.174,42.005,34.136,22.611,13.891,9.896
541.3,Flowing,LARGE_LEAK,500.98,398.85,50.009,41.953,34.126,22.493,13.916,9.888
541.4,Flowing,LARGE_LEAK,501.0,398.08,50.034,41.906,34.035,22.557,13.88,10.077
541.5,Flowing,LARGE_LEAK,501.41,400.19,49.978,41.882,34.124,22.436,13.981,10.034
541.6,Flowing,LARGE_LEAK,497.58,399.65,50.031,42.03,33.922,22.643,14.016,10.038
541.7,Flowing,LARGE_LEAK,500.36,398.0,49.893,41.922,34.053,22.347,13.967,9.894
541.8,Flowing,LARGE_LEAK,499.69,400.03,49.931,41.887,34.02,22.595,13.968,10.037
541.9,Flowing,LARGE_LEAK,501.19,397.05,50.013,42.055,34.037,22.288,14.013,10.064
542.0,Flowing,LARGE_LEAK,501.77,396.86,49.971,41.842,34.019,22.531,13.905,7.155
542.1,Flowing,LARGE_LEAK,498.43,397.94,50.086,42.192,34.012,22.531,13.874,6.849
542.2,Flowing,LARGE_LEAK,500.02,396.62,49.989,42.094,34.066,22.658,13.821,6.568
542.3,Flowing,LARGE_LEAK,501.0,398.86,50.088,42.116,34.003,22.146,13.881,6.515
542.4,Flowing,LARGE_LEAK,499.59,398.9,49.928,42.015,34.152,22.617,14.005,6.323
542.5,Flowing,LARGE_LEAK,502.09,398.51,49.96,42.061,34.002,22.507,13.816,6.133
542.6,Flowing,LARGE_LEAK,499.52,399.65,50.06,41.912,34.021,22.535,13.978,6.117
542.7,Flowing,LARGE_LEAK,499.64,398.13,50.05,41.95,33.883,22.432,13.998,5.874
542.8,Flowing,LARGE_LEAK,498.71,397.44,49.917,41.916,33.852,22.41,14.02,5.825
542.9,Flowing,LARGE_LEAK,500.18,398.04,49.86,41.959,34.041,22.355,14.016,5.691
543.0,Flowing,LARGE_LEAK,496.38,397.54,49.968,41.967,33.955,22.496,14.002,5.738
543.1,Flowing,LARGE_LEAK,499.7,398.27,49.952,42.037,34.017,22.447,13.943,5.626
543.2,Flowing,LARGE_LEAK,501.52,399.72,49.931,42.064,34.036,22.562,13.991,5.567
543.3,Flowing,LARGE_LEAK,498.32,396.89,50.08,41.976,34.074,22.491,13.965,5.624
543.4,Flowing,LARGE_LEAK,498.06,398.59,50.065,41.869,33.874,22.554,13.969,5.498
543.5,Flowing,LARGE_LEAK,501.34,400.15,50.029,41.887,34.261,22.605,13.99,5.536
543.6,Flowing,LARGE_LEAK,501.5,400.29,49.951,41.895,33.991,22.432,13.876,5.39
543.7,Flowing,LARGE_LEAK,498.37,398.18,50.02,41.97,34.043,22.537,13.958,5.693
543.8,Flowing,LARGE_LEAK,502.08,401.66,50.066,41.899,34.037,22.496,13.833,5.347
543.9,Flowing,LARGE_LEAK,500.52,397.74,50.036,42.056,33.916,22.578,13.963,5.54
544.0,Flowing,LARGE_LEAK,501.26,398.73,50.087,41.987,34.131,22.41,14.131,5.359
544.1,Flowing,LARGE_LEAK,499.05,397.6,49.996,41.955,33.97,22.734,13.903,5.485
544.2,Flowing,LARGE_LEAK,501.79,399.52,49.981,42.075,33.956,22.521,13.99,5.349
544.3,Flowing,LARGE_LEAK,499.68,402.36,50.221,42.054,33.982,22.444,13.947,5.3
544.4,Flowing,LARGE_LEAK,499.63,401.21,50.143,42.035,33.993,22.584,13.882,5.297
544.5,Flowing,LARGE_LEAK,500.58,400.02,49.99,42.01,34.042,22.382,13.903,5.136
544.6,Flowing,LARGE_LEAK,499.53,398.27,49.905,42.057,34.077,22.409,13.914,5.378
544.7,Flowing,LARGE_LEAK,498.18,398.8,50.086,42.122,34.012,22.479,13.825,5.38
544.8,Flowing,LARGE_LEAK,500.16,400.34,50.166,42.103,34.014,22.524,13.885,5.338
544.9,Flowing,LARGE_LEAK,499.62,399.9,50.012,42.012,34.081,22.577,13.982,5.283
545.0,Flowing,LARGE_LEAK,499.08,399.1,49.923,41.929,34.019,22.338,13.939,5.473
545.1,Flowing,LARGE_LEAK,501.49,399.17,50.053,41.972,33.944,22.564,13.964,5.337
545.2,Flowing,LARGE_LEAK,502.87,400.27,49.953,42.006,33.976,22.563,14.039,5.245
545.3,Flowing,LARGE_LEAK,498.9,400.56,49.902,42.108,34.013,22.409,14.019,5.38
545.4,Flowing,LARGE_LEAK,500.24,397.2,50.176,41.981,34.089,22.384,14.052,5.427
545.5,Flowing,LARGE_LEAK,499.52,399.27,50.128,42.089,33.992,22.406,13.892,5.209
545.6,Flowing,LARGE_LEAK,502.75,399.69,49.926,42.034,33.996,22.482,13.877,5.206
545.7,Flowing,LARGE_LEAK,500.59,398.36,50.015,42.03,33.921,22.457,14.063,5.44
545.8,Flowing,LARGE_LEAK,501.11,400.53,49.881,41.993,34.116,22.483,13.918,5.433
545.9,Flowing,LARGE_LEAK,501.42,398.65,50.079,42.075,33.979,22.553,14.06,5.341
546.0,Flowing,LARGE_LEAK,500.16,400.57,49.968,42.098,34.164,22.669,13.91,5.323
546.1,Flowing,LARGE_LEAK,499.78,398.56,49.918,42.009,33.914,22.458,13.996,5.375
546.2,Flowing,LARGE_LEAK,501.82,399.31,49.855,42.126,33.913,22.423,13.841,5.29
546.3,Flowing,LARGE_LEAK,500.93,399.28,49.928,41.93,33.803,22.51,13.959,5.522
546.4,Flowing,LARGE_LEAK,498.98,401.0,50.039,41.96,33.904,22.492,13.976,5.302
546.5,Flowing,LARGE_LEAK,499.13,399.89,50.005,42.152,33.969,22.349,14.01,5.367
546.6,Flowing,LARGE_LEAK,499.53,398.45,49.863,42.034,33.92,22.535,14.093,5.328
546.7,Flowing,LARGE_LEAK,501.39,398.67,50.087,41.902,33.878,22.661,13.965,5.392
546.8,Flowing,LARGE_LEAK,501.77,398.67,50.092,41.958,34.066,22.554,13.836,5.462
546.9,Flowing,LARGE_LEAK,502.58,399.02,50.105,41.897,34.016,22.482,14.053,5.228
547.0,Flowing,LARGE_LEAK,499.15,397.87,50.288,41.986,34.059,22.611,13.924,5.332
547.1,Flowing,LARGE_LEAK,500.17,398.9,49.96,41.929,34.022,22.489,13.899,5.305
547.2,Flowing,LARGE_LEAK,499.52,400.64,50.046,41.936,33.98,22.572,13.96,5.257
547.3,Flowing,LARGE_LEAK,499.78,400.59,49.998,42.035,34.079,22.44,13.895,5.285
547.4,Flowing,LARGE_LEAK,501.12,397.12,49.948,42.032,34.048,22.584,13.933,5.228
547.5,Flowing,LARGE_LEAK,499.94,396.93,50.054,42.013,34.005,22.397,13.924,5.245
547.6,Flowing,LARGE_LEAK,501.58,398.29,50.039,41.966,33.958,22.377,14.022,5.32
547.7,Flowing,LARGE_LEAK,499.38,396.87,50.007,41.941,33.868,22.457,13.91,5.364
547.8,Flowing,LARGE_LEAK,500.89,397.48,49.972,41.943,33.88,22.504,13.876,5.446
547.9,Flowing,LARGE_LEAK,499.47,399.42,50.012,42.045,33.98,22.516,13.869,5.246
548.0,Flowing,LARGE_LEAK,497.8,398.95,50.001,42.046,33.844,22.46,14.087,5.379
548.1,Flowing,LARGE_LEAK,498.77,396.93,50.123,41.949,33.963,22.577,13.99,5.333
548.2,Flowing,LARGE_LEAK,500.15,400.4,49.899,42.093,34.201,22.374,14.052,5.303
548.3,Flowing,LARGE_LEAK,502.31,398.49,49.973,42.022,33.904,22.497,13.811,5.378
548.4,Flowing,LARGE_LEAK,499.45,398.38,50.179,41.949,33.987,22.49,14.019,5.373
548.5,Flowing,LARGE_LEAK,499.8,400.22,50.074,41.96,34.035,22.231,13.993,5.243
548.6,Flowing,LARGE_LEAK,500.59,399.49,49.974,42.06,33.877,22.587,13.93,5.456
548.7,Flowing,LARGE_LEAK,499.28,398.95,49.928,41.855,33.998,22.547,13.994,5.249
548.8,Flowing,LARGE_LEAK,499.42,398.41,49.87,41.975,34.041,22.537,14.066,5.31
548.9,Flowing,LARGE_LEAK,500.09,399.68,49.852,42.096,34.016,22.523,14.001,5.441
549.0,Flowing,LARGE_LEAK,499.48,398.48,49.998,42.094,34.044,22.448,13.921,5.389
549.1,Flowing,LARGE_LEAK,497.86,398.73,49.943,42.071,34.013,22.531,14.055,5.369
549.2,Flowing,LARGE_LEAK,499.22,397.59,50.006,41.993,33.989,22.525,14.049,5.291
549.3,Flowing,LARGE_LEAK,500.74,400.37,49.945,42.103,33.955,22.517,13.893,5.206
549.4,Flowing,LARGE_LEAK,500.78,400.86,50.016,42.089,33.995,22.381,13.949,5.28
549.5,Flowing,LARGE_LEAK,501.6,399.25,49.79,41.994,34.041,22.594,14.081,5.392
549.6,Flowing,LARGE_LEAK,501.51,398.42,50.075,41.897,34.13,22.601,13.911,5.395
549.7,Flowing,LARGE_LEAK,498.92,400.12,50.046,42.118,33.988,22.44,13.901,5.412
549.8,Flowing,LARGE_LEAK,499.11,399.71,49.846,41.76,34.072,22.522,13.941,5.236
549.9,Flowing,LARGE_LEAK,499.16,398.47,49.863,41.949,34.029,22.453,14.012,5.264
550.0,Flowing,LARGE_LEAK,499.82,400.38,49.958,42.056,33.97,22.474,13.889,5.274
550.1,Flowing,LARGE_LEAK,499.25,398.49,50.028,42.039,34.018,22.451,13.924,5.468
550.2,Flowing,LARGE_LEAK,499.79,397.46,49.886,42.151,34.008,22.486,14.016,5.175
550.3,Flowing,LARGE_LEAK,498.95,398.92,50.11,42.149,34.087,22.332,14.001,5.472
550.4,Flowing,LARGE_LEAK,500.94,400.3,50.123,41.887,34.081,22.644,13.942,5.224
550.5,Flowing,LARGE_LEAK,498.86,399.12,50.066,42.084,33.989,22.405,14.019,5.279
550.6,Flowing,LARGE_LEAK,498.8,397.59,50.032,42.125,33.867,22.573,13.923,5.326
550.7,Flowing,LARGE_LEAK,500.62,398.52,50.041,41.938,33.906,22.357,14.039,5.31
550.8,Flowing,LARGE_LEAK,500.87,400.44,50.046,41.961,33.907,22.552,13.966,5.321
550.9,Flowing,LARGE_LEAK,499.73,399.33,50.024,41.923,34.085,22.603,14.001,5.31
551.0,Flowing,LARGE_LEAK,501.04,398.98,50.005,42.126,34.102,22.66,13.878,5.27
551.1,Flowing,LARGE_LEAK,500.96,398.84,50.011,42.033,33.989,22.469,14.041,5.333
551.2,Flowing,LARGE_LEAK,502.28,400.3,49.903,41.912,34.02,22.74,13.862,5.315
551.3,Flowing,LARGE_LEAK,500.88,400.22,50.192,41.961,34.036,22.65,13.864,5.315
551.4,Flowing,LARGE_LEAK,502.05,397.32,49.961,41.879,34.126,22.453,13.87,5.304
551.5,Flowing,LARGE_LEAK,500.07,400.13,50.074,42.009,33.937,22.533,14.005,5.338
551.6,Flowing,LARGE_LEAK,501.68,399.62,49.981,42.081,33.986,22.629,13.879,5.278
551.7,Flowing,LARGE_LEAK,501.7,400.91,49.928,41.981,34.0,22.394,13.948,5.385
551.8,Flowing,LARGE_LEAK,499.83,398.92,49.883,41.958,34.045,22.413,13.915,5.427
551.9,Flowing,LARGE_LEAK,499.17,400.36,50.144,42.035,33.986,22.46,14.013,5.431
552.0,Flowing,LARGE_LEAK,499.38,399.56,49.907,42.073,33.951,22.431,13.928,5.419
552.1,Flowing,LARGE_LEAK,500.5,397.66,50.025,42.023,34.028,22.537,13.931,5.391
552.2,Flowing,LARGE_LEAK,498.62,400.22,49.947,42.052,34.069,22.556,14.0,5.377
552.3,Flowing,LARGE_LEAK,499.46,399.97,50.094,41.818,34.068,22.658,13.89,5.281
552.4,Flowing,LARGE_LEAK,501.44,398.22,50.103,41.926,33.947,22.514,13.876,5.41
552.5,Flowing,LARGE_LEAK,500.8,399.35,49.937,42.029,34.023,22.633,14.033,5.298
552.6,Flowing,LARGE_LEAK,497.18,401.53,49.899,42.067,33.948,22.473,13.855,5.394
552.7,Flowing,LARGE_LEAK,498.4,398.42,49.948,41.997,33.998,22.515,13.993,5.321
552.8,Flowing,LARGE_LEAK,502.59,399.87,49.941,41.851,34.008,22.487,13.883,5.345
552.9,Flowing,LARGE_LEAK,501.42,397.69,50.068,42.089,33.877,22.471,14.017,5.468
553.0,Flowing,LARGE_LEAK,499.3,398.32,49.935,42.11,33.892,22.592,13.917,5.465
553.1,Flowing,LARGE_LEAK,498.21,399.97,49.963,41.975,33.989,22.377,13.799,5.381
553.2,Flowing,LARGE_LEAK,498.5,399.31,50.079,42.049,33.9,22.538,13.861,5.373
553.3,Flowing,LARGE_LEAK,500.61,398.76,50.091,42.029,34.117,22.488,13.923,5.345
553.4,Flowing,LARGE_LEAK,502.37,401.04,49.893,41.968,33.975,22.477,13.961,5.222
553.5,Flowing,LARGE_LEAK,502.3,397.89,49.908,42.091,33.839,22.549,13.91,5.353
553.6,Flowing,LARGE_LEAK,498.11,398.82,50.125,41.99,34.05,22.505,13.931,5.321
553.7,Flowing,LARGE_LEAK,499.65,399.59,50.056,41.941,33.909,22.506,13.955,5.194
553.8,Flowing,LARGE_LEAK,498.97,397.95,49.999,41.902,34.05,22.356,14.094,5.313
553.9,Flowing,LARGE_LEAK,500.16,399.61,49.931,41.977,34.045,22.571,13.918,5.225
554.0,Flowing,LARGE_LEAK,498.4,400.29,49.903,42.023,34.079,22.589,13.953,5.417
554.1,Flowing,LARGE_LEAK,499.35,398.86,50.153,42.095,34.074,22.435,14.017,5.377
554.2,Flowing,LARGE_LEAK,498.96,398.18,50.052,42.101,34.029,22.492,13.854,5.316
554.3,Flowing,LARGE_LEAK,500.63,398.63,50.017,42.022,34.02,22.577,14.009,5.335
554.4,Flowing,LARGE_LEAK,499.38,395.79,49.932,42.031,34.18,22.526,13.916,5.383
554.5,Flowing,LARGE_LEAK,499.55,400.21,50.048,42.047,34.11,22.531,14.046,5.358
554.6,Flowing,LARGE_LEAK,500.61,399.32,50.121,42.097,34.074,22.563,14.124,5.426
554.7,Flowing,LARGE_LEAK,501.97,398.79,49.932,42.02,33.979,22.665,14.04,5.503
554.8,Flowing,LARGE_LEAK,502.54,397.0,49.939,42.088,33.891,22.373,13.908,5.461
554.9,Flowing,LARGE_LEAK,500.55,400.33,49.921,41.999,34.095,22.568,14.117,5.34
555.0,Flowing,LARGE_LEAK,499.89,398.47,49.965,41.912,33.971,22.412,13.796,5.497
555.1,Flowing,LARGE_LEAK,501.58,399.68,50.004,42.207,33.933,22.466,13.878,5.289
555.2,Flowing,LARGE_LEAK,501.4,398.99,50.07,42.045,34.07,22.607,14.029,5.259
555.3,Flowing,LARGE_LEAK,501.06,397.06,49.958,42.01,34.298,22.562,13.949,5.394
555.4,Flowing,LARGE_LEAK,498.1,400.52,49.952,42.021,34.076,22.498,13.879,5.334
555.5,Flowing,LARGE_LEAK,501.45,400.29,49.974,41.891,33.954,22.389,13.841,5.249
555.6,Flowing,LARGE_LEAK,500.43,399.92,50.076,42.119,33.877,22.626,13.85,5.4
555.7,Flowing,LARGE_LEAK,498.93,399.38,50.021,42.051,33.907,22.355,13.876,5.374
555.8,Flowing,LARGE_LEAK,499.19,397.56,50.157,41.918,33.992,22.44,13.939,5.186
555.9,Flowing,LARGE_LEAK,500.7,400.04,50.12,42.002,34.073,22.481,13.955,5.43
556.0,Flowing,LARGE_LEAK,496.99,401.65,50.011,42.013,33.936,22.457,13.859,5.281
556.1,Flowing,LARGE_LEAK,499.85,399.14,50.1,42.145,33.9,22.532,13.915,5.452
556.2,Flowing,LARGE_LEAK,499.21,399.16,50.011,41.999,33.94,22.377,14.001,5.368
556.3,Flowing,LARGE_LEAK,499.09,397.68,50.03,41.952,33.988,22.563,14.019,5.246
556.4,Flowing,LARGE_LEAK,499.45,396.52,49.949,41.889,34.016,22.571,13.918,5.287
556.5,Flowing,LARGE_LEAK,498.22,398.57,49.973,42.185,34.095,22.558,13.966,5.339
556.6,Flowing,LARGE_LEAK,501.26,400.78,49.927,41.915,33.955,22.424,13.891,5.332
556.7,Flowing,LARGE_LEAK,497.45,400.61,49.998,41.95,34.04,22.485,13.957,5.28
556.8,Flowing,LARGE_LEAK,500.2,398.92,50.055,41.957,34.129,22.482,13.932,5.387
556.9,Flowing,LARGE_LEAK,498.98,399.52,50.065,42.074,34.142,22.553,13.935,5.298
557.0,Flowing,LARGE_LEAK,502.38,397.54,49.989,42.119,33.889,22.434,13.922,5.273
557.1,Flowing,LARGE_LEAK,500.03,399.13,49.967,42.144,33.976,22.533,13.807,5.252
557.2,Flowing,LARGE_LEAK,497.45,398.37,50.075,42.133,34.018,22.476,13.98,5.132
557.3,Flowing,LARGE_LEAK,500.66,399.07,50.018,41.916,34.064,22.325,13.89,5.337
557.4,Flowing,LARGE_LEAK,498.69,398.67,49.939,41.97,34.072,22.498,13.866,5.415
557.5,Flowing,LARGE_LEAK,501.18,398.65,50.02,42.023,33.929,22.296,13.868,5.259
557.6,Flowing,LARGE_LEAK,500.74,400.2,49.951,41.933,34.009,22.57,14.026,5.407
557.7,Flowing,LARGE_LEAK,501.77,401.36,49.928,42.005,34.125,22.373,14.048,5.26
557.8,Flowing,LARGE_LEAK,500.22,398.8,50.024,42.033,34.015,22.678,13.916,5.209
557.9,Flowing,LARGE_LEAK,500.98,400.7,50.029,41.986,34.044,22.571,13.937,5.375
558.0,Flowing,LARGE_LEAK,500.05,397.51,50.012,42.143,32.67,22.445,14.01,5.266
558.1,Flowing,LARGE_LEAK,499.29,398.89,50.031,41.986,32.441,22.695,14.039,5.422
558.2,Flowing,LARGE_LEAK,501.28,397.44,50.042,41.945,32.254,22.547,13.956,5.348
558.3,Flowing,LARGE_LEAK,498.52,398.63,49.968,42.022,32.006,22.556,13.779,5.449
558.4,Flowing,LARGE_LEAK,499.96,399.86,49.895,41.915,31.921,22.543,14.106,5.364
558.5,Flowing,LARGE_LEAK,499.32,400.34,49.997,42.015,31.877,22.694,13.925,5.383
558.6,Flowing,LARGE_LEAK,501.01,398.07,49.994,41.992,31.782,22.426,13.753,5.365
558.7,Flowing,LARGE_LEAK,498.86,399.55,50.096,42.018,31.57,22.56,13.949,5.385
558.8,Flowing,LARGE_LEAK,499.51,400.48,50.043,41.843,31.451,22.374,13.937,5.3
558.9,Flowing,LARGE_LEAK,500.05,400.31,50.083,42.02,31.404,22.485,14.024,5.212
559.0,Flowing,LARGE_LEAK,501.79,399.31,49.928,42.103,31.267,22.328,14.056,5.426
559.1,Flowing,LARGE_LEAK,499.36,398.29,50.057,42.008,31.379,22.601,14.064,5.396
559.2,Flowing,LARGE_LEAK,499.52,398.17,50.01,41.968,31.096,22.54,13.987,5.312
559.3,Flowing,LARGE_LEAK,498.38,397.99,50.049,41.973,31.225,22.429,13.856,5.321
559.4,Flowing,LARGE_LEAK,498.82,398.96,50.066,41.907,31.204,22.369,13.92,5.227
559.5,Flowing,LARGE_LEAK,500.5,398.01,49.791,42.029,31.075,22.388,13.899,5.375
559.6,Flowing,LARGE_LEAK,500.04,399.81,49.971,41.984,31.031,22.453,13.892,5.29
559.7,Flowing,LARGE_LEAK,500.06,399.27,49.94,41.919,31.01,22.449,13.854,5.401
559.8,Flowing,LARGE_LEAK,502.09,399.22,50.099,42.0,31.026,22.445,14.025,5.479
559.9,Flowing,LARGE_LEAK,497.99,396.79,49.987,41.958,31.031,22.51,13.9,5.378
560.0,Flowing,LARGE_LEAK,502.78,399.03,50.075,41.937,31.193,22.377,13.872,5.359
560.1,Flowing,LARGE_LEAK,501.41,398.45,50.18,41.955,30.892,22.544,13.92,5.393
560.2,Flowing,LARGE_LEAK,499.61,401.6,49.994,41.931,31.154,22.264,14.086,5.415
560.3,Flowing,LARGE_LEAK,500.47,397.46,49.94,42.15,30.847,22.581,13.773,5.248
560.4,Flowing,LARGE_LEAK,499.18,398.75,49.908,41.94,30.95,22.434,13.777,5.377
560.5,Flowing,LARGE_LEAK,500.38,399.46,50.004,42.033,30.956,22.576,13.934,5.421
560.6,Flowing,LARGE_LEAK,502.58,397.83,49.938,41.943,31.047,22.608,13.986,5.269
560.7,Flowing,LARGE_LEAK,499.22,401.31,49.922,42.106,31.033,22.495,14.127,5.377
560.8,Flowing,LARGE_LEAK,499.72,401.34,49.911,41.978,30.927,22.507,14.04,5.263
560.9,Flowing,LARGE_LEAK,499.09,397.97,49.893,42.048,30.883,22.694,14.015,5.298
561.0,Flowing,LARGE_LEAK,499.28,398.29,50.097,42.058,30.971,22.49,13.974,5.172
561.1,Flowing,LARGE_LEAK,499.52,401.58,50.105,41.725,30.882,22.372,13.9,5.334
561.2,Flowing,LARGE_LEAK,498.69,400.67,49.904,41.778,30.931,22.667,13.912,5.417
561.3,Flowing,LARGE_LEAK,499.68,398.56,50.12,41.848,30.876,22.398,13.875,5.476
561.4,Flowing,LARGE_LEAK,500.07,399.52,50.018,42.063,30.907,22.403,13.994,5.44
561.5,Flowing,LARGE_LEAK,499.52,397.34,50.025,42.039,30.811,22.557,14.048,5.372
561.6,Flowing,LARGE_LEAK,497.24,401.64,49.856,42.131,30.833,22.531,14.016,5.426
561.7,Flowing,LARGE_LEAK,499.81,399.09,49.856,42.009,30.911,22.615,13.977,5.456
561.8,Flowing,LARGE_LEAK,499.94,399.7,50.043,41.994,30.922,22.622,13.836,5.412
561.9,Flowing,LARGE_LEAK,502.28,397.88,49.95,41.933,30.987,22.429,13.97,5.301
562.0,Flowing,LARGE_LEAK,500.03,397.64,49.811,42.038,30.915,22.347,13.884,5.195
562.1,Flowing,LARGE_LEAK,501.12,399.54,50.059,42.111,30.972,22.579,13.899,5.384
562.2,Flowing,LARGE_LEAK,499.49,401.3,49.999,42.015,30.98,22.594,13.909,5.227
562.3,Flowing,LARGE_LEAK,501.56,398.35,49.985,41.982,30.926,22.567,13.787,5.286
562.4,Flowing,LARGE_LEAK,498.87,397.83,49.923,42.1,30.886,22.459,13.983,5.293
562.5,Flowing,LARGE_LEAK,500.61,399.37,49.999,42.145,31.045,22.467,13.925,5.29
562.6,Flowing,LARGE_LEAK,501.01,400.96,49.846,42.083,31.096,22.465,13.875,5.318
562.7,Flowing,LARGE_LEAK,500.83,398.23,50.007,41.909,30.865,22.581,13.95,5.442
562.8,Flowing,LARGE_LEAK,502.6,398.7,50.029,41.913,30.855,22.52,13.85,5.24
562.9,Flowing,LARGE_LEAK,499.3,400.0,49.905,42.041,30.872,22.595,13.868,5.143
563.0,Flowing,LARGE_LEAK,501.7,400.13,49.99,42.132,30.904,22.39,13.81,5.436
563.1,Flowing,LARGE_LEAK,501.39,398.66,49.935,42.123,30.953,22.438,14.033,5.266
563.2,Flowing,LARGE_LEAK,500.06,400.32,49.884,41.931,30.962,22.591,13.908,5.191
563.3,Flowing,LARGE_LEAK,502.21,399.63,49.875,41.915,30.797,22.521,14.095,5.404
563.4,Flowing,LARGE_LEAK,499.82,399.02,49.91,41.944,30.861,22.531,14.066,5.303
563.5,Flowing,LARGE_LEAK,500.03,400.08,50.123,42.168,30.872,22.47,13.911,5.345
563.6,Flowing,LARGE_LEAK,499.99,399.92,49.971,42.071,30.776,22.457,13.966,5.41
563.7,Flowing,LARGE_LEAK,498.47,397.74,50.176,41.897,30.848,22.319,13.851,5.198
563.8,Flowing,LARGE_LEAK,500.91,400.78,49.958,41.982,30.938,22.476,13.978,5.349
563.9,Flowing,LARGE_LEAK,500.73,399.41,49.917,41.865,30.947,22.632,14.143,5.415
564.0,Flowing,LARGE_LEAK,499.87,400.65,50.117,42.037,30.924,22.509,13.932,5.389
564.1,Flowing,LARGE_LEAK,502.12,399.06,49.958,41.988,30.806,22.538,13.863,5.343
564.2,Flowing,LARGE_LEAK,499.48,399.3,50.04,42.047,30.962,22.483,13.979,5.301
564.3,Flowing,LARGE_LEAK,497.92,399.48,49.842,42.042,30.924,22.581,13.938,5.212
564.4,Flowing,LARGE_LEAK,502.28,399.66,49.993,42.071,30.938,22.488,13.807,5.258
564.5,Flowing,LARGE_LEAK,501.21,400.83,50.038,41.867,30.875,22.503,14.032,5.389
564.6,Flowing,LARGE_LEAK,500.75,399.56,50.077,42.024,30.832,22.451,13.865,5.387
564.7,Flowing,LARGE_LEAK,499.59,398.97,49.944,41.968,30.902,22.631,13.993,5.278
564.8,Flowing,LARGE_LEAK,500.41,400.21,50.012,42.132,30.949,22.372,13.867,5.261
564.9,Flowing,LARGE_LEAK,498.49,399.52,50.115,42.101,30.85,22.448,13.944,5.346
565.0,Flowing,LARGE_LEAK,499.73,402.55,49.923,41.98,30.784,22.602,13.799,5.198
565.1,Flowing,LARGE_LEAK,498.92,399.35,50.035,41.901,30.86,22.505,13.994,5.322
565.2,Flowing,LARGE_LEAK,500.31,400.49,50.142,42.0,30.995,22.522,14.11,5.425
565.3,Flowing,LARGE_LEAK,501.11,400.06,50.003,42.05,30.879,22.478,13.836,5.275
565.4,Flowing,LARGE_LEAK,498.74,396.54,50.165,41.904,30.848,22.493,13.935,5.371
565.5,Flowing,LARGE_LEAK,500.87,398.12,49.962,42.036,30.991,22.601,13.919,5.389
565.6,Flowing,LARGE_LEAK,500.24,398.47,49.908,41.942,30.806,22.496,13.871,5.218
565.7,Flowing,LARGE_LEAK,500.82,397.2,49.969,41.862,31.006,22.455,14.019,5.301
565.8,Flowing,LARGE_LEAK,499.71,398.53,49.904,42.094,30.907,22.651,13.903,5.304
565.9,Flowing,LARGE_LEAK,500.84,397.35,50.08,42.081,30.912,22.767,13.918,5.238
566.0,Flowing,LARGE_LEAK,499.17,397.67,49.92,41.978,31.022,22.485,14.065,5.375
566.1,Flowing,LARGE_LEAK,497.98,399.29,50.087,42.031,30.93,22.56,13.895,5.296
566.2,Flowing,LARGE_LEAK,498.26,401.3,50.028,42.155,30.777,22.338,13.919,5.422
566.3,Flowing,LARGE_LEAK,499.4,397.37,50.004,41.906,30.906,22.361,13.99,5.315
566.4,Flowing,LARGE_LEAK,498.06,397.54,49.993,42.034,30.916,22.457,14.023,5.404
566.5,Flowing,LARGE_LEAK,501.86,398.36,49.858,41.982,30.814,22.399,13.983,5.306
566.6,Flowing,LARGE_LEAK,499.9,398.82,49.989,41.946,30.93,22.554,14.114,5.326
566.7,Flowing,LARGE_LEAK,501.1,397.15,49.884,41.96,30.968,22.438,13.821,5.28
566.8,Flowing,LARGE_LEAK,500.94,398.16,49.957,41.913,30.917,22.494,14.003,5.304
566.9,Flowing,LARGE_LEAK,500.01,398.05,50.045,41.961,30.81,22.457,13.811,5.483
567.0,Flowing,LARGE_LEAK,504.24,399.38,50.011,41.936,30.87,22.304,14.055,5.447
567.1,Flowing,LARGE_LEAK,503.51,399.51,50.009,42.026,30.799,22.404,13.804,5.327
567.2,Flowing,LARGE_LEAK,501.67,398.82,50.085,41.969,30.928,22.578,13.81,5.488
567.3,Flowing,LARGE_LEAK,498.91,398.55,50.093,42.041,30.974,22.578,13.963,5.454
567.4,Flowing,LARGE_LEAK,501.72,398.15,49.964,42.037,31.006,22.285,13.975,5.398
567.5,Flowing,LARGE_LEAK,497.9,399.06,49.863,42.023,30.837,22.532,13.932,5.264
567.6,Flowing,LARGE_LEAK,501.68,397.83,50.089,41.967,30.922,22.605,13.867,5.341
567.7,Flowing,LARGE_LEAK,496.93,400.86,49.96,41.978,31.072,22.537,13.965,5.382
567.8,Flowing,LARGE_LEAK,499.62,397.2,50.034,41.854,31.084,22.383,14.079,5.389
567.9,Flowing,LARGE_LEAK,501.45,398.21,50.014,41.976,31.108,22.548,13.941,5.297
568.0,Flowing,LARGE_LEAK,500.46,400.04,49.948,42.004,30.826,22.554,13.888,5.42
568.1,Flowing,LARGE_LEAK,498.23,398.52,50.079,41.996,30.946,22.55,13.823,5.479
568.2,Flowing,LARGE_LEAK,500.2,399.81,49.98,42.056,30.958,22.301,13.887,5.407
568.3,Flowing,LARGE_LEAK,500.46,401.06,50.005,42.055,30.907,22.598,13.949,5.454
568.4,Flowing,LARGE_LEAK,500.25,400.0,49.922,41.99,30.853,22.531,13.918,5.322
568.5,Flowing,LARGE_LEAK,499.51,397.56,49.944,41.963,30.899,22.338,13.756,5.345
568.6,Flowing,LARGE_LEAK,501.03,397.61,49.778,41.985,30.87,22.543,13.886,5.466
568.7,Flowing,LARGE_LEAK,501.37,398.78,50.068,41.879,30.877,22.622,13.884,5.336
568.8,Flowing,LARGE_LEAK,499.81,399.53,50.112,41.957,30.99,22.427,13.709,5.438
568.9,Flowing,LARGE_LEAK,501.82,400.45,50.035,42.04,30.813,22.419,14.032,5.359
569.0,Flowing,LARGE_LEAK,499.81,398.06,49.991,42.018,31.021,22.558,13.902,5.228
569.1,Flowing,LARGE_LEAK,499.41,398.42,50.047,41.926,30.805,22.605,14.01,5.371
569.2,Flowing,LARGE_LEAK,501.63,398.7,49.901,42.143,30.982,22.476,13.899,5.346
569.3,Flowing,LARGE_LEAK,501.58,398.68,49.962,42.177,30.869,22.415,14.067,5.294
569.4,Flowing,LARGE_LEAK,499.26,400.79,50.063,42.054,30.895,22.422,13.936,5.246
569.5,Flowing,LARGE_LEAK,499.08,398.88,49.998,42.062,31.037,22.413,13.92,5.298
569.6,Flowing,LARGE_LEAK,502.12,399.18,50.022,41.878,30.826,22.365,13.825,5.287
569.7,Flowing,LARGE_LEAK,499.88,400.09,50.134,42.028,30.905,22.608,13.971,5.378
569.8,Flowing,LARGE_LEAK,500.0,400.91,49.962,41.949,30.795,22.452,13.918,5.368
569.9,Flowing,LARGE_LEAK,499.7,398.96,49.997,41.971,30.827,22.532,13.9,5.368
570.0,Flowing,LARGE_LEAK,501.59,400.51,49.847,42.027,30.96,22.55,13.924,5.413
570.1,Flowing,LARGE_LEAK,502.57,401.19,49.898,41.993,30.885,22.583,13.778,5.255
570.2,Flowing,LARGE_LEAK,500.08,398.87,50.14,41.806,30.965,22.444,13.96,5.453
570.3,Flowing,LARGE_LEAK,502.9,398.32,50.023,42.115,30.861,22.471,14.003,5.305
570.4,Flowing,LARGE_LEAK,499.33,401.62,50.048,42.095,30.969,22.374,13.913,5.363
570.5,Flowing,LARGE_LEAK,499.66,400.35,49.98,42.006,30.924,22.458,13.925,5.246
570.6,Flowing,LARGE_LEAK,500.81,399.01,49.962,41.878,30.909,22.485,13.867,5.483
570.7,Flowing,LARGE_LEAK,499.02,399.78,49.98,42.023,30.849,22.467,13.966,5.313
570.8,Flowing,LARGE_LEAK,500.79,397.75,50.0,42.065,30.859,22.393,13.818,5.455
570.9,Flowing,LARGE_LEAK,499.38,400.33,50.074,42.052,30.865,22.393,13.917,5.333
571.0,Flowing,LARGE_LEAK,498.15,396.84,49.909,41.882,30.762,22.553,13.844,5.365
571.1,Flowing,LARGE_LEAK,497.91,400.28,49.968,42.047,30.927,22.481,13.95,5.331
571.2,Flowing,LARGE_LEAK,499.61,398.13,49.951,42.078,30.866,22.493,13.827,5.362
571.3,Flowing,LARGE_LEAK,500.5,397.02,49.951,41.962,30.833,22.49,13.779,5.395
571.4,Flowing,LARGE_LEAK,498.37,396.6,49.997,41.963,30.776,22.535,13.889,5.444
571.5,Flowing,LARGE_LEAK,500.21,398.43,50.039,42.123,30.911,22.586,13.977,5.304
571.6,Flowing,LARGE_LEAK,500.22,399.85,50.015,41.933,31.066,22.492,13.942,5.371
571.7,Flowing,LARGE_LEAK,499.8,397.33,49.913,42.106,30.818,22.4,13.927,5.238
571.8,Flowing,LARGE_LEAK,498.89,397.52,50.125,41.982,30.642,22.516,13.984,5.306
571.9,Flowing,LARGE_LEAK,500.29,398.41,49.892,41.992,30.861,22.422,13.855,5.352
572.0,Flowing,LARGE_LEAK,499.83,399.97,50.072,42.037,30.762,22.549,14.002,5.451
572.1,Flowing,LARGE_LEAK,501.18,400.12,49.924,41.995,30.945,22.458,13.984,5.338
572.2,Flowing,LARGE_LEAK,498.45,399.17,49.932,41.939,31.0,22.42,13.847,5.368
572.3,Flowing,LARGE_LEAK,500.14,400.18,49.998,41.895,30.858,22.435,13.889,5.542
572.4,Flowing,LARGE_LEAK,498.47,399.83,49.976,41.929,31.062,22.571,13.998,5.273
572.5,Flowing,LARGE_LEAK,499.72,398.5,50.095,42.065,30.912,22.363,13.938,5.478
572.6,Flowing,LARGE_LEAK,498.69,400.09,50.018,41.97,30.882,22.487,13.876,5.337
572.7,Flowing,LARGE_LEAK,498.9,397.46,50.115,42.106,30.84,22.602,14.001,5.391
572.8,Flowing,LARGE_LEAK,500.0,399.58,50.035,41.926,30.868,22.567,13.843,5.257
572.9,Flowing,LARGE_LEAK,499.32,397.6,50.024,41.937,30.966,22.44,13.96,5.366
573.0,Flowing,LARGE_LEAK,501.76,399.17,49.961,41.981,30.846,22.499,13.863,5.322
573.1,Flowing,LARGE_LEAK,501.41,400.46,50.06,41.909,30.861,22.541,13.774,5.488
573.2,Flowing,LARGE_LEAK,500.97,399.26,50.084,41.877,30.732,22.502,13.85,5.417
573.3,Flowing,LARGE_LEAK,500.94,398.98,50.032,42.01,30.854,22.628,14.0,5.388
573.4,Flowing,LARGE_LEAK,500.16,399.27,50.096,41.918,31.003,22.479,13.967,5.327
573.5,Flowing,LARGE_LEAK,501.57,399.8,49.85,42.077,30.754,22.423,13.904,5.184
573.6,Flowing,LARGE_LEAK,499.65,401.56,49.912,42.02,30.872,22.479,13.867,5.344
573.7,Flowing,LARGE_LEAK,502.54,399.78,49.974,41.869,30.884,22.401,14.012,5.309
573.8,Flowing,LARGE_LEAK,498.87,398.4,50.202,42.077,30.89,22.546,13.773,5.417
573.9,Flowing,LARGE_LEAK,498.65,398.75,49.934,42.007,30.842,22.45,13.926,5.346
574.0,Flowing,LARGE_LEAK,498.33,397.92,49.998,42.0,30.77,22.687,13.959,5.375
574.1,Flowing,LARGE_LEAK,498.53,397.51,49.973,41.93,30.912,22.523,14.044,5.506
574.2,Flowing,LARGE_LEAK,498.04,396.08,50.118,41.859,30.863,22.527,13.908,5.336
574.3,Flowing,LARGE_LEAK,500.26,398.45,49.828,42.073,30.75,22.374,13.859,5.332
574.4,Flowing,LARGE_LEAK,501.02,397.31,49.87,41.915,30.992,22.491,13.975,5.241
574.5,Flowing,LARGE_LEAK,500.04,399.12,49.996,41.989,30.836,22.496,13.789,5.375
574.6,Flowing,LARGE_LEAK,498.34,398.39,49.968,41.979,30.968,22.535,13.915,5.251
574.7,Flowing,LARGE_LEAK,499.44,397.7,50.106,41.893,30.95,22.372,14.013,5.421
574.8,Flowing,LARGE_LEAK,501.01,396.48,49.847,42.036,30.929,22.556,13.969,5.263
574.9,Flowing,LARGE_LEAK,499.59,398.58,49.983,42.133,30.811,22.526,14.032,5.261
575.0,Flowing,LARGE_LEAK,499.04,396.9,49.887,41.899,30.932,22.398,13.929,5.45
575.1,Flowing,LARGE_LEAK,498.18,399.85,49.996,41.938,30.91,22.495,13.976,5.47
575.2,Flowing,LARGE_LEAK,499.49,399.31,50.032,42.163,30.936,22.439,14.123,5.33
575.3,Flowing,LARGE_LEAK,499.16,398.73,49.916,42.186,30.841,22.438,13.896,5.353
575.4,Flowing,LARGE_LEAK,499.9,400.74,50.074,41.788,30.974,22.456,13.907,5.477
575.5,Flowing,LARGE_LEAK,500.57,399.01,50.017,42.036,30.896,22.561,14.069,5.142
575.6,Flowing,LARGE_LEAK,499.66,399.46,50.087,42.124,30.94,22.446,13.848,5.529
575.7,Flowing,LARGE_LEAK,500.22,399.82,49.928,42.121,30.931,22.664,13.915,5.211
575.8,Flowing,LARGE_LEAK,500.57,398.38,50.0,41.881,31.114,22.55,14.002,5.402
575.9,Flowing,LARGE_LEAK,498.52,398.39,49.945,41.989,30.909,22.656,13.847,5.282
576.0,Flowing,LARGE_LEAK,502.26,399.05,49.971,41.946,30.783,22.284,13.794,5.428
576.1,Flowing,LARGE_LEAK,499.11,397.38,49.999,42.067,30.853,22.492,14.069,5.464
576.2,Flowing,LARGE_LEAK,500.62,401.14,50.075,42.016,30.941,22.53,13.927,5.308
576.3,Flowing,LARGE_LEAK,498.64,399.19,50.09,41.896,31.019,22.478,13.835,5.296
576.4,Flowing,LARGE_LEAK,500.13,398.76,49.93,41.954,30.852,22.449,13.915,5.335
576.5,Flowing,LARGE_LEAK,500.18,401.5,50.061,41.98,30.926,22.501,13.983,5.344
576.6,Flowing,LARGE_LEAK,501.99,397.68,49.948,41.927,30.917,22.602,13.922,5.284
576.7,Flowing,LARGE_LEAK,499.72,400.84,49.98,41.955,30.847,22.385,13.92,5.359
576.8,Flowing,LARGE_LEAK,501.56,399.98,49.913,41.93,30.824,22.389,13.864,5.324
576.9,Flowing,LARGE_LEAK,500.35,400.34,49.893,41.989,30.844,22.426,13.97,5.289
577.0,Flowing,LARGE_LEAK,502.22,398.79,49.962,42.104,30.826,22.625,13.912,5.249
577.1,Flowing,LARGE_LEAK,497.86,399.07,49.956,42.006,31.0,22.564,13.945,5.441
577.2,Flowing,LARGE_LEAK,500.58,398.59,49.85,42.02,30.925,22.526,13.811,5.259
577.3,Flowing,LARGE_LEAK,496.79,400.2,49.987,42.089,31.053,22.447,13.835,5.405
577.4,Flowing,LARGE_LEAK,499.93,399.47,50.209,42.089,30.84,22.729,13.995,5.277
577.5,Flowing,LARGE_LEAK,501.23,398.33,50.155,41.93,30.85,22.558,13.938,5.343
577.6,Flowing,LARGE_LEAK,501.73,398.38,50.003,42.089,30.714,22.523,13.917,5.28
577.7,Flowing,LARGE_LEAK,500.89,398.98,49.94,41.789,30.836,22.603,14.007,5.325
577.8,Flowing,LARGE_LEAK,499.65,398.6,49.887,42.066,31.005,22.583,13.863,5.271
577.9,Flowing,LARGE_LEAK,500.65,400.73,50.132,41.903,30.938,22.358,13.916,5.387
578.0,Flowing,LARGE_LEAK,503.02,399.97,49.998,41.142,30.802,22.434,13.979,5.396
578.1,Flowing,LARGE_LEAK,500.09,399.97,50.018,40.925,30.767,22.463,14.086,5.443
578.2,Flowing,LARGE_LEAK,501.15,399.28,50.051,40.621,30.983,22.534,13.819,5.42
578.3,Flowing,LARGE_LEAK,499.48,398.01,49.931,40.509,30.771,22.628,13.918,5.251
578.4,Flowing,LARGE_LEAK,501.28,399.84,49.945,40.261,30.9,22.605,13.946,5.166
578.5,Flowing,LARGE_LEAK,501.09,396.48,49.902,40.371,30.911,22.576,13.915,5.26
578.6,Flowing,LARGE_LEAK,499.27,399.21,49.961,40.042,30.863,22.653,13.891,5.256
578.7,Flowing,LARGE_LEAK,500.93,398.03,50.065,40.004,30.902,22.452,13.788,5.438
578.8,Flowing,LARGE_LEAK,500.99,397.93,50.069,39.807,30.905,22.482,14.07,5.257
578.9,Flowing,LARGE_LEAK,500.89,398.44,49.95,39.709,30.925,22.504,13.956,5.27
579.0,Flowing,LARGE_LEAK,499.95,398.9,50.119,39.665,30.995,22.751,13.87,5.367
579.1,Flowing,LARGE_LEAK,501.47,398.97,49.989,39.808,30.878,22.52,13.958,5.332
579.2,Flowing,LARGE_LEAK,498.88,399.95,50.06,39.605,30.939,22.517,13.892,5.318
579.3,Flowing,LARGE_LEAK,500.01,398.79,50.044,39.6,31.0,22.649,13.898,5.351
579.4,Flowing,LARGE_LEAK,500.13,398.88,49.985,39.432,30.945,22.562,13.854,5.31
579.5,Flowing,LARGE_LEAK,501.41,397.33,49.962,39.369,30.897,22.408,13.953,5.362
579.6,Flowing,LARGE_LEAK,498.84,397.48,50.031,39.499,31.022,22.435,13.879,5.392
579.7,Flowing,LARGE_LEAK,500.29,399.34,49.989,39.531,30.945,22.653,13.933,5.221
579.8,Flowing,LARGE_LEAK,499.41,399.76,50.027,39.415,30.943,22.553,13.897,5.259
579.9,Flowing,LARGE_LEAK,500.13,398.69,49.988,39.214,30.906,22.467,14.009,5.181
580.0,Flowing,LARGE_LEAK,500.47,400.12,50.001,39.516,30.954,22.578,13.967,5.207
580.1,Flowing,LARGE_LEAK,498.47,397.31,50.013,39.41,30.814,22.49,13.708,5.313
580.2,Flowing,LARGE_LEAK,501.52,399.48,49.965,39.479,30.852,22.479,13.934,5.293
580.3,Flowing,LARGE_LEAK,500.51,397.98,50.058,39.198,30.991,22.499,14.044,5.12
580.4,Flowing,LARGE_LEAK,498.97,397.88,49.805,39.326,30.94,22.456,13.987,5.419
580.5,Flowing,LARGE_LEAK,499.59,398.08,50.053,39.351,30.908,22.451,13.936,5.258
580.6,Flowing,LARGE_LEAK,501.79,398.9,49.937,39.378,30.863,22.441,13.976,5.37
580.7,Flowing,LARGE_LEAK,500.5,399.53,49.983,39.319,30.933,22.578,13.956,5.245
580.8,Flowing,LARGE_LEAK,498.84,399.44,49.982,39.294,30.816,22.54,13.986,5.398
580.9,Flowing,LARGE_LEAK,499.06,398.65,49.921,39.336,30.899,22.525,13.95,5.339
581.0,Flowing,LARGE_LEAK,500.75,399.76,49.989,39.409,30.831,22.486,14.027,5.275
581.1,Flowing,LARGE_LEAK,500.89,401.02,49.939,39.376,30.786,22.553,13.901,5.373
581.2,Flowing,LARGE_LEAK,500.44,398.86,49.902,39.41,30.803,22.558,13.846,5.485
581.3,Flowing,LARGE_LEAK,499.65,399.11,49.994,39.469,30.834,22.465,14.037,5.226
581.4,Flowing,LARGE_LEAK,500.97,398.27,49.944,39.351,30.818,22.542,13.954,5.219
581.5,Flowing,LARGE_LEAK,499.63,398.53,50.077,39.208,30.962,22.51,13.904,5.252
581.6,Flowing,LARGE_LEAK,498.97,400.5,50.026,39.238,30.997,22.6,14.071,5.362
581.7,Flowing,LARGE_LEAK,501.9,400.51,49.968,39.283,30.87,22.52,13.975,5.439
581.8,Flowing,LARGE_LEAK,500.59,398.76,50.002,39.194,30.867,22.624,13.815,5.399
581.9,Flowing,LARGE_LEAK,499.06,399.59,49.969,39.235,30.932,22.625,13.967,5.319
582.0,Flowing,LARGE_LEAK,500.16,400.1,49.896,39.297,30.793,22.475,13.935,5.151
582.1,Flowing,LARGE_LEAK,500.03,398.46,50.111,39.205,30.885,22.543,14.045,5.277
582.2,Flowing,LARGE_LEAK,499.58,397.43,49.799,39.39,30.8,22.529,13.974,5.08
582.3,Flowing,LARGE_LEAK,500.28,399.83,49.871,39.266,30.693,22.393,13.95,5.333
582.4,Flowing,LARGE_LEAK,498.89,400.08,50.024,39.338,30.765,22.397,14.001,5.462
582.5,Flowing,LARGE_LEAK,501.05,399.9,49.923,39.323,30.965,22.519,13.92,5.289
582.6,Flowing,LARGE_LEAK,499.99,398.55,50.159,39.31,30.931,22.526,13.875,5.344
582.7,Flowing,LARGE_LEAK,498.07,400.83,49.974,39.274,30.925,22.427,13.844,5.38
582.8,Flowing,LARGE_LEAK,499.73,399.34,49.957,39.274,30.746,22.577,13.982,5.397
582.9,Flowing,LARGE_LEAK,499.26,397.62,50.031,39.18,30.918,22.451,13.863,5.38
583.0,Flowing,LARGE_LEAK,496.41,397.08,50.133,39.42,30.95,22.498,13.923,5.268
583.1,Flowing,LARGE_LEAK,499.81,398.64,49.978,39.374,31.046,22.435,13.78,5.298
583.2,Flowing,LARGE_LEAK,501.24,399.27,50.072,39.467,31.005,22.603,13.872,5.274
583.3,Flowing,LARGE_LEAK,499.87,398.65,49.894,39.247,30.973,22.63,13.968,5.32
583.4,Flowing,LARGE_LEAK,500.85,401.39,49.915,39.292,30.916,22.383,14.014,5.306
583.5,Flowing,LARGE_LEAK,500.01,399.48,50.069,39.3,30.924,22.444,13.912,5.391
583.6,Flowing,LARGE_LEAK,499.45,397.83,49.989,39.212,30.909,22.531,14.05,5.432
583.7,Flowing,LARGE_LEAK,499.12,396.28,49.995,39.257,30.882,22.458,13.98,5.423
583.8,Flowing,LARGE_LEAK,498.46,399.28,50.099,39.267,30.859,22.466,13.785,5.244
583.9,Flowing,LARGE_LEAK,501.11,400.19,49.997,39.331,30.939,22.438,13.901,5.318
584.0,Flowing,LARGE_LEAK,500.88,401.24,49.97,39.355,30.795,22.408,13.916,5.231
584.1,Flowing,LARGE_LEAK,499.67,398.76,49.848,39.181,30.881,22.55,13.992,5.467
584.2,Flowing,LARGE_LEAK,497.57,401.07,50.008,39.319,30.88,22.484,14.106,5.361
584.3,Flowing,LARGE_LEAK,500.57,397.37,50.028,39.209,30.933,22.553,14.029,5.39
584.4,Flowing,LARGE_LEAK,498.91,398.59,49.99,39.287,30.894,22.509,14.041,5.426
584.5,Flowing,LARGE_LEAK,500.17,397.78,50.06,39.462,30.688,22.463,13.939,5.286
584.6,Flowing,LARGE_LEAK,498.15,399.95,49.926,39.163,30.875,22.572,14.002,5.28
584.7,Flowing,LARGE_LEAK,500.11,397.44,50.018,39.409,30.778,22.487,13.963,5.341
584.8,Flowing,LARGE_LEAK,499.84,399.48,50.068,39.18,30.82,22.555,13.804,5.405
584.9,Flowing,LARGE_LEAK,497.11,397.51,50.036,39.359,30.862,22.541,13.846,5.307
585.0,Flowing,LARGE_LEAK,501.94,401.11,50.003,39.228,30.917,22.408,13.961,5.479
585.1,Flowing,LARGE_LEAK,499.61,398.55,49.899,39.298,30.771,22.433,13.996,5.306
585.2,Flowing,LARGE_LEAK,499.69,399.45,50.059,39.329,30.895,22.418,13.995,5.364
585.3,Flowing,LARGE_LEAK,500.64,396.85,49.878,39.223,30.678,22.391,13.915,5.256
585.4,Flowing,LARGE_LEAK,499.94,397.21,49.933,39.411,30.982,22.444,14.003,5.437
585.5,Flowing,LARGE_LEAK,500.44,398.07,50.049,39.324,30.988,22.562,13.843,5.325
585.6,Flowing,LARGE_LEAK,498.63,400.02,49.956,39.392,30.854,22.44,14.022,5.361
585.7,Flowing,LARGE_LEAK,499.83,399.79,50.169,39.231,30.858,22.59,13.838,5.446
585.8,Flowing,LARGE_LEAK,497.71,400.3,49.903,39.349,30.753,22.504,13.83,5.494
585.9,Flowing,LARGE_LEAK,499.71,397.19,49.914,39.234,30.943,22.452,13.996,5.283
586.0,Flowing,LARGE_LEAK,501.73,399.61,49.937,39.298,30.803,22.532,14.01,5.384
586.1,Flowing,LARGE_LEAK,498.19,398.33,50.051,39.146,30.863,22.482,14.056,5.293
586.2,Flowing,LARGE_LEAK,499.58,398.03,49.816,39.22,30.847,22.327,14.017,5.214
586.3,Flowing,LARGE_LEAK,497.45,398.36,50.036,39.213,31.021,22.478,13.902,5.382
586.4,Flowing,LARGE_LEAK,500.01,398.86,49.919,39.346,30.861,22.452,13.933,5.253
586.5,Flowing,LARGE_LEAK,500.56,399.79,49.985,39.327,30.715,22.587,14.005,5.192
586.6,Flowing,LARGE_LEAK,500.46,400.35,49.839,39.367,30.961,22.55,13.826,5.486
586.7,Flowing,LARGE_LEAK,499.28,399.63,49.94,39.319,30.92,22.627,13.95,5.373
586.8,Flowing,LARGE_LEAK,497.43,399.76,49.994,39.204,30.715,22.503,13.827,5.368
586.9,Flowing,LARGE_LEAK,498.51,401.19,50.012,39.31,30.816,22.583,13.978,5.245
587.0,Flowing,LARGE_LEAK,501.51,399.84,50.165,39.283,30.793,22.439,13.819,5.449
587.1,Flowing,LARGE_LEAK,501.05,398.74,50.086,39.359,30.944,22.6,13.921,5.374
587.2,Flowing,LARGE_LEAK,499.89,399.7,49.935,39.288,30.936,22.254,13.89,5.353
587.3,Flowing,LARGE_LEAK,500.19,401.05,49.994,39.264,30.947,22.443,13.842,5.435
587.4,Flowing,LARGE_LEAK,498.77,397.96,50.083,39.252,30.895,22.568,13.944,5.382
587.5,Flowing,LARGE_LEAK,501.55,398.48,50.038,39.274,30.941,22.423,13.972,5.334
587.6,Flowing,LARGE_LEAK,499.14,400.74,49.971,39.2,30.911,22.503,13.873,5.212
587.7,Flowing,LARGE_LEAK,500.52,398.65,49.868,39.28,30.925,22.648,13.936,5.21
587.8,Flowing,LARGE_LEAK,498.41,399.92,49.983,39.4,30.845,22.589,13.954,5.392
587.9,Flowing,LARGE_LEAK,499.79,400.55,50.149,39.153,30.972,22.492,13.864,5.332
588.0,Flowing,LARGE_LEAK,501.5,397.49,50.135,39.407,30.74,22.438,14.015,5.338
588.1,Flowing,LARGE_LEAK,498.86,398.51,49.999,39.175,30.84,22.391,13.808,5.239
588.2,Flowing,LARGE_LEAK,500.9,400.45,49.926,39.239,30.833,22.582,13.867,5.454
588.3,Flowing,LARGE_LEAK,498.7,398.85,49.961,39.335,30.938,22.428,13.914,5.3
588.4,Flowing,LARGE_LEAK,498.92,396.58,50.03,39.29,30.84,22.51,13.967,5.488
588.5,Flowing,LARGE_LEAK,499.99,398.39,50.005,39.301,30.934,22.424,13.802,5.315
588.6,Flowing,LARGE_LEAK,501.17,399.95,50.086,39.399,30.75,22.553,13.765,5.377
588.7,Flowing,LARGE_LEAK,499.64,400.53,50.032,39.162,30.98,22.64,13.935,5.351
588.8,Flowing,LARGE_LEAK,500.74,399.06,50.118,39.21,30.812,22.433,13.943,5.343
588.9,Flowing,LARGE_LEAK,501.37,399.58,49.956,39.276,30.857,22.461,13.879,5.279
589.0,Flowing,LARGE_LEAK,499.07,398.56,49.84,39.282,30.744,22.56,13.895,5.33
589.1,Flowing,LARGE_LEAK,498.17,400.08,49.97,39.28,31.001,22.392,13.81,5.35
589.2,Flowing,LARGE_LEAK,499.57,400.71,49.96,39.329,30.957,22.411,13.988,5.258
589.3,Flowing,LARGE_LEAK,501.53,399.92,50.006,39.201,30.911,22.498,13.852,5.231
589.4,Flowing,LARGE_LEAK,499.02,398.86,50.06,39.264,30.981,22.457,14.044,5.264
589.5,Flowing,LARGE_LEAK,501.22,399.52,50.118,39.314,30.932,22.42,13.998,5.401
589.6,Flowing,LARGE_LEAK,499.68,400.14,49.974,39.129,30.811,22.411,13.976,5.303
589.7,Flowing,LARGE_LEAK,502.11,399.03,49.964,39.255,31.018,22.504,13.956,5.29
589.8,Flowing,LARGE_LEAK,502.69,399.96,49.998,39.222,30.927,22.408,14.0,5.281
589.9,Flowing,LARGE_LEAK,501.24,399.44,50.076,39.453,30.9,22.605,14.0,5.225
590.0,Flowing,LARGE_LEAK,498.02,400.7,50.009,39.34,30.948,22.514,13.953,5.34
590.1,Flowing,LARGE_LEAK,497.12,399.84,50.011,39.202,30.881,22.384,13.9,5.293
590.2,Flowing,LARGE_LEAK,500.07,398.4,49.948,39.216,30.922,22.475,13.906,5.227
590.3,Flowing,LARGE_LEAK,501.09,400.69,49.976,39.392,30.993,22.53,13.916,5.385
590.4,Flowing,LARGE_LEAK,500.6,399.55,49.947,39.276,30.841,22.573,14.002,5.337
590.5,Flowing,LARGE_LEAK,499.13,398.83,50.139,39.333,30.928,22.52,13.839,5.268
590.6,Flowing,LARGE_LEAK,498.22,397.38,49.996,39.296,30.947,22.447,13.946,5.347
590.7,Flowing,LARGE_LEAK,501.12,399.28,50.01,39.301,30.788,22.319,13.865,5.298
590.8,Flowing,LARGE_LEAK,502.23,401.2,49.906,39.296,30.987,22.558,13.977,5.419
590.9,Flowing,LARGE_LEAK,499.2,395.72,49.926,39.263,30.949,22.462,13.906,5.489
591.0,Flowing,LARGE_LEAK,500.99,395.77,50.008,39.441,30.754,22.45,13.973,5.347
591.1,Flowing,LARGE_LEAK,503.12,399.92,49.836,39.282,31.098,22.52,13.988,5.288
591.2,Flowing,LARGE_LEAK,499.77,399.28,50.019,39.299,30.99,22.587,13.973,5.346
591.3,Flowing,LARGE_LEAK,499.8,399.81,49.866,39.163,30.907,22.57,14.047,5.269
591.4,Flowing,LARGE_LEAK,500.67,398.37,49.879,39.375,30.835,22.374,13.901,5.299
591.5,Flowing,LARGE_LEAK,499.66,396.43,50.106,39.369,30.841,22.612,13.95,5.425
591.6,Flowing,LARGE_LEAK,501.61,398.0,50.106,39.279,30.946,22.467,14.014,5.347
591.7,Flowing,LARGE_LEAK,499.52,400.87,50.077,39.422,30.944,22.493,13.934,5.103
591.8,Flowing,LARGE_LEAK,499.96,398.46,49.943,39.375,30.978,22.441,13.953,5.325
591.9,Flowing,LARGE_LEAK,498.27,398.47,50.055,39.477,30.957,22.446,13.934,5.452
592.0,Flowing,LARGE_LEAK,499.72,395.84,49.887,39.251,30.957,22.604,13.989,5.291
592.1,Flowing,LARGE_LEAK,498.79,396.83,50.043,39.333,30.928,22.492,13.944,5.267
592.2,Flowing,LARGE_LEAK,500.42,400.33,50.198,39.313,30.944,22.483,14.008,5.236
592.3,Flowing,LARGE_LEAK,498.0,398.69,49.86,39.298,31.064,22.597,13.875,5.381
592.4,Flowing,LARGE_LEAK,501.18,400.19,49.949,39.334,30.94,22.574,13.815,5.239
592.5,Flowing,LARGE_LEAK,498.95,398.1,49.994,39.217,30.811,22.522,13.867,5.521
592.6,Flowing,LARGE_LEAK,502.14,397.24,49.957,39.278,30.924,22.379,13.981,5.367
592.7,Flowing,LARGE_LEAK,501.64,398.69,49.972,39.322,30.934,22.615,14.14,5.255
592.8,Flowing,LARGE_LEAK,500.64,398.31,49.896,39.308,30.734,22.552,13.949,5.369
592.9,Flowing,LARGE_LEAK,498.15,398.0,49.976,39.32,30.938,22.516,13.832,5.354
593.0,Flowing,LARGE_LEAK,499.25,398.03,50.148,39.319,30.911,22.625,13.88,5.411
593.1,Flowing,LARGE_LEAK,498.92,398.84,49.958,39.387,30.964,22.467,13.919,5.418
593.2,Flowing,LARGE_LEAK,499.07,398.41,49.852,39.265,30.95,22.475,13.951,5.177
593.3,Flowing,LARGE_LEAK,501.89,397.88,49.932,39.354,30.84,22.396,14.025,5.381
593.4,Flowing,LARGE_LEAK,499.82,401.17,49.913,39.311,30.816,22.488,13.954,5.275
593.5,Flowing,LARGE_LEAK,499.21,399.55,50.059,39.372,30.921,22.533,13.824,5.449
593.6,Flowing,LARGE_LEAK,499.1,399.19,49.993,39.225,30.912,22.56,13.981,5.253
593.7,Flowing,LARGE_LEAK,499.36,398.92,50.061,39.295,30.94,22.436,14.024,5.355
593.8,Flowing,LARGE_LEAK,500.64,399.8,50.095,39.177,30.788,22.481,14.057,5.497
593.9,Flowing,LARGE_LEAK,498.05,399.64,49.929,39.304,30.912,22.557,14.011,5.251
594.0,Flowing,LARGE_LEAK,500.12,397.76,50.005,39.139,30.965,22.473,13.844,5.367
594.1,Flowing,LARGE_LEAK,500.51,397.16,49.97,39.401,30.829,22.678,14.008,5.443
594.2,Flowing,LARGE_LEAK,497.92,396.27,49.918,39.443,30.803,22.483,14.044,5.381
594.3,Flowing,LARGE_LEAK,498.3,401.15,49.901,39.391,30.927,22.467,13.817,5.375
594.4,Flowing,LARGE_LEAK,499.94,398.47,49.987,39.313,30.773,22.467,13.978,5.49
594.5,Flowing,LARGE_LEAK,501.73,399.71,49.984,39.415,30.963,22.519,13.859,5.262
594.6,Flowing,LARGE_LEAK,501.44,399.24,50.049,39.258,30.851,22.486,13.927,5.412
594.7,Flowing,LARGE_LEAK,499.27,400.1,49.96,39.364,30.935,22.366,13.964,5.127
594.8,Flowing,LARGE_LEAK,501.69,398.92,49.928,39.337,30.899,22.359,13.85,5.131
594.9,Flowing,LARGE_LEAK,499.62,397.41,49.893,39.346,30.855,22.514,13.941,5.343
595.0,Flowing,LARGE_LEAK,499.61,397.76,50.082,39.284,30.973,22.302,14.029,5.237
595.1,Flowing,LARGE_LEAK,500.11,398.58,49.914,39.244,30.987,22.429,13.888,5.263
595.2,Flowing,LARGE_LEAK,501.01,397.1,50.02,39.359,31.036,22.692,13.992,5.369
595.3,Flowing,LARGE_LEAK,499.27,397.97,49.903,39.453,30.917,22.477,13.971,5.289
595.4,Flowing,LARGE_LEAK,499.52,397.56,49.813,39.346,31.007,22.545,13.939,5.341
595.5,Flowing,LARGE_LEAK,498.5,398.61,50.014,39.311,30.895,22.502,14.064,5.378
595.6,Flowing,LARGE_LEAK,500.42,398.4,50.008,39.353,30.953,22.576,13.879,5.302
595.7,Flowing,LARGE_LEAK,501.12,399.14,49.935,39.361,30.957,22.398,13.971,5.45
595.8,Flowing,LARGE_LEAK,501.19,400.03,49.981,39.325,30.958,22.394,13.952,5.442
595.9,Flowing,LARGE_LEAK,498.36,398.71,49.953,39.367,30.902,22.446,13.932,5.298
596.0,Flowing,LARGE_LEAK,499.54,397.2,49.929,39.28,30.905,22.487,13.919,5.358
596.1,Flowing,LARGE_LEAK,501.49,396.54,50.043,39.208,30.88,22.342,13.927,5.352
596.2,Flowing,LARGE_LEAK,500.28,399.19,50.046,39.312,30.944,22.505,13.886,5.251
596.3,Flowing,LARGE_LEAK,500.04,398.2,49.979,39.239,30.89,22.461,13.974,5.344
596.4,Flowing,LARGE_LEAK,500.01,398.81,50.036,39.335,30.886,22.491,13.98,5.536
596.5,Flowing,LARGE_LEAK,500.65,399.4,49.921,39.303,30.804,22.498,13.886,5.33
596.6,Flowing,LARGE_LEAK,500.34,400.73,50.012,39.261,30.757,22.614,14.007,5.33
596.7,Flowing,LARGE_LEAK,499.31,396.9,49.928,39.307,30.929,22.562,14.009,5.424
596.8,Flowing,LARGE_LEAK,501.06,397.79,49.861,39.276,30.979,22.426,14.038,5.485
596.9,Flowing,LARGE_LEAK,498.56,398.9,50.095,39.353,30.864,22.523,13.832,5.278
597.0,Flowing,LARGE_LEAK,501.59,397.63,49.943,39.305,30.869,22.521,14.01,5.283
597.1,Flowing,LARGE_LEAK,498.92,397.21,50.012,39.267,30.915,22.555,14.014,5.394
597.2,Flowing,LARGE_LEAK,500.66,400.57,50.033,39.186,30.813,22.434,13.969,5.237
597.3,Flowing,LARGE_LEAK,499.8,397.74,50.027,39.321,30.745,22.413,14.024,5.396
597.4,Flowing,LARGE_LEAK,499.43,397.43,49.932,39.217,30.704,22.618,13.943,5.491
597.5,Flowing,LARGE_LEAK,501.63,397.62,49.985,39.323,30.971,22.631,13.98,5.34
597.6,Flowing,LARGE_LEAK,500.89,400.3,50.002,39.216,30.869,22.504,14.051,5.306
597.7,Flowing,LARGE_LEAK,499.93,398.17,50.085,39.293,30.999,22.554,13.989,5.418
597.8,Flowing,LARGE_LEAK,502.09,397.34,50.067,39.385,31.071,22.629,13.977,5.305
597.9,Flowing,LARGE_LEAK,501.18,397.99,50.029,39.146,30.966,22.415,14.03,5.498
598.0,Flowing,LARGE_LEAK,499.03,398.94,49.384,39.296,30.815,22.362,13.931,5.391
598.1,Flowing,LARGE_LEAK,497.29,400.07,49.31,39.312,30.767,22.51,13.821,5.226
598.2,Flowing,LARGE_LEAK,500.13,399.97,48.954,39.384,30.944,22.526,13.871,5.309
598.3,Flowing,LARGE_LEAK,501.66,398.07,48.738,39.409,31.076,22.545,13.999,5.327
598.4,Flowing,LARGE_LEAK,500.73,398.36,48.558,39.232,30.863,22.469,13.891,5.344
598.5,Flowing,LARGE_LEAK,501.89,401.52,48.482,39.473,30.791,22.571,13.919,5.377
598.6,Flowing,LARGE_LEAK,499.28,400.19,48.472,39.313,30.809,22.473,13.954,5.349
598.7,Flowing,LARGE_LEAK,499.86,398.7,48.248,39.403,30.701,22.48,13.866,5.355
598.8,Flowing,LARGE_LEAK,499.89,396.25,48.323,39.187,31.088,22.516,13.971,5.225
598.9,Flowing,LARGE_LEAK,500.29,398.45,48.163,39.378,30.917,22.511,13.936,5.23
599.0,Flowing,LARGE_LEAK,500.92,397.41,47.991,39.394,30.971,22.582,13.874,5.327
599.1,Flowing,LARGE_LEAK,501.96,397.96,48.144,39.202,30.99,22.453,13.872,5.337
599.2,Flowing,LARGE_LEAK,502.21,397.84,47.908,39.148,30.906,22.543,14.037,5.389
599.3,Flowing,LARGE_LEAK,502.0,398.72,48.113,39.409,30.959,22.537,14.038,5.163
599.4,Flowing,LARGE_LEAK,500.8,399.08,47.882,39.151,30.953,22.441,14.182,5.299
599.5,Flowing,LARGE_LEAK,499.59,398.12,47.898,39.268,30.861,22.4,13.838,5.166
599.6,Flowing,LARGE_LEAK,500.27,397.47,47.907,39.266,31.055,22.4,14.058,5.466
599.7,Flowing,LARGE_LEAK,500.79,398.79,47.943,39.319,30.873,22.602,13.877,5.362
599.8,Flowing,LARGE_LEAK,500.16,398.4,47.817,39.229,30.922,22.559,13.866,5.377
599.9,Flowing,LARGE_LEAK,498.9,396.72,47.626,39.216,30.863,22.529,14.01,5.347
